graph_size,run,augmentation_ratio,requested_loose_edges,original_objective,two_phase_objective,interleaved_objective,two_phase_improvement_vs_original,interleaved_improvement_vs_original,original_runtime_ms,two_phase_runtime_ms,interleaved_runtime_ms,two_phase_runtime_ratio_vs_original,interleaved_runtime_ratio_vs_original,original_move_operations,two_phase_move_operations,interleaved_move_operations,two_phase_replication_operations,interleaved_replication_operations,two_phase_final_replica_count,interleaved_final_replica_count,original_firstfit_objective,two_phase_firstfit_objective,interleaved_firstfit_objective,original_firstfit_improvement_vs_original,two_phase_firstfit_improvement_vs_original,interleaved_firstfit_improvement_vs_original,two_phase_firstfit_improvement_vs_original_firstfit,interleaved_firstfit_improvement_vs_original_firstfit,original_firstfit_runtime_ms,two_phase_firstfit_runtime_ms,interleaved_firstfit_runtime_ms,original_firstfit_runtime_ratio_vs_original,two_phase_firstfit_runtime_ratio_vs_original,interleaved_firstfit_runtime_ratio_vs_original,two_phase_firstfit_runtime_ratio_vs_original_firstfit,interleaved_firstfit_runtime_ratio_vs_original_firstfit,original_firstfit_move_operations,two_phase_firstfit_move_operations,interleaved_firstfit_move_operations,two_phase_firstfit_replication_operations,interleaved_firstfit_replication_operations,two_phase_firstfit_final_replica_count,interleaved_firstfit_final_replica_count
10,1,0,0,232.182,232.182,232.182,0,0,2,1,2,0.5,1,4,4,4,0,0,0,0,232.182,232.182,232.182,0,0,0,0,0,1,0,1,0.5,0,0.5,0,1,4,4,4,0,0,0,0
10,2,0,0,119.384,119.384,119.384,0,0,0,1,2,0,0,4,4,4,0,0,0,0,119.384,119.384,119.384,0,0,0,0,0,0,1,2,0,0,0,0,0,4,4,4,0,0,0,0
10,3,0,0,360.376,360.376,360.376,0,0,0,1,1,0,0,3,3,3,0,0,0,0,360.376,360.376,360.376,0,0,0,0,0,0,0,0,0,0,0,0,0,3,3,3,0,0,0,0
10,4,0,0,143.077,143.077,143.077,0,0,0,0,1,0,0,2,2,2,0,0,0,0,143.077,143.077,143.077,0,0,0,0,0,0,0,0,0,0,0,0,0,2,2,2,0,0,0,0
10,5,0,0,129.555,129.555,129.555,0,0,0,3,3,0,0,5,5,5,0,0,0,0,129.555,129.555,129.555,0,0,0,0,0,0,0,1,0,0,0,0,0,5,5,5,0,0,0,0
10,6,0,0,258.108,258.108,258.108,0,0,0,0,1,0,0,1,1,1,0,0,0,0,258.108,258.108,258.108,0,0,0,0,0,0,0,1,0,0,0,0,0,1,1,1,0,0,0,0
10,7,0,0,134.673,134.673,134.673,0,0,0,2,3,0,0,4,4,4,0,0,0,0,134.673,134.673,134.673,0,0,0,0,0,0,0,0,0,0,0,0,0,4,4,4,0,0,0,0
10,8,0,0,146.537,146.537,146.537,0,0,0,1,1,0,0,3,3,3,0,0,0,0,146.537,146.537,146.537,0,0,0,0,0,0,0,0,0,0,0,0,0,3,3,3,0,0,0,0
10,9,0,0,211.698,211.698,211.698,0,0,0,3,4,0,0,6,6,6,0,0,0,0,211.698,211.698,211.698,0,0,0,0,0,0,0,0,0,0,0,0,0,4,4,4,0,0,0,0
10,10,0,0,228.424,228.424,228.424,0,0,0,1,1,0,0,2,2,2,0,0,0,0,228.424,228.424,228.424,0,0,0,0,0,0,0,0,0,0,0,0,0,2,2,2,0,0,0,0
10,1,0.05,1,276.372,233.593,233.593,0.154787,0.154787,0,2,2,0,0,1,1,1,1,1,3,3,276.372,233.593,233.593,0,0.154787,0.154787,0.154787,0.154787,0,1,1,0,0,0,0,0,1,1,1,1,1,3,1
10,2,0.05,1,332.726,332.726,332.726,0,0,0,2,1,0,0,3,3,3,0,0,0,0,332.726,332.726,332.726,0,0,0,0,0,0,0,0,0,0,0,0,0,3,3,3,0,0,0,0
10,3,0.05,1,326.621,326.621,326.621,0,0,0,2,2,0,0,3,3,3,0,0,0,0,326.621,326.621,326.621,0,0,0,0,0,2,0,1,0,0,0,0,0.5,3,3,3,0,0,0,0
10,4,0.05,1,100.321,100.321,100.321,0,0,0,1,2,0,0,6,6,6,0,0,0,0,100.321,100.321,100.321,0,0,0,0,0,0,0,0,0,0,0,0,0,6,6,6,0,0,0,0
10,5,0.05,1,82.0242,82.0242,82.0242,0,0,2,2,3,1,1.5,6,6,6,0,0,0,0,82.0242,82.0242,82.0242,0,0,0,0,0,0,0,1,0,0,0.5,0,0,6,6,6,0,0,0,0
10,6,0.05,1,263.669,263.669,263.669,0,0,0,1,4,0,0,3,3,3,0,0,0,0,263.669,263.669,263.669,0,0,0,0,0,0,1,1,0,0,0,0,0,3,3,3,0,0,0,0
10,7,0.05,1,240.331,240.331,240.331,0,0,0,2,4,0,0,5,5,5,0,0,0,0,240.331,240.331,240.331,0,0,0,0,0,0,1,3,0,0,0,0,0,5,5,5,0,0,0,0
10,8,0.05,1,144.341,144.341,144.341,0,0,0,1,2,0,0,4,4,4,0,0,0,0,144.341,144.341,144.341,0,0,0,0,0,0,0,0,0,0,0,0,0,4,4,4,0,0,0,0
10,9,0.05,1,385.457,385.457,385.457,0,0,0,1,2,0,0,3,3,3,0,0,0,0,385.457,385.457,385.457,0,0,0,0,0,0,0,1,0,0,0,0,0,3,3,3,0,0,0,0
10,10,0.05,1,227.057,227.057,227.057,0,0,1,1,2,1,2,4,4,4,0,0,0,0,230.371,230.371,230.371,-0.0145955,-0.0145955,-0.0145955,0,0,0,2,1,0,2,1,0,0,4,4,4,0,0,0,0
10,1,0.1,1,243.479,243.479,243.479,0,0,0,1,2,0,0,4,4,4,0,0,0,0,243.479,243.479,243.479,0,0,0,0,0,0,0,1,0,0,0,0,0,4,4,4,0,0,0,0
10,2,0.1,1,278.51,278.51,278.51,0,0,0,2,2,0,0,4,4,4,0,0,0,0,278.51,278.51,278.51,0,0,0,0,0,0,1,1,0,0,0,0,0,4,4,4,0,0,0,0
10,3,0.1,1,198.025,196.795,196.795,0.00621297,0.00621297,0,6,5,0,0,5,5,5,1,1,1,1,198.025,196.795,196.795,0,0.00621297,0.00621297,0.00621297,0.00621297,0,1,1,0,0,0,0,0,5,5,5,1,1,1,1
10,4,0.1,1,209.836,209.836,209.836,0,0,0,1,5,0,0,4,4,4,0,0,0,0,209.836,209.836,209.836,0,0,0,0,0,0,0,1,0,0,0,0,0,4,4,4,0,0,0,0
10,5,0.1,1,386.578,386.578,386.578,0,0,0,1,3,0,0,4,4,4,0,0,0,0,386.578,386.578,386.578,0,0,0,0,0,0,1,2,0,0,0,0,0,4,4,4,0,0,0,0
10,6,0.1,1,327.919,327.919,327.919,0,0,0,2,1,0,0,3,3,3,0,0,0,0,327.919,327.919,327.919,0,0,0,0,0,0,0,0,0,0,0,0,0,3,3,3,0,0,0,0
10,7,0.1,1,317.726,317.726,317.726,0,0,0,1,2,0,0,4,4,4,0,0,0,0,317.726,317.726,317.726,0,0,0,0,0,0,1,3,0,0,0,0,0,4,4,4,0,0,0,0
10,8,0.1,1,346.356,346.356,346.356,0,0,0,1,1,0,0,2,2,2,0,0,0,0,346.356,346.356,346.356,0,0,0,0,0,0,0,0,0,0,0,0,0,2,2,2,0,0,0,0
10,9,0.1,1,563.292,563.292,563.292,0,0,0,1,2,0,0,3,3,3,0,0,0,0,563.292,563.292,563.292,0,0,0,0,0,0,0,1,0,0,0,0,0,3,3,3,0,0,0,0
10,10,0.1,1,77.6157,77.6157,77.6157,0,0,0,3,3,0,0,6,6,6,0,0,0,0,77.6157,77.6157,77.6157,0,0,0,0,0,0,0,1,0,0,0,0,0,6,6,6,0,0,0,0
10,1,0.2,2,266.507,266.507,266.507,0,0,0,1,1,0,0,2,2,2,0,0,0,0,266.507,266.507,266.507,0,0,0,0,0,0,0,0,0,0,0,0,0,2,2,2,0,0,0,0
10,2,0.2,2,489.729,489.729,489.729,0,0,0,3,3,0,0,3,3,3,0,0,0,0,489.729,489.729,489.729,0,0,0,0,0,0,0,1,0,0,0,0,0,3,3,3,0,0,0,0
10,3,0.2,2,267.726,267.726,267.726,0,0,0,1,1,0,0,2,2,2,0,0,0,0,267.726,267.726,310.775,0,0,-0.160795,0,-0.160795,0,1,2,0,0,0,0,0,2,2,3,0,2,0,1
10,4,0.2,2,217.77,217.77,217.77,0,0,1,3,3,3,3,4,4,4,0,0,0,0,217.77,217.77,217.77,0,0,0,0,0,0,1,1,0,1,1,0,0,4,4,4,0,0,0,0
10,5,0.2,2,277.803,277.803,277.803,0,0,0,1,4,0,0,3,3,3,0,0,0,0,277.803,277.803,277.803,0,0,0,0,0,0,1,1,0,0,0,0,0,3,3,3,0,0,0,0
10,6,0.2,2,130.594,130.594,130.594,0,0,0,2,3,0,0,5,5,5,0,0,0,0,130.594,130.594,130.594,0,0,0,0,0,0,1,1,0,0,0,0,0,5,5,5,0,0,0,0
10,7,0.2,2,230.802,230.802,230.802,0,0,0,2,2,0,0,3,3,3,0,0,0,0,230.802,230.802,230.802,0,0,0,0,0,0,0,1,0,0,0,0,0,3,3,3,0,0,0,0
10,8,0.2,2,339.755,339.755,339.755,0,0,0,1,2,0,0,3,3,3,0,0,0,0,339.755,339.755,339.755,0,0,0,0,0,0,1,1,0,0,0,0,0,3,3,3,0,0,0,0
10,9,0.2,2,432.134,400.884,400.884,0.0723156,0.0723156,2,3,4,1.5,2,3,3,3,1,1,1,1,432.134,400.884,400.884,0,0.0723156,0.0723156,0.0723156,0.0723156,0,1,2,0,0.5,1,0,0,3,3,3,1,1,1,1
10,10,0.2,2,415.747,415.747,415.747,0,0,0,3,2,0,0,4,4,4,0,0,0,0,415.747,415.747,415.747,0,0,0,0,0,1,0,1,0,0,0,0,1,4,4,4,0,0,0,0
20,1,0,0,717.698,717.698,717.698,0,0,4,14,27,3.5,6.75,7,7,7,0,0,0,0,750.425,748.082,748.082,-0.0455997,-0.0423345,-0.0423345,0.00312284,0.00312284,7,13,16,1.75,3.25,4,1.85714,2.28571,13,13,11,1,3,1,2
20,2,0,0,410.84,408.496,408.496,0.00570407,0.00570407,10,27,48,2.7,4.8,10,10,10,1,1,1,1,595.187,595.187,595.187,-0.448708,-0.448708,-0.448708,0,0,3,7,10,0.3,0.7,1,2.33333,3.33333,5,5,5,0,1,0,0
20,3,0,0,458.841,458.841,458.841,0,0,5,21,34,4.2,6.8,9,9,9,0,0,0,0,458.841,458.841,458.841,0,0,0,0,0,1,5,7,0.2,1,1.4,5,7,9,9,9,0,0,0,0
20,4,0,0,844.9,844.9,844.9,0,0,5,17,30,3.4,6,9,9,9,0,0,0,0,844.9,844.9,844.9,0,0,0,0,0,1,4,6,0.2,0.8,1.2,4,6,9,9,9,0,0,0,0
20,5,0,0,394.407,394.407,394.407,0,0,5,20,37,4,7.4,12,12,12,0,0,0,0,394.407,394.407,394.407,0,0,0,0,0,1,4,6,0.2,0.8,1.2,4,6,12,12,12,0,0,0,0
20,6,0,0,385.419,382.019,362.708,0.00882076,0.0589243,6,19,36,3.16667,6,9,9,10,2,1,2,1,385.419,382.019,362.708,0,0.00882076,0.0589243,0.00882076,0.0589243,1,7,6,0.166667,1.16667,1,7,6,9,9,10,2,1,2,1
20,7,0,0,429.899,429.899,405.395,0,0.0569975,4,14,33,3.5,8.25,5,5,5,0,2,0,2,429.899,429.899,394.991,0,0,0.0811997,0,0.0811997,5,7,16,1.25,1.75,4,1.4,3.2,7,7,8,0,2,0,2
20,8,0,0,820.586,820.586,820.586,0,0,4,13,26,3.25,6.5,6,6,6,0,0,0,0,820.586,820.586,820.586,0,0,0,0,0,2,6,6,0.5,1.5,1.5,3,3,6,6,6,0,0,0,0
20,9,0,0,435.945,422.018,422.018,0.0319457,0.0319457,4,15,28,3.75,7,9,9,10,2,1,2,1,428.841,428.841,428.841,0.0162961,0.0162961,0.0162961,0,0,1,4,6,0.25,1,1.5,4,6,11,11,11,0,1,0,0
20,10,0,0,368.444,368.444,368.444,0,0,3,11,20,3.66667,6.66667,7,7,7,0,0,0,0,368.444,368.444,368.444,0,0,0,0,0,1,3,6,0.333333,1,2,3,6,7,7,7,0,0,0,0
20,1,0.05,1,592.398,586.564,586.564,0.00984843,0.00984843,3,14,23,4.66667,7.66667,8,8,8,1,1,1,1,592.398,586.564,586.564,0,0.00984843,0.00984843,0.00984843,0.00984843,0,7,5,0,2.33333,1.66667,0,0,8,8,8,1,1,1,1
20,2,0.05,1,480.866,480.866,480.866,0,0,3,13,22,4.33333,7.33333,6,6,6,0,0,0,0,480.866,480.866,480.866,0,0,0,0,0,1,4,5,0.333333,1.33333,1.66667,4,5,6,6,6,0,0,0,0
20,3,0.05,1,879.019,879.019,879.019,0,0,2,8,14,4,7,4,4,4,0,0,0,0,870.445,870.445,870.445,0.00975337,0.00975337,0.00975337,0,0,2,4,8,1,2,4,2,4,9,9,9,0,1,0,0
20,4,0.05,1,643.16,643.16,643.16,0,0,8,21,38,2.625,4.75,8,8,8,0,0,0,0,643.16,643.16,643.16,0,0,0,0,0,4,10,13,0.5,1.25,1.625,2.5,3.25,8,8,6,0,2,0,2
20,5,0.05,1,472.273,472.273,472.273,0,0,4,12,20,3,5,5,5,5,0,0,0,0,472.273,472.273,472.273,0,0,0,0,0,2,8,9,0.5,2,2.25,4,4.5,6,6,6,0,0,0,0
20,6,0.05,1,374.202,374.202,374.202,0,0,2,10,18,5,9,6,6,6,0,0,0,0,374.202,374.202,374.202,0,0,0,0,0,1,4,4,0.5,2,2,4,4,6,6,6,0,0,0,0
20,7,0.05,1,471.166,471.166,471.166,0,0,4,13,25,3.25,6.25,5,5,5,0,0,0,0,471.166,471.166,471.166,0,0,0,0,0,2,6,9,0.5,1.5,2.25,3,4.5,5,5,5,0,0,0,0
20,8,0.05,1,654.026,615.258,610.948,0.0592767,0.0658671,3,13,28,4.33333,9.33333,3,3,4,1,1,4,4,654.026,615.258,610.948,0,0.0592767,0.0658671,0.0592767,0.0658671,1,7,11,0.333333,2.33333,3.66667,7,11,3,3,4,1,1,4,4
20,9,0.05,1,682.056,682.056,682.056,0,0,3,13,22,4.33333,7.33333,8,8,8,0,0,0,0,474.645,474.645,474.645,0.304097,0.304097,0.304097,0,0,3,7,14,1,2.33333,4.66667,2.33333,4.66667,11,11,10,0,4,0,1
20,10,0.05,1,367.78,367.78,367.78,0,0,4,15,28,3.75,7,5,5,5,0,0,0,0,395.076,395.076,395.076,-0.0742174,-0.0742174,-0.0742174,0,0,2,6,8,0.5,1.5,2,3,4,7,7,7,0,0,0,0
20,1,0.1,2,524.742,524.742,524.742,0,0,4,18,29,4.5,7.25,9,9,9,0,0,0,0,524.742,524.742,524.742,0,0,0,0,0,1,6,6,0.25,1.5,1.5,6,6,9,9,9,0,0,0,0
20,2,0.1,2,668.231,668.231,668.231,0,0,4,10,19,2.5,4.75,3,3,3,0,0,0,0,668.231,668.231,668.231,0,0,0,0,0,5,7,12,1.25,1.75,3,1.4,2.4,3,3,3,0,0,0,0
20,3,0.1,2,401.223,323.238,318.035,0.194369,0.207337,3,14,33,4.66667,11,3,3,3,2,1,2,1,393.842,358.771,318.035,0.0183959,0.105807,0.207337,0.0890488,0.192482,4,11,19,1.33333,3.66667,6.33333,2.75,4.75,7,7,8,1,1,6,1
20,4,0.1,2,474.946,474.946,474.946,0,0,7,20,37,2.85714,5.28571,12,12,12,0,0,0,0,474.946,474.946,474.946,0,0,0,0,0,1,4,4,0.142857,0.571429,0.571429,4,4,12,12,12,0,0,0,0
20,5,0.1,2,466.209,466.209,466.209,0,0,2,11,19,5.5,9.5,7,7,7,0,0,0,0,466.209,466.209,466.209,0,0,0,0,0,1,4,7,0.5,2,3.5,4,7,7,7,7,0,0,0,0
20,6,0.1,2,658.498,658.498,658.498,0,0,4,16,29,4,7.25,9,9,9,0,0,0,0,658.498,658.498,658.498,0,0,0,0,0,1,4,8,0.25,1,2,4,8,9,9,10,0,1,0,0
20,7,0.1,2,693.262,691.802,700.171,0.00210627,-0.00996573,2,18,16,9,8,5,5,2,1,1,4,1,693.262,691.802,691.802,0,0.00210627,0.00210627,0.00210627,0.00210627,1,7,8,0.5,3.5,4,7,8,5,5,5,1,1,4,4
20,8,0.1,2,902.239,902.239,902.239,0,0,4,11,24,2.75,6,5,5,5,0,0,0,0,902.239,902.239,902.239,0,0,0,0,0,4,4,6,1,1,1.5,1,1.5,5,5,5,0,0,0,0
20,9,0.1,2,404.728,404.728,404.728,0,0,3,13,18,4.33333,6,4,4,4,0,0,0,0,404.728,404.728,404.728,0,0,0,0,0,2,5,8,0.666667,1.66667,2.66667,2.5,4,4,4,4,0,0,0,0
20,10,0.1,2,403.065,403.065,403.065,0,0,2,7,10,3.5,5,2,2,2,0,0,0,0,403.065,403.065,403.065,0,0,0,0,0,1,5,6,0.5,2.5,3,5,6,2,2,2,0,0,0,0
20,1,0.2,4,894.141,892.895,892.895,0.00139342,0.00139342,11,24,44,2.18182,4,11,11,10,1,1,1,1,894.141,892.895,892.895,0,0.00139342,0.00139342,0.00139342,0.00139342,2,8,7,0.181818,0.727273,0.636364,4,3.5,11,11,10,1,1,1,1
20,2,0.2,4,548.807,548.807,548.807,0,0,9,15,29,1.66667,3.22222,8,8,8,0,0,0,0,548.807,548.807,548.807,0,0,0,0,0,1,4,5,0.111111,0.444444,0.555556,4,5,8,8,8,0,0,0,0
20,3,0.2,4,525.357,525.357,525.357,0,0,5,13,24,2.6,4.8,10,10,10,0,0,0,0,525.357,525.357,525.357,0,0,0,0,0,0,3,5,0,0.6,1,0,0,10,10,10,0,0,0,0
20,4,0.2,4,574.936,574.936,574.936,0,0,3,13,23,4.33333,7.66667,11,11,11,0,0,0,0,574.936,574.936,574.936,0,0,0,0,0,0,4,4,0,1.33333,1.33333,0,0,11,11,11,0,0,0,0
20,5,0.2,4,608.458,579.551,621.296,0.0475079,-0.0211001,3,11,19,3.66667,6.33333,4,4,4,1,1,3,2,596.686,577.283,569.047,0.0193478,0.0512362,0.0647721,0.0325175,0.0463204,3,8,7,1,2.66667,2.33333,2.66667,2.33333,10,10,8,1,1,3,1
20,6,0.2,4,391.184,391.184,391.184,0,0,5,15,26,3,5.2,10,10,10,0,0,0,0,391.184,391.184,391.184,0,0,0,0,0,0,5,4,0,1,0.8,0,0,11,11,11,0,0,0,0
20,7,0.2,4,670.285,663.41,663.41,0.0102566,0.0102566,2,9,18,4.5,9,7,7,7,1,1,1,1,670.285,663.41,663.41,0,0.0102566,0.0102566,0.0102566,0.0102566,0,3,5,0,1.5,2.5,0,0,7,7,7,1,1,1,1
20,8,0.2,4,601.922,601.922,601.922,0,0,1,4,7,4,7,2,2,2,0,0,0,0,601.922,601.922,601.922,0,0,0,0,0,0,3,4,0,3,4,0,0,2,2,2,0,0,0,0
20,9,0.2,4,599.283,599.283,599.283,0,0,5,14,22,2.8,4.4,6,6,6,0,0,0,0,639.596,639.596,639.596,-0.0672699,-0.0672699,-0.0672699,0,0,3,4,6,0.6,0.8,1.2,1.33333,2,7,7,7,0,0,0,0
20,10,0.2,4,511.203,399.53,350.117,0.218451,0.315112,1,5,19,5,19,1,1,5,1,1,1,1,511.203,399.53,357.283,0,0.218451,0.301093,0.218451,0.301093,1,5,7,1,5,7,5,7,1,1,7,1,1,1,1
30,1,0,0,965.764,963.42,963.42,0.00242653,0.00242653,8,29,52,3.625,6.5,9,9,9,1,1,1,1,965.764,963.42,963.42,0,0.00242653,0.00242653,0.00242653,0.00242653,1,10,12,0.125,1.25,1.5,10,12,9,9,9,1,1,1,1
30,2,0,0,637.971,637.971,637.971,0,0,5,17,27,3.4,5.4,4,4,4,0,0,0,0,637.971,637.971,637.971,0,0,0,0,0,4,10,15,0.8,2,3,2.5,3.75,4,4,4,0,0,0,0
30,3,0,0,1000.99,1000.99,1000.99,0,0,11,29,46,2.63636,4.18182,6,6,6,0,0,0,0,1000.99,1000.99,1044.38,0,0,-0.0433467,0,-0.0433467,11,14,22,1,1.27273,2,1.27273,2,9,9,11,0,1,0,1
30,4,0,0,791.479,791.479,791.479,0,0,10,32,57,3.2,5.7,11,11,11,0,0,0,0,791.479,791.479,791.479,0,0,0,0,0,2,8,11,0.2,0.8,1.1,4,5.5,11,11,11,0,1,0,0
30,5,0,0,1019.64,1019.64,1019.64,0,0,4,20,28,5,7,6,6,6,0,0,0,0,1019.64,1019.64,1019.64,0,0,0,0,0,2,8,8,0.5,2,2,4,4,6,6,6,0,0,0,0
30,6,0,0,680.153,680.153,680.153,0,0,2,6,10,3,5,1,1,1,0,0,0,0,680.153,680.153,680.153,0,0,0,0,0,1,6,10,0.5,3,5,6,10,1,1,1,0,0,0,0
30,7,0,0,772.934,772.934,772.934,0,0,1,8,8,8,8,1,1,1,0,0,0,0,772.934,772.934,772.934,0,0,0,0,0,1,8,8,1,8,8,8,8,1,1,1,0,0,0,0
30,8,0,0,1297.65,1297.65,1297.65,0,0,9,27,46,3,5.11111,7,7,7,0,0,0,0,1297.65,1297.65,1297.65,0,0,0,0,0,2,9,12,0.222222,1,1.33333,4.5,6,7,7,7,0,0,0,0
30,9,0,0,613.293,613.293,613.293,0,0,14,32,60,2.28571,4.28571,7,7,7,0,0,0,0,629.937,629.937,629.937,-0.0271388,-0.0271388,-0.0271388,0,0,5,12,15,0.357143,0.857143,1.07143,2.4,3,7,7,8,0,0,0,0
30,10,0,0,683.628,683.628,683.628,0,0,22,50,90,2.27273,4.09091,11,11,11,0,0,0,0,683.628,683.628,683.628,0,0,0,0,0,6,14,22,0.272727,0.636364,1,2.33333,3.66667,11,11,10,0,1,0,1
30,1,0.05,2,866.138,866.138,866.138,0,0,8,23,41,2.875,5.125,7,7,7,0,0,0,0,890.429,890.429,890.429,-0.0280452,-0.0280452,-0.0280452,0,0,4,14,26,0.5,1.75,3.25,3.5,6.5,10,10,10,0,1,0,0
30,2,0.05,2,962.946,962.946,962.946,0,0,9,30,51,3.33333,5.66667,9,9,9,0,0,0,0,1033.49,1029.07,1011.05,-0.0732608,-0.0686689,-0.0499536,0.00427848,0.0217162,2,11,20,0.222222,1.22222,2.22222,5.5,10,10,10,13,1,1,2,1
30,3,0.05,2,1131.06,1124.31,1124.31,0.00596358,0.00596358,13,40,73,3.07692,5.61538,13,13,13,1,1,1,1,1135.52,1128.78,1128.78,-0.00394801,0.00201557,0.00201557,0.00594013,0.00594013,4,14,16,0.307692,1.07692,1.23077,3.5,4,13,13,13,1,1,1,1
30,4,0.05,2,1189.16,1189.16,1189.16,0,0,10,32,58,3.2,5.8,10,10,10,0,0,0,0,1189.16,1189.16,1189.16,0,0,0,0,0,2,9,14,0.2,0.9,1.4,4.5,7,10,10,10,0,0,0,0
30,5,0.05,2,1540.56,1540.56,1540.56,0,0,12,40,69,3.33333,5.75,11,11,11,0,0,0,0,1540.56,1540.56,1540.56,0,0,0,0,0,3,12,15,0.25,1,1.25,4,5,13,13,13,0,0,0,0
30,6,0.05,2,468.449,468.449,468.449,0,0,8,27,51,3.375,6.375,9,9,9,0,0,0,0,477.706,477.706,477.706,-0.0197603,-0.0197603,-0.0197603,0,0,1,9,10,0.125,1.125,1.25,9,10,9,9,9,0,0,0,0
30,7,0.05,2,1583.06,1583.06,1583.06,0,0,14,46,85,3.28571,6.07143,14,14,14,0,0,0,0,1583.06,1583.06,1583.06,0,0,0,0,0,3,9,14,0.214286,0.642857,1,3,4.66667,14,14,14,0,1,0,0
30,8,0.05,2,1064.55,1064.55,1082.38,0,-0.0167491,26,58,114,2.23077,4.38462,15,15,13,0,1,0,1,1136.66,1136.66,1154.49,-0.0677412,-0.0677412,-0.0844903,0,-0.0156865,12,16,25,0.461538,0.615385,0.961538,1.33333,2.08333,16,16,12,0,1,0,1
30,9,0.05,2,673.35,673.35,673.35,0,0,16,39,67,2.4375,4.1875,8,8,8,0,0,0,0,673.35,673.35,673.35,0,0,0,0,0,5,12,16,0.3125,0.75,1,2.4,3.2,8,8,8,0,0,0,0
30,10,0.05,2,855.86,852.46,852.46,0.00397224,0.00397224,12,40,76,3.33333,6.33333,12,12,12,1,1,1,1,855.86,852.46,852.46,0,0.00397224,0.00397224,0.00397224,0.00397224,2,13,13,0.166667,1.08333,1.08333,6.5,6.5,12,12,12,1,2,1,1
30,1,0.1,3,948.569,948.569,948.569,0,0,16,49,96,3.0625,6,18,18,18,0,0,0,0,958.987,958.987,958.987,-0.0109827,-0.0109827,-0.0109827,0,0,3,10,16,0.1875,0.625,1,3.33333,5.33333,19,19,19,0,2,0,0
30,2,0.1,3,772.45,772.45,772.45,0,0,10,29,49,2.9,4.9,8,8,8,0,0,0,0,772.45,772.45,772.45,0,0,0,0,0,2,10,13,0.2,1,1.3,5,6.5,8,8,8,0,1,0,0
30,3,0.1,3,774.644,774.644,774.644,0,0,8,27,47,3.375,5.875,8,8,8,0,0,0,0,774.644,774.644,774.644,0,0,0,0,0,2,8,11,0.25,1,1.375,4,5.5,8,8,8,0,0,0,0
30,4,0.1,3,1019.29,1019.29,1016.89,0,0.0023528,10,33,59,3.3,5.9,10,10,9,0,1,0,1,1019.29,1019.29,1019.29,0,0,0,0,0,3,10,14,0.3,1,1.4,3.33333,4.66667,10,10,10,0,1,0,0
30,5,0.1,3,594.376,594.376,594.376,0,0,13,40,74,3.07692,5.69231,13,13,13,0,0,0,0,594.376,594.376,594.376,0,0,0,0,0,2,8,11,0.153846,0.615385,0.846154,4,5.5,13,13,13,0,0,0,0
30,6,0.1,3,903.557,903.557,903.557,0,0,12,37,67,3.08333,5.58333,13,13,13,0,0,0,0,903.557,903.557,903.557,0,0,0,0,0,2,8,11,0.166667,0.666667,0.916667,4,5.5,13,13,13,0,0,0,0
30,7,0.1,3,797.95,797.95,786.367,2.84947e-16,0.0145161,9,31,61,3.44444,6.77778,6,6,7,1,1,1,1,797.95,797.95,786.367,0,2.84947e-16,0.0145161,2.84947e-16,0.0145161,5,16,24,0.555556,1.77778,2.66667,3.2,4.8,6,6,7,1,1,1,1
30,8,0.1,3,1063.76,1063.76,1063.76,0,0,11,34,65,3.09091,5.90909,11,11,11,0,0,0,0,1063.76,1063.76,1063.76,0,0,0,0,0,2,7,10,0.181818,0.636364,0.909091,3.5,5,11,11,11,0,0,0,0
30,9,0.1,3,1039.14,1039.14,1039.14,0,0,8,22,41,2.75,5.125,7,7,7,0,0,0,0,1039.14,1039.14,1039.14,0,0,0,0,0,2,7,10,0.25,0.875,1.25,3.5,5,7,7,7,0,0,0,0
30,10,0.1,3,801.289,801.289,801.289,0,0,10,31,56,3.1,5.6,11,11,11,0,0,0,0,801.289,801.289,796.579,0,0,0.00587838,0,0.00587838,2,9,14,0.2,0.9,1.4,4.5,7,11,11,12,0,2,0,1
30,1,0.2,6,827.906,825.563,816.566,0.00283058,0.0136981,20,55,108,2.75,5.4,11,11,12,2,2,4,3,827.906,825.563,816.566,0,0.00283058,0.0136981,0.00283058,0.0136981,6,17,29,0.3,0.85,1.45,2.83333,4.83333,11,11,12,2,2,4,3
30,2,0.2,6,760.962,753.738,741.999,0.00949265,0.0249191,19,55,115,2.89474,6.05263,10,10,12,2,2,2,2,760.962,753.738,753.738,0,0.00949265,0.00949265,0.00949265,0.00949265,6,19,23,0.315789,1,1.21053,3.16667,3.83333,10,10,10,2,2,2,2
30,3,0.2,6,996.65,996.65,996.65,0,0,10,34,62,3.4,6.2,12,12,12,0,0,0,0,996.65,996.65,996.65,0,0,0,0,0,4,9,16,0.4,0.9,1.6,2.25,4,12,12,12,0,0,0,0
30,4,0.2,6,1259.05,1259.05,1259.05,0,0,26,62,116,2.38462,4.46154,15,15,15,0,0,0,0,1259.05,1259.05,1259.05,0,0,0,0,0,6,13,20,0.230769,0.5,0.769231,2.16667,3.33333,15,15,15,0,1,0,0
30,5,0.2,6,1591.9,1412.07,1408.3,0.112969,0.115338,29,82,161,2.82759,5.55172,11,11,12,5,5,5,5,1591.9,1422.33,1475.63,0,0.106521,0.0730379,0.106521,0.0730379,9,25,33,0.310345,0.862069,1.13793,2.77778,3.66667,11,11,14,6,6,6,3
30,6,0.2,6,939.836,939.836,939.836,0,0,14,31,52,2.21429,3.71429,6,6,6,0,0,0,0,939.836,939.836,939.836,0,0,0,0,0,4,12,14,0.285714,0.857143,1,3,3.5,6,6,6,0,0,0,0
30,7,0.2,6,1485.89,1485.89,1485.89,0,0,13,33,58,2.53846,4.46154,7,7,7,0,0,0,0,1485.89,1485.89,1485.89,0,0,0,0,0,4,12,14,0.307692,0.923077,1.07692,3,3.5,7,7,7,0,0,0,0
30,8,0.2,6,846.903,846.903,846.903,0,0,8,25,41,3.125,5.125,7,7,7,0,0,0,0,849.774,849.774,849.774,-0.00339012,-0.00339012,-0.00339012,0,0,2,9,12,0.25,1.125,1.5,4.5,6,7,7,7,0,0,0,0
30,9,0.2,6,832.034,816.296,816.296,0.018915,0.018915,23,57,111,2.47826,4.82609,13,13,13,1,1,1,1,832.034,816.296,816.296,0,0.018915,0.018915,0.018915,0.018915,6,18,19,0.26087,0.782609,0.826087,3,3.16667,15,15,15,1,1,1,1
30,10,0.2,6,1006.91,1002.39,985.966,0.00449314,0.0208031,25,61,96,2.44,3.84,14,14,12,1,1,1,1,1006.91,1002.39,1002.39,0,0.00449314,0.00449314,0.00449314,0.00449314,5,16,18,0.2,0.64,0.72,3.2,3.6,14,14,14,1,1,1,1
40,1,0,0,870.319,870.319,870.319,0,0,12,35,56,2.91667,4.66667,5,5,5,0,0,0,0,904.831,904.831,904.831,-0.0396548,-0.0396548,-0.0396548,0,0,6,17,25,0.5,1.41667,2.08333,2.83333,4.16667,9,9,9,0,0,0,0
40,2,0,0,918.896,918.896,918.896,0,0,57,128,239,2.24561,4.19298,19,19,19,0,0,0,0,963.91,963.91,963.91,-0.0489862,-0.0489862,-0.0489862,0,0,10,20,28,0.175439,0.350877,0.491228,2,2.8,18,18,18,0,0,0,0
40,3,0,0,941.693,941.693,925.675,0,0.0170095,71,151,221,2.12676,3.11268,24,24,18,0,3,0,7,941.693,941.693,939.205,0,0,0.002642,0,0.002642,33,46,82,0.464789,0.647887,1.15493,1.39394,2.48485,28,28,24,0,4,0,3
40,4,0,0,751.764,751.731,751.731,4.44173e-05,4.44173e-05,12,38,63,3.16667,5.25,4,4,4,1,1,1,1,751.386,751.386,751.386,0.000503417,0.000503417,0.000503417,0,0,12,25,38,1,2.08333,3.16667,2.08333,3.16667,5,5,5,0,0,0,0
40,5,0,0,1151.47,1151.47,1151.47,0,0,40,96,152,2.4,3.8,15,15,13,0,1,0,2,1151.47,1151.47,1151.47,0,0,0,0,0,14,27,36,0.35,0.675,0.9,1.92857,2.57143,15,15,12,0,3,0,3
40,6,0,0,1193.3,1193.3,1193.3,0,0,45,110,205,2.44444,4.55556,17,17,17,0,0,0,0,1193.3,1193.3,1193.3,0,0,0,0,0,13,25,36,0.288889,0.555556,0.8,1.92308,2.76923,17,17,17,0,1,0,0
40,7,0,0,983.309,980.966,980.966,0.00238324,0.00238324,11,40,66,3.63636,6,4,4,4,1,1,1,1,983.309,980.966,980.966,0,0.00238324,0.00238324,0.00238324,0.00238324,7,28,30,0.636364,2.54545,2.72727,4,4.28571,4,4,4,1,1,1,1
40,8,0,0,1122.36,1122.36,1122.36,0,0,45,100,189,2.22222,4.2,16,16,16,0,0,0,0,1401.43,1401.43,1401.43,-0.248644,-0.248644,-0.248644,0,0,10,25,37,0.222222,0.555556,0.822222,2.5,3.7,10,10,10,0,0,0,0
40,9,0,0,1113.22,1113.22,1113.22,0,0,56,133,244,2.375,4.35714,18,18,18,0,0,0,0,1113.22,1113.22,1113.22,0,0,0,0,0,9,24,30,0.160714,0.428571,0.535714,2.66667,3.33333,18,18,18,0,0,0,0
40,10,0,0,728.109,728.109,728.109,0,0,59,141,198,2.38983,3.35593,22,22,19,0,1,0,3,772.113,772.113,854.204,-0.060436,-0.060436,-0.173181,0,-0.106319,23,41,51,0.389831,0.694915,0.864407,1.78261,2.21739,21,21,16,0,4,0,1
40,1,0.05,2,678.191,678.191,678.191,0,0,28,87,162,3.10714,5.78571,14,14,14,0,0,0,0,665.412,665.412,665.412,0.0188439,0.0188439,0.0188439,0,0,5,24,61,0.178571,0.857143,2.17857,4.8,12.2,16,16,16,0,1,0,0
40,2,0.05,2,1154.04,1130.77,812.443,0.020161,0.295999,112,250,1197,2.23214,10.6875,9,9,23,3,2,5,1,1204.17,1179.39,1106.94,-0.0434385,-0.0219711,0.0408069,0.0205737,0.0807382,64,88,93,0.571429,0.785714,0.830357,1.375,1.45312,15,15,18,2,3,2,2
40,3,0.05,2,965.159,965.159,965.159,0,0,118,126,269,1.0678,2.27966,11,11,11,0,0,0,0,965.159,965.159,965.159,0,0,0,0,0,37,80,76,0.313559,0.677966,0.644068,2.16216,2.05405,11,11,11,0,0,0,0
40,4,0.05,2,1248.36,1248.36,1248.36,0,0,82,136,314,1.65854,3.82927,10,10,10,0,0,0,0,1248.36,1248.36,1248.36,0,0,0,0,0,25,60,57,0.304878,0.731707,0.695122,2.4,2.28,10,10,10,0,0,0,0
40,5,0.05,2,1064.5,1062.03,1062.03,0.00232502,0.00232502,31,164,234,5.29032,7.54839,13,13,13,1,1,1,1,1064.5,1062.03,1062.03,0,0.00232502,0.00232502,0.00232502,0.00232502,6,41,29,0.193548,1.32258,0.935484,6.83333,4.83333,13,13,13,1,1,1,1
40,6,0.05,2,914.146,911.803,911.803,0.00256355,0.00256355,41,108,214,2.63415,5.21951,10,10,10,1,1,1,1,914.146,911.803,911.803,0,0.00256355,0.00256355,0.00256355,0.00256355,16,50,32,0.390244,1.21951,0.780488,3.125,2,10,10,10,1,1,1,1
40,7,0.05,2,1134.18,1134.18,1134.18,0,0,47,98,204,2.08511,4.34043,11,11,11,0,0,0,0,1134.18,1134.18,1134.18,0,0,0,0,0,22,20,37,0.468085,0.425532,0.787234,0.909091,1.68182,11,11,10,0,2,0,1
40,8,0.05,2,1169.5,1169.5,1169.5,0,0,66,118,209,1.78788,3.16667,17,17,17,0,0,0,0,1169.5,1169.5,1169.5,0,0,0,0,0,13,20,21,0.19697,0.30303,0.318182,1.53846,1.61538,17,17,17,0,0,0,0
40,9,0.05,2,684.015,676.985,659.529,0.0102781,0.0357976,14,76,109,5.42857,7.78571,8,8,10,3,1,3,1,684.015,676.985,659.529,0,0.0102781,0.0357976,0.0102781,0.0357976,3,31,67,0.214286,2.21429,4.78571,10.3333,22.3333,8,8,10,3,3,3,1
40,10,0.05,2,877.643,877.62,877.549,2.59348e-05,0.000106936,40,108,144,2.7,3.6,10,10,9,1,1,1,1,877.643,877.62,877.549,0,2.59348e-05,0.000106936,2.59348e-05,0.000106936,10,25,34,0.25,0.625,0.85,2.5,3.4,10,10,11,1,1,1,1
40,1,0.1,4,1256.71,1256.71,1256.71,0,0,56,118,171,2.10714,3.05357,16,16,15,0,1,0,3,1256.71,1256.71,1256.71,0,0,0,0,0,14,18,36,0.25,0.321429,0.642857,1.28571,2.57143,16,16,15,0,1,0,3
40,2,0.1,4,929.731,929.731,929.731,0,0,66,136,241,2.06061,3.65152,13,13,13,0,0,0,0,957.661,957.661,930.706,-0.0300408,-0.0300408,-0.00104828,0,0.0281469,16,31,44,0.242424,0.469697,0.666667,1.9375,2.75,14,14,16,0,2,0,0
40,3,0.1,4,1164.26,1164.26,1164.26,0,0,44,102,124,2.31818,2.81818,8,8,8,0,0,0,0,1164.26,1164.26,1164.26,0,0,0,0,0,13,28,31,0.295455,0.636364,0.704545,2.15385,2.38462,8,8,8,0,0,0,0
40,4,0.1,4,1122.03,1122.03,1122.03,0,0,66,141,255,2.13636,3.86364,13,13,13,0,0,0,0,1060.62,1060.62,1060.62,0.0547319,0.0547319,0.0547319,0,0,30,41,41,0.454545,0.621212,0.621212,1.36667,1.36667,14,14,14,0,0,0,0
40,5,0.1,4,1186.83,1120.44,1120.57,0.0559383,0.0558306,37,117,184,3.16216,4.97297,10,10,10,2,1,2,1,1194.62,1194.62,1194.62,-0.00656427,-0.00656427,-0.00656427,0,0,8,30,34,0.216216,0.810811,0.918919,3.75,4.25,7,7,7,0,0,0,0
40,6,0.1,4,725.333,725.333,725.333,0,0,38,52,116,1.36842,3.05263,8,8,8,0,0,0,0,725.333,725.333,725.333,0,0,0,0,0,9,28,17,0.236842,0.736842,0.447368,3.11111,1.88889,8,8,8,0,0,0,0
40,7,0.1,4,1074.55,1074.55,1074.55,0,0,23,63,114,2.73913,4.95652,6,6,6,0,0,0,0,1074.55,1074.55,1074.55,0,0,0,0,0,8,37,44,0.347826,1.6087,1.91304,4.625,5.5,6,6,6,0,0,0,0
40,8,0.1,4,1551.16,1551.16,1551.16,0,0,43,120,168,2.7907,3.90698,11,11,11,0,0,0,0,1551.16,1551.16,1551.16,0,0,0,0,0,22,18,25,0.511628,0.418605,0.581395,0.818182,1.13636,11,11,11,0,1,0,0
40,9,0.1,4,1091.78,1091.78,1091.78,0,0,24,87,146,3.625,6.08333,13,13,13,0,0,0,0,1091.78,1091.78,1134.42,0,0,-0.0390592,0,-0.0390592,21,22,62,0.875,0.916667,2.58333,1.04762,2.95238,13,13,12,0,2,0,2
40,10,0.1,4,1714.76,1681.63,1731.12,0.0193221,-0.00953744,73,133,214,1.82192,2.93151,16,16,13,2,1,2,7,1714.76,1681.63,1672.09,0,0.0193221,0.0248833,0.0193221,0.0248833,8,46,59,0.109589,0.630137,0.808219,5.75,7.375,16,16,17,2,1,2,1
40,1,0.2,8,1386.34,1345.12,1344.05,0.0297308,0.0305009,34,89,100,2.61765,2.94118,8,8,7,2,1,2,1,1386.34,1345.12,1344.09,0,0.0297308,0.0304762,0.0297308,0.0304762,10,34,39,0.294118,1,1.14706,3.4,3.9,8,8,9,2,1,2,1
40,2,0.2,8,1635.55,1607.59,1607.59,0.0170939,0.0170939,57,136,187,2.38596,3.2807,12,12,12,1,1,1,1,1665.55,1635.25,1635.25,-0.0183478,0.00017888,0.00017888,0.0181929,0.0181929,13,23,29,0.22807,0.403509,0.508772,1.76923,2.23077,12,12,12,1,1,1,1
40,3,0.2,8,1298.54,1298.54,1298.54,0,0,12,42,56,3.5,4.66667,7,7,7,0,0,0,0,1298.54,1298.54,1298.54,0,0,0,0,0,18,13,46,1.5,1.08333,3.83333,0.722222,2.55556,7,7,7,0,0,0,0
40,4,0.2,8,1267.42,1265.08,1255.54,0.001849,0.00937299,20,58,109,2.9,5.45,9,9,10,1,1,2,1,1267.42,1265.08,1255.54,0,0.001849,0.00937299,0.001849,0.00937299,12,18,32,0.6,0.9,1.6,1.5,2.66667,9,9,10,1,1,2,1
40,5,0.2,8,1609.25,1546.75,1546.75,0.0388381,0.0388381,32,108,129,3.375,4.03125,6,6,5,1,1,1,1,1709.97,1678.72,1546.75,-0.0625913,-0.0431722,0.0388381,0.0182752,0.0954547,30,48,50,0.9375,1.5,1.5625,1.6,1.66667,6,6,5,1,1,1,1
40,6,0.2,8,1742.26,1741.21,1741.21,0.000599709,0.000599709,86,144,262,1.67442,3.04651,16,16,16,1,1,1,1,1867.14,1867.14,1867.14,-0.071677,-0.071677,-0.071677,0,0,16,39,49,0.186047,0.453488,0.569767,2.4375,3.0625,14,14,14,0,0,0,0
40,7,0.2,8,1141.5,1141.5,1141.5,0,0,56,126,345,2.25,6.16071,17,17,17,0,0,0,0,1141.5,1141.5,1141.5,0,0,0,0,0,12,33,41,0.214286,0.589286,0.732143,2.75,3.41667,17,17,17,0,0,0,0
40,8,0.2,8,1699.22,1699.22,1699.22,0,0,19,93,128,4.89474,6.73684,12,12,12,0,0,0,0,1699.22,1699.22,1699.22,0,0,0,0,0,10,15,21,0.526316,0.789474,1.10526,1.5,2.1,12,12,12,0,1,0,0
40,9,0.2,8,1665.86,1663.52,1625.85,0.00140676,0.0240194,113,181,334,1.60177,2.95575,16,16,13,1,2,1,2,1665.86,1663.52,1663.52,0,0.00140676,0.00140676,0.00140676,0.00140676,19,63,47,0.168142,0.557522,0.415929,3.31579,2.47368,16,16,16,1,2,1,1
40,10,0.2,8,1525.4,1523.05,1523.05,0.00153629,0.00153629,53,94,164,1.77358,3.09434,11,11,11,1,1,1,1,1525.4,1523.05,1523.05,0,0.00153629,0.00153629,0.00153629,0.00153629,10,25,41,0.188679,0.471698,0.773585,2.5,4.1,11,11,11,1,1,1,1
50,1,0,0,2004.25,2004.25,2004.25,0,0,55,159,298,2.89091,5.41818,11,11,11,0,0,0,0,2004.25,2004.25,2004.25,0,0,0,0,0,17,44,26,0.309091,0.8,0.472727,2.58824,1.52941,11,11,11,0,0,0,0
50,2,0,0,1278.66,1278.66,1278.66,0,0,48,166,291,3.45833,6.0625,11,11,11,0,0,0,0,1229.24,1229.24,1244.63,0.0386498,0.0386498,0.0266175,0,-0.0125161,49,55,85,1.02083,1.14583,1.77083,1.12245,1.73469,16,16,17,0,0,0,0
50,3,0,0,1602.43,1576.87,1483.98,0.0159509,0.0739164,170,282,437,1.65882,2.57059,15,15,10,2,2,2,4,1599.17,1592.4,1592.4,0.0020316,0.00626056,0.00626056,0.00423757,0.00423757,45,110,98,0.264706,0.647059,0.576471,2.44444,2.17778,16,16,16,1,1,1,1
50,4,0,0,1251.97,1251.97,1251.97,0,0,14,35,32,2.5,2.28571,2,2,2,0,0,0,0,1239.45,1239.45,1239.45,0.00999991,0.00999991,0.00999991,1.83447e-16,1.83447e-16,32,39,78,2.28571,2.78571,5.57143,1.21875,2.4375,13,13,13,1,1,1,1
50,5,0,0,1336.03,1336.03,1336.03,0,0,159,286,598,1.79874,3.76101,22,22,22,0,0,0,0,1379.26,1379.26,1379.26,-0.0323538,-0.0323538,-0.0323538,0,0,16,36,45,0.100629,0.226415,0.283019,2.25,2.8125,21,21,21,0,0,0,0
50,6,0,0,1559.23,1527.98,1527.98,0.0200419,0.0200419,159,276,489,1.73585,3.07547,14,14,14,1,1,1,1,1559.23,1527.98,1527.98,0,0.0200419,0.0200419,0.0200419,0.0200419,25,57,57,0.157233,0.358491,0.358491,2.28,2.28,14,14,14,1,1,1,1
50,7,0,0,1343.66,1337.61,1331.05,0.0045031,0.00938358,172,343,660,1.99419,3.83721,17,17,18,2,1,2,1,1396.74,1390.69,1388.15,-0.0395051,-0.035002,-0.0331084,0.00433197,0.00615353,33,92,75,0.19186,0.534884,0.436047,2.78788,2.27273,17,17,18,2,1,2,1
50,8,0,0,1369.99,1369.99,1369.99,0,0,171,219,535,1.2807,3.12865,20,20,20,0,0,0,0,1360.78,1360.78,1360.78,0.00671747,0.00671747,0.00671747,0,0,29,63,57,0.169591,0.368421,0.333333,2.17241,1.96552,21,21,21,0,0,0,0
50,9,0,0,1497.22,1497.22,1497.22,0,0,104,191,342,1.83654,3.28846,16,16,16,0,0,0,0,1501.75,1501.75,1501.75,-0.00302684,-0.00302684,-0.00302684,0,0,28,76,46,0.269231,0.730769,0.442308,2.71429,1.64286,18,18,16,0,1,0,2
50,10,0,0,1251.87,1251.87,1251.87,0,0,25,115,196,4.6,7.84,9,9,9,0,0,0,0,1251.87,1251.87,1251.87,0,0,0,0,0,6,41,52,0.24,1.64,2.08,6.83333,8.66667,9,9,9,0,0,0,0
50,1,0.05,3,1180.87,1180.87,1180.87,0,0,44,85,208,1.93182,4.72727,9,9,9,0,0,0,0,1180.87,1180.87,1180.87,0,0,0,0,0,21,59,65,0.477273,1.34091,1.47727,2.80952,3.09524,9,9,8,0,1,0,1
50,2,0.05,3,1562.44,1528.84,1490.27,0.0215007,0.0461906,97,155,389,1.59794,4.01031,10,10,15,2,2,5,5,1570.57,1563.54,1512.59,-0.00520542,-0.0007058,0.0319046,0.00447632,0.0369178,22,53,125,0.226804,0.546392,1.28866,2.40909,5.68182,11,11,18,2,3,5,8
50,3,0.05,3,2185.15,2185.15,2185.15,0,0,195,293,738,1.50256,3.78462,23,23,23,0,0,0,0,2229.83,2229.83,2229.83,-0.0204453,-0.0204453,-0.0204453,0,0,58,59,104,0.297436,0.302564,0.533333,1.01724,1.7931,28,28,28,0,1,0,0
50,4,0.05,3,1498.95,1496.6,1496.6,0.0015634,0.0015634,129,185,450,1.43411,3.48837,21,21,21,1,1,1,1,1498.95,1496.6,1496.6,0,0.0015634,0.0015634,0.0015634,0.0015634,9,57,42,0.0697674,0.44186,0.325581,6.33333,4.66667,21,21,21,1,2,1,1
50,5,0.05,3,1317.92,1317.92,1317.92,0,0,79,165,290,2.08861,3.67089,17,17,17,0,0,0,0,1429.29,1429.29,1429.29,-0.0845019,-0.0845019,-0.0845019,0,0,27,41,53,0.341772,0.518987,0.670886,1.51852,1.96296,12,12,12,0,0,0,0
50,6,0.05,3,2746.22,2743.88,2722.33,0.000853338,0.0087011,195,444,600,2.27692,3.07692,19,19,20,1,1,1,1,2746.22,2743.88,2722.33,0,0.000853338,0.0087011,0.000853338,0.0087011,17,112,111,0.0871795,0.574359,0.569231,6.58824,6.52941,19,19,20,1,1,1,1
50,7,0.05,3,1033.1,1033.1,1033.1,0,0,114,156,234,1.36842,2.05263,9,9,9,0,0,0,0,1099.31,1099.31,1148.64,-0.0640972,-0.0640972,-0.111843,0,-0.0448697,77,78,83,0.675439,0.684211,0.72807,1.01299,1.07792,15,15,13,0,3,0,3
50,8,0.05,3,2044.41,2044.41,2044.41,0,0,148,232,474,1.56757,3.2027,12,12,12,0,0,0,0,2092.28,2080.38,2085.19,-0.023413,-0.0175936,-0.0199453,0.00568626,0.00338844,31,100,99,0.209459,0.675676,0.668919,3.22581,3.19355,13,13,15,1,1,1,0
50,9,0.05,3,2376.72,2374.38,2351.54,0.000986004,0.0105974,25,85,186,3.4,7.44,11,11,14,1,1,1,1,2376.72,2374.38,2351.54,0,0.000986004,0.0105974,0.000986004,0.0105974,7,27,49,0.28,1.08,1.96,3.85714,7,11,11,14,1,2,1,1
50,10,0.05,3,1266.2,1226.93,1226.93,0.0310157,0.0310157,77,208,647,2.7013,8.4026,18,18,19,3,2,4,3,1287.52,1270.98,1270.98,-0.0168378,-0.0037717,-0.0037717,0.0128497,0.0128497,17,42,49,0.220779,0.545455,0.636364,2.47059,2.88235,21,21,21,1,1,1,1
50,1,0.1,5,1726.72,1724.37,1724.37,0.00135718,0.00135718,46,134,230,2.91304,5,13,13,12,1,1,1,1,1726.72,1724.37,1724.37,0,0.00135718,0.00135718,0.00135718,0.00135718,22,64,73,0.478261,1.3913,1.58696,2.90909,3.31818,13,13,12,1,1,1,1
50,2,0.1,5,1549.74,1532.26,1485.88,0.0112812,0.0412042,92,191,425,2.07609,4.61957,16,16,17,1,3,1,2,1564.44,1542.27,1542.27,-0.00948215,0.00482338,0.00482338,0.0141712,0.0141712,18,50,66,0.195652,0.543478,0.717391,2.77778,3.66667,15,15,15,3,4,3,3
50,3,0.1,5,1811.42,1811.42,1811.42,0,0,53,108,193,2.03774,3.64151,9,9,9,0,0,0,0,1782.03,1782.03,1809.44,0.0162222,0.0162222,0.00109026,0,-0.0153815,33,46,60,0.622642,0.867925,1.13208,1.39394,1.81818,15,15,14,0,2,0,1
50,4,0.1,5,1364.03,1361.68,1361.68,0.00171804,0.00171804,89,201,612,2.25843,6.8764,18,18,18,1,1,1,1,1375.75,1373.41,1373.41,-0.00859592,-0.00687787,-0.00687787,0.0017034,0.0017034,22,47,56,0.247191,0.52809,0.629213,2.13636,2.54545,17,17,17,1,1,1,1
50,5,0.1,5,1909.15,1908.39,1908.39,0.000397951,0.000397951,89,186,356,2.08989,4,21,21,20,1,1,1,2,1934.41,1933.65,1933.65,-0.0132301,-0.0128322,-0.0128322,0.000392755,0.000392755,25,44,46,0.280899,0.494382,0.516854,1.76,1.84,20,20,19,1,1,1,2
50,6,0.1,5,1469.15,1469.15,1469.15,0,0,69,212,665,3.07246,9.63768,24,24,24,0,0,0,0,1461.07,1456.38,1456.38,0.00550161,0.00869182,0.00869182,0.00320786,0.00320786,7,64,62,0.101449,0.927536,0.898551,9.14286,8.85714,25,25,25,3,4,3,3
50,7,0.1,5,1510.38,1510.38,1510.38,0,0,147,247,415,1.68027,2.82313,17,17,17,0,0,0,0,1509.46,1509.46,1509.46,0.000606961,0.000606961,0.000606961,0,0,22,41,59,0.14966,0.278912,0.401361,1.86364,2.68182,19,19,19,0,0,0,0
50,8,0.1,5,1261.96,1149.43,1203.21,0.0891742,0.0465588,148,311,431,2.10135,2.91216,23,23,21,2,2,4,6,1261.96,1149.43,1240.28,0,0.0891742,0.0171836,0.0891742,0.0171836,37,145,85,0.25,0.97973,0.574324,3.91892,2.2973,25,25,24,2,4,4,5
50,9,0.1,5,1470.28,1470.28,1470.28,0,0,50,149,394,2.98,7.88,18,18,18,0,0,0,0,1470.28,1470.28,1470.28,0,0,0,0,0,6,27,31,0.12,0.54,0.62,4.5,5.16667,18,18,18,0,0,0,0
50,10,0.1,5,1943.95,1911.02,1911.02,0.0169361,0.0169361,53,131,246,2.4717,4.64151,16,16,16,1,1,1,1,1943.95,1906.34,1895.24,0,0.0193472,0.025055,0.0193472,0.025055,20,53,77,0.377358,1,1.45283,2.65,3.85,16,16,17,2,2,2,2
50,1,0.2,10,1746.48,1746.48,1746.48,0,0,75,118,207,1.57333,2.76,16,16,16,0,0,0,0,1746.48,1746.48,1746.48,0,0,0,0,0,13,20,26,0.173333,0.266667,0.346667,1.53846,2,16,16,16,0,0,0,0
50,2,0.2,10,1583.67,1574.9,1574.9,0.00553674,0.00553674,187,331,792,1.77005,4.23529,23,23,23,1,1,1,1,1583.67,1574.9,1574.9,0,0.00553674,0.00553674,0.00553674,0.00553674,58,51,47,0.31016,0.272727,0.251337,0.87931,0.810345,23,23,23,1,1,1,1
50,3,0.2,10,2163.46,2163.46,2163.46,0,0,79,175,307,2.21519,3.88608,16,16,16,0,0,0,0,2163.46,2163.46,2163.46,0,0,0,0,0,23,44,79,0.291139,0.556962,1,1.91304,3.43478,16,16,16,0,4,0,5
50,4,0.2,10,1592.04,1592.04,1592.04,0,0,42,101,209,2.40476,4.97619,10,10,10,0,0,0,0,1592.04,1592.04,1592.04,0,0,0,0,0,22,41,121,0.52381,0.97619,2.88095,1.86364,5.5,10,10,10,0,0,0,0
50,5,0.2,10,2252.96,2248.27,2248.27,0.00208034,0.00208034,86,145,291,1.68605,3.38372,17,17,17,2,2,2,2,2252.96,2248.27,2248.27,0,0.00208034,0.00208034,0.00208034,0.00208034,13,33,34,0.151163,0.383721,0.395349,2.53846,2.61538,17,17,17,2,2,2,2
50,6,0.2,10,1436.98,1375.36,1375.36,0.0428851,0.0428851,33,121,226,3.66667,6.84848,13,13,13,3,3,3,3,1460.9,1404.97,1404.97,-0.0166457,0.022277,0.022277,0.0382854,0.0382854,5,30,33,0.151515,0.909091,1,6,6.6,13,13,15,2,3,2,2
50,7,0.2,10,1644.23,1616.86,1616.86,0.0166459,0.0166459,86,200,344,2.32558,4,13,13,12,3,2,4,3,1674.76,1622.2,1622.2,-0.0185695,0.0133997,0.0133997,0.0313864,0.0313864,35,74,133,0.406977,0.860465,1.54651,2.11429,3.8,18,18,18,2,2,3,3
50,8,0.2,10,2148.27,2128.17,2122.6,0.00935604,0.0119518,115,120,265,1.04348,2.30435,9,9,10,1,1,3,3,2148.27,2128.17,2122.6,0,0.00935604,0.0119518,0.00935604,0.0119518,34,57,70,0.295652,0.495652,0.608696,1.67647,2.05882,11,11,14,1,3,3,2
50,9,0.2,10,1338.41,1316.33,1302.84,0.0164939,0.0265708,99,236,278,2.38384,2.80808,17,17,11,2,1,2,1,1445.26,1401.54,1401.54,-0.0798364,-0.0471738,-0.0471738,0.0302477,0.0302477,28,54,67,0.282828,0.545455,0.676768,1.92857,2.39286,12,12,12,2,2,2,2
50,10,0.2,10,1310.74,1295.42,1243.07,0.0116926,0.051628,48,125,189,2.60417,3.9375,8,8,8,3,2,3,3,1345.5,1345.5,1345.5,-0.026521,-0.026521,-0.026521,0,0,13,32,36,0.270833,0.666667,0.75,2.46154,2.76923,5,5,5,0,0,0,0
60,1,0,0,974.892,970.205,970.205,0.00480762,0.00480762,76,222,427,2.92105,5.61842,19,19,19,1,1,2,2,977.354,972.667,972.667,-0.00252518,0.00228244,0.00228244,0.00479551,0.00479551,11,47,46,0.144737,0.618421,0.605263,4.27273,4.18182,19,19,19,1,1,2,1
60,2,0,0,1324.19,1324.19,1324.19,0,0,107,210,514,1.96262,4.80374,12,12,12,0,0,0,0,1347.93,1347.93,1347.93,-0.0179248,-0.0179248,-0.0179248,0,0,18,50,60,0.168224,0.46729,0.560748,2.77778,3.33333,13,13,13,0,0,0,0
60,3,0,0,1585.11,1582.76,1582.76,0.00147842,0.00147842,146,326,571,2.23288,3.91096,18,18,18,1,1,1,1,1600.15,1586.49,1580.7,-0.00948976,-0.000873028,0.00277888,0.00853573,0.0121533,22,76,71,0.150685,0.520548,0.486301,3.45455,3.22727,15,15,17,1,3,1,2
60,4,0,0,1777.24,1777.24,1755.73,0,0.0121012,125,268,927,2.144,7.416,21,21,19,0,1,0,5,1786.3,1786.3,1765.48,-0.00509998,-0.00509998,0.00661691,0,0.0116574,32,90,88,0.256,0.72,0.704,2.8125,2.75,22,22,20,0,3,0,5
60,5,0,0,1376.37,1376.37,1376.37,0,0,82,192,596,2.34146,7.26829,11,11,11,0,0,0,0,1376.37,1376.37,1376.37,0,0,0,0,0,24,58,74,0.292683,0.707317,0.902439,2.41667,3.08333,11,11,11,0,0,0,0
60,6,0,0,2088.39,2058.23,2111.94,0.0144416,-0.0112794,115,304,501,2.64348,4.35652,19,19,16,2,1,2,1,2092.11,1952.89,2111.94,-0.00178219,0.0648805,-0.0112794,0.0665441,-0.00948029,35,100,91,0.304348,0.869565,0.791304,2.85714,2.6,19,19,16,1,2,2,1
60,7,0,0,1204.48,1202.13,1202.13,0.00194563,0.00194563,236,372,1235,1.57627,5.23305,24,24,24,1,1,1,1,1342.55,1340.2,1340.2,-0.114633,-0.112687,-0.112687,0.00174553,0.00174553,47,166,117,0.199153,0.70339,0.495763,3.53191,2.48936,23,23,23,1,1,1,1
60,8,0,0,1316.43,1314.09,1314.09,0.00178016,0.00178016,153,450,962,2.94118,6.28758,16,16,16,1,1,1,1,1316.43,1314.09,1314.09,0,0.00178016,0.00178016,0.00178016,0.00178016,29,133,120,0.189542,0.869281,0.784314,4.58621,4.13793,16,16,16,1,1,1,1
60,9,0,0,1307.08,1307.08,1307.08,0,0,270,301,453,1.11481,1.67778,21,21,21,0,0,0,0,1307.08,1307.08,1307.08,0,0,0,0,0,80,48,83,0.296296,0.177778,0.307407,0.6,1.0375,21,21,21,0,1,0,0
60,10,0,0,2339.28,2315.41,2315.41,0.0102036,0.0102036,202,303,731,1.5,3.61881,15,15,15,1,1,1,1,2335.49,2335.49,2335.49,0.00161931,0.00161931,0.00161931,0,0,67,79,124,0.331683,0.391089,0.613861,1.1791,1.85075,18,18,18,0,0,0,0
60,1,0.05,3,2007.94,1977.74,1977.74,0.0150393,0.0150393,65,166,283,2.55385,4.35385,9,9,9,1,1,1,1,2177.5,2177.5,2177.5,-0.0844457,-0.0844457,-0.0844457,0,0,29,95,118,0.446154,1.46154,1.81538,3.27586,4.06897,14,14,14,0,0,0,0
60,2,0.05,3,1693.38,1662.13,1662.13,0.0184542,0.0184542,212,234,793,1.10377,3.74057,14,14,14,1,1,1,1,1693.38,1662.13,1662.13,0,0.0184542,0.0184542,0.0184542,0.0184542,43,109,135,0.20283,0.514151,0.636792,2.53488,3.13953,14,14,14,1,1,1,1
60,3,0.05,3,2039.48,2039.48,2039.48,0,0,107,301,794,2.81308,7.42056,11,11,11,0,0,0,0,2039.48,2039.48,2039.48,0,0,0,0,0,31,110,173,0.28972,1.02804,1.61682,3.54839,5.58065,11,11,11,0,0,0,0
60,4,0.05,3,2421.72,2417.76,2401.99,0.00163835,0.0081482,409,651,661,1.59169,1.61614,17,17,14,1,1,1,1,2421.72,2417.76,2417.19,0,0.00163835,0.0018742,0.00163835,0.0018742,112,98,93,0.273839,0.239609,0.227384,0.875,0.830357,17,17,16,1,2,1,2
60,5,0.05,3,1364.32,1364.32,1364.32,0,0,68,193,546,2.83824,8.02941,6,6,6,0,0,0,0,1376.97,1376.97,1376.97,-0.00927465,-0.00927465,-0.00927465,0,0,33,125,114,0.485294,1.83824,1.67647,3.78788,3.45455,10,10,10,0,0,0,0
60,6,0.05,3,1783.29,1783.29,1754.31,0,0.0162495,185,242,438,1.30811,2.36757,17,17,11,0,1,0,1,1780.47,1771.7,1769.92,0.00158171,0.00649816,0.00749861,0.00492424,0.00592627,55,103,84,0.297297,0.556757,0.454054,1.87273,1.52727,17,17,18,1,1,1,1
60,7,0.05,3,1398.6,1398.6,1398.6,0,0,135,214,595,1.58519,4.40741,13,13,13,0,0,0,0,1504.94,1504.94,1504.94,-0.0760298,-0.0760298,-0.0760298,0,0,33,75,83,0.244444,0.555556,0.614815,2.27273,2.51515,15,15,15,0,0,0,0
60,8,0.05,3,1952.47,1952.47,1952.47,0,0,258,348,900,1.34884,3.48837,27,27,27,0,0,0,0,1952.47,1952.47,1952.47,0,0,0,0,0,39,79,112,0.151163,0.306202,0.434109,2.02564,2.87179,27,27,27,0,0,0,0
60,9,0.05,3,1555.52,1555.52,1752.83,0,-0.126843,486,637,1131,1.3107,2.32716,32,32,24,0,1,0,1,1728.75,1728.75,1728.75,-0.111364,-0.111364,-0.111364,0,0,137,171,202,0.281893,0.351852,0.415638,1.24818,1.47445,30,30,29,0,3,0,2
60,10,0.05,3,2348.63,2348.63,2348.63,0,0,82,106,187,1.29268,2.28049,5,5,5,0,0,0,0,2348.63,2348.63,2348.63,0,0,0,0,0,35,90,87,0.426829,1.09756,1.06098,2.57143,2.48571,5,5,5,0,0,0,0
60,1,0.1,6,1679.44,1677.1,1677.1,0.00139538,0.00139538,194,395,946,2.03608,4.87629,21,21,21,1,1,1,1,1712.75,1712.75,1742.19,-0.0198316,-0.0198316,-0.0373611,0,-0.0171886,165,134,164,0.850515,0.690722,0.845361,0.812121,0.993939,26,26,24,0,2,0,1
60,2,0.1,6,1745.85,1714.6,1659.39,0.0178996,0.0495201,128,414,1494,3.23438,11.6719,10,10,13,1,1,2,4,1745.85,1714.6,1698.33,0,0.0178996,0.0272194,0.0178996,0.0272194,20,183,268,0.15625,1.42969,2.09375,9.15,13.4,10,10,13,1,1,2,1
60,3,0.1,6,1983.86,1983.86,1983.86,0,0,288,451,944,1.56597,3.27778,14,14,14,0,0,0,0,1983.86,1983.86,1983.86,0,0,0,0,0,53,133,150,0.184028,0.461806,0.520833,2.50943,2.83019,14,14,14,0,0,0,0
60,4,0.1,6,1653.27,1653.27,1653.27,0,0,277,538,998,1.94224,3.60289,17,17,17,0,0,0,0,1774.21,1774.21,1774.21,-0.0731529,-0.0731529,-0.0731529,0,0,42,94,86,0.151625,0.33935,0.310469,2.2381,2.04762,17,17,17,0,0,0,0
60,5,0.1,6,1823.98,1823.98,1823.98,0,0,336,523,1136,1.55655,3.38095,19,19,19,0,0,0,0,1881.5,1881.5,1881.5,-0.0315346,-0.0315346,-0.0315346,0,0,126,128,179,0.375,0.380952,0.532738,1.01587,1.42063,19,19,19,0,0,0,0
60,6,0.1,6,1586.97,1586.97,1748.44,0,-0.101752,511,855,1745,1.67319,3.41487,27,27,25,0,2,0,2,1781.01,1781.01,1781.01,-0.122273,-0.122273,-0.122273,0,0,103,155,251,0.201566,0.303327,0.491194,1.50485,2.43689,26,26,26,0,1,0,0
60,7,0.1,6,1853.74,1853.74,1853.74,0,0,125,329,543,2.632,4.344,14,14,14,0,0,0,0,1927.36,1927.36,1927.36,-0.0397116,-0.0397116,-0.0397116,0,0,47,78,90,0.376,0.624,0.72,1.65957,1.91489,17,17,17,0,0,0,0
60,8,0.1,6,1770.18,1753.07,1753.07,0.00966871,0.00966871,90,188,482,2.08889,5.35556,9,9,9,1,1,1,1,1770.18,1753.07,1753.07,0,0.00966871,0.00966871,0.00966871,0.00966871,42,136,117,0.466667,1.51111,1.3,3.2381,2.78571,9,9,10,1,1,1,1
60,9,0.1,6,1986.2,1986.2,1972.64,0,0.00682225,271,552,932,2.0369,3.43911,18,18,16,0,1,0,1,1907.54,1907.54,1921.7,0.0395993,0.0395993,0.0324714,0,-0.00742178,220,178,231,0.811808,0.656827,0.852399,0.809091,1.05,24,24,20,0,2,0,1
60,10,0.1,6,1435.53,1435.53,1435.53,0,0,391,610,1265,1.5601,3.23529,18,18,18,0,1,0,0,1471.82,1471.82,1414.83,-0.0252844,-0.0252844,0.0144169,0,0.0387222,217,108,200,0.554987,0.276215,0.511509,0.497696,0.921659,23,23,24,0,8,0,6
60,1,0.2,12,2334.18,2334.18,2334.18,0,0,119,237,533,1.9916,4.47899,18,18,18,0,0,0,0,2301.88,2301.88,2301.88,0.0138369,0.0138369,0.0138369,0,0,50,65,73,0.420168,0.546218,0.613445,1.3,1.46,17,17,16,0,1,0,1
60,2,0.2,12,2658.96,2631.69,2638.72,0.0102539,0.0076115,304,508,1260,1.67105,4.14474,22,22,22,1,1,1,1,2658.96,2631.69,2631.69,0,0.0102539,0.0102539,0.0102539,0.0102539,31,115,100,0.101974,0.378289,0.328947,3.70968,3.22581,22,22,22,1,1,1,1
60,3,0.2,12,2661.17,2656.93,2615.46,0.00159088,0.0171755,155,306,1306,1.97419,8.42581,19,19,23,2,3,2,3,2647.93,2636.27,2615.46,0.00497429,0.0093553,0.0171755,0.00440291,0.0122622,39,145,238,0.251613,0.935484,1.53548,3.71795,6.10256,21,21,24,2,5,2,3
60,4,0.2,12,2837.45,2832.77,2815.23,0.0016518,0.00783229,244,327,1048,1.34016,4.29508,17,17,19,2,1,2,1,2938.79,2858.11,2851.99,-0.0357125,-0.00727919,-0.00512408,0.0274529,0.0295337,78,172,227,0.319672,0.704918,0.930328,2.20513,2.91026,17,17,18,4,5,4,4
60,5,0.2,12,1888.39,1856.53,1840.82,0.0168733,0.0251899,168,340,565,2.02381,3.3631,7,7,7,1,1,1,1,1969.04,1966.7,1966.7,-0.0427107,-0.0414697,-0.0414697,0.00119015,0.00119015,99,184,184,0.589286,1.09524,1.09524,1.85859,1.85859,9,9,9,1,1,1,1
60,6,0.2,12,1673.6,1642.35,1623.09,0.0186723,0.0301806,166,362,981,2.18072,5.90964,12,12,13,1,2,1,2,1714.97,1683.72,1664.46,-0.0247197,-0.00604741,0.00546092,0.0182218,0.0294526,54,135,229,0.325301,0.813253,1.37952,2.5,4.24074,12,12,13,1,2,1,2
60,7,0.2,12,1959.3,1903.77,1824.85,0.0283389,0.0686208,264,369,673,1.39773,2.54924,12,12,13,4,5,4,5,1959.3,1903.77,1824.85,0,0.0283389,0.0686208,0.0283389,0.0686208,68,90,111,0.257576,0.340909,0.420455,1.32353,1.63235,15,15,20,4,6,4,5
60,8,0.2,12,2563.83,2561.49,2561.49,0.000914046,0.000914046,222,378,808,1.7027,3.63964,19,19,19,1,1,1,1,2563.83,2561.49,2561.49,0,0.000914046,0.000914046,0.000914046,0.000914046,62,94,132,0.279279,0.423423,0.594595,1.51613,2.12903,23,23,23,1,1,1,1
60,9,0.2,12,1974.36,1974.36,1974.36,0,0,159,295,654,1.85535,4.11321,10,10,10,0,0,0,0,1974.36,1974.36,1974.36,0,0,0,0,0,39,93,73,0.245283,0.584906,0.459119,2.38462,1.87179,10,10,10,0,0,0,0
60,10,0.2,12,2083.3,2069.91,2064.46,0.00642572,0.0090421,120,180,504,1.5,4.2,11,11,12,1,1,1,1,2076.99,2076.99,2076.99,0.00302973,0.00302973,0.00302973,0,0,78,58,86,0.65,0.483333,0.716667,0.74359,1.10256,14,14,14,0,0,0,0
70,1,0,0,1445.56,1382.27,1374.08,0.0437844,0.0494502,430,972,2416,2.26047,5.6186,34,34,35,2,2,2,2,1445.56,1382.27,1446.44,0,0.0437844,-0.000608977,0.0437844,-0.000608977,111,221,214,0.25814,0.513953,0.497674,1.99099,1.92793,34,34,28,2,3,2,2
70,2,0,0,2516.24,2513.9,2353.38,0.000931333,0.0647253,185,270,601,1.45946,3.24865,14,14,13,1,1,1,1,2516.24,2513.9,2505.09,0,0.000931333,0.00443218,0.000931333,0.00443218,79,120,152,0.427027,0.648649,0.821622,1.51899,1.92405,14,14,15,1,1,1,1
70,3,0,0,2278.71,2278.71,2278.71,0,0,96,165,235,1.71875,2.44792,7,7,7,0,0,0,0,2318.02,2318.02,2323.53,-0.0172538,-0.0172538,-0.0196725,0,-0.00237771,44,63,79,0.458333,0.65625,0.822917,1.43182,1.79545,12,12,12,0,1,0,0
70,4,0,0,1661.59,1661.59,1661.59,0,0,155,284,555,1.83226,3.58065,19,19,19,0,0,0,0,1733.23,1733.23,1733.23,-0.0431149,-0.0431149,-0.0431149,0,0,22,50,58,0.141935,0.322581,0.374194,2.27273,2.63636,17,17,17,0,0,0,0
70,5,0,0,1800.46,1800.46,1800.46,0,0,63,166,299,2.63492,4.74603,8,8,8,0,0,0,0,1800.46,1800.46,1800.46,0,0,0,0,0,18,50,77,0.285714,0.793651,1.22222,2.77778,4.27778,8,8,8,0,0,0,0
70,6,0,0,2070.99,2070.99,2070.99,0,0,221,413,1250,1.86878,5.65611,21,21,21,0,0,0,0,2070.99,2070.99,2070.57,0,0,0.000203332,0,0.000203332,68,185,214,0.307692,0.837104,0.968326,2.72059,3.14706,22,22,20,0,5,0,3
70,7,0,0,1907.18,1902.67,1902.67,0.00236622,0.00236622,318,564,1539,1.77358,4.83962,21,21,21,1,1,1,1,1907.18,1902.67,1911.82,0,0.00236622,-0.0024297,0.00236622,-0.0024297,94,160,176,0.295597,0.503145,0.553459,1.70213,1.87234,21,21,18,1,2,1,2
70,8,0,0,1436.84,1436.84,1436.84,0,0,77,147,293,1.90909,3.80519,5,5,5,0,0,0,0,1436.84,1436.84,1436.84,0,0,0,0,0,61,105,135,0.792208,1.36364,1.75325,1.72131,2.21311,5,5,7,0,0,0,0
70,9,0,0,1945.94,1928.65,1729.55,0.00888413,0.111202,161,353,1238,2.19255,7.68944,8,8,15,3,4,6,4,1864.14,1860.25,1796.98,0.0420336,0.0440368,0.0765513,0.00209118,0.0360323,172,164,174,1.06832,1.01863,1.08075,0.953488,1.01163,17,17,16,2,4,2,3
70,10,0,0,1912.98,1912.98,1912.98,0,0,49,130,344,2.65306,7.02041,9,9,9,0,0,0,0,1930.38,1930.38,1930.38,-0.00909271,-0.00909271,-0.00909271,0,0,18,99,100,0.367347,2.02041,2.04082,5.5,5.55556,13,13,13,0,0,0,0
70,1,0.05,4,1908.16,1903.47,1903.47,0.00245625,0.00245625,303,793,1208,2.61716,3.9868,27,27,27,1,1,1,1,1901.08,1887.28,1883.51,0.00371099,0.0109408,0.0129173,0.00725672,0.00924061,61,109,178,0.20132,0.359736,0.587459,1.78689,2.91803,30,30,32,1,2,1,1
70,2,0.05,4,1562.45,1531.2,1531.2,0.0200007,0.0200007,353,743,1028,2.10482,2.91218,29,29,29,1,1,3,3,1554.19,1554.19,1619.44,0.00528549,0.00528549,-0.0364773,0,-0.0419847,123,129,160,0.348442,0.365439,0.453258,1.04878,1.30081,29,29,27,0,3,0,5
70,3,0.05,4,1595.71,1593.37,1593.37,0.00146859,0.00146859,233,392,682,1.6824,2.92704,18,18,18,1,1,1,1,1595.71,1593.37,1593.37,0,0.00146859,0.00146859,0.00146859,0.00146859,65,86,90,0.27897,0.369099,0.386266,1.32308,1.38462,18,18,18,1,2,1,1
70,4,0.05,4,1429.52,1429.52,1429.52,3.18112e-16,3.18112e-16,188,485,1147,2.57979,6.10106,14,14,14,1,1,1,1,1438.78,1438.78,1410.19,-0.00647918,-0.00647918,0.0135224,3.16064e-16,0.0198729,62,169,294,0.329787,0.898936,1.56383,2.72581,4.74194,16,16,18,1,3,1,1
70,5,0.05,4,1548.73,1526.76,1526.76,0.014185,0.014185,148,261,542,1.76351,3.66216,17,17,17,1,1,1,1,1548.73,1526.76,1526.76,0,0.014185,0.014185,0.014185,0.014185,9,54,51,0.0608108,0.364865,0.344595,6,5.66667,17,17,17,1,1,1,1
70,6,0.05,4,2032.68,2030.34,2030.34,0.00115289,0.00115289,76,220,376,2.89474,4.94737,9,9,9,1,1,1,1,2020.47,2020.47,2017.01,0.00600583,0.00600583,0.00771023,0,0.0017147,48,83,123,0.631579,1.09211,1.61842,1.72917,2.5625,15,15,15,0,2,0,1
70,7,0.05,4,2539.12,2539.12,2539.12,0,0,248,406,854,1.6371,3.44355,26,26,26,0,0,0,0,2539.12,2539.12,2539.12,0,0,0,0,0,39,55,81,0.157258,0.221774,0.326613,1.41026,2.07692,26,26,25,0,2,0,1
70,8,0.05,4,1719.85,1719.85,1719.85,0,0,156,320,717,2.05128,4.59615,15,15,15,0,0,0,0,1719.85,1719.85,1719.85,0,0,0,0,0,42,77,101,0.269231,0.49359,0.647436,1.83333,2.40476,15,15,15,0,0,0,0
70,9,0.05,4,1864.37,1864.37,1864.37,0,0,111,228,614,2.05405,5.53153,11,11,11,0,0,0,0,1864.37,1864.37,1864.37,0,0,0,0,0,45,155,131,0.405405,1.3964,1.18018,3.44444,2.91111,13,13,13,0,0,0,0
70,10,0.05,4,2532.72,2532.72,2532.72,0,0,481,670,1255,1.39293,2.60915,23,23,23,0,0,0,0,2493.6,2493.6,2493.6,0.0154489,0.0154489,0.0154489,0,0,43,127,123,0.0893971,0.264033,0.255717,2.95349,2.86047,23,23,23,0,0,0,0
70,1,0.1,7,1947.43,1912.75,1823.55,0.01781,0.063612,130,396,887,3.04615,6.82308,11,11,12,3,2,3,2,1947.43,1912.75,1823.55,0,0.01781,0.063612,0.01781,0.063612,41,134,268,0.315385,1.03077,2.06154,3.26829,6.53659,11,11,12,3,3,3,2
70,2,0.1,7,2012.56,2012.56,2012.56,0,0,183,330,649,1.80328,3.54645,12,12,12,0,0,0,0,2012.56,2012.56,2012.56,0,0,0,0,0,60,102,95,0.327869,0.557377,0.519126,1.7,1.58333,12,12,12,0,0,0,0
70,3,0.1,7,2016.69,2016.69,2025.58,0,-0.00440784,209,324,497,1.55024,2.37799,17,17,14,0,3,0,3,2016.69,2016.69,2016.69,0,0,0,0,0,89,71,86,0.425837,0.339713,0.411483,0.797753,0.966292,17,17,17,0,0,0,0
70,4,0.1,7,2808.65,2772.52,2725.29,0.0128615,0.0296797,118,445,784,3.77119,6.64407,18,18,13,2,3,2,3,2808.65,2772.52,2772.52,0,0.0128615,0.0128615,0.0128615,0.0128615,41,133,112,0.347458,1.12712,0.949153,3.2439,2.73171,18,18,17,2,2,2,2
70,5,0.1,7,2912.07,2909.19,2909.19,0.000989759,0.000989759,86,187,407,2.17442,4.73256,8,8,8,1,1,1,1,2912.07,2909.19,2909.19,0,0.000989759,0.000989759,0.000989759,0.000989759,27,103,83,0.313953,1.19767,0.965116,3.81481,3.07407,9,9,9,1,1,1,1
70,6,0.1,7,1907.29,1907.29,1907.29,0,0,338,485,1200,1.43491,3.5503,17,17,17,0,0,0,0,1903.21,1903.21,1903.21,0.00213849,0.00213849,0.00213849,0,0,52,164,143,0.153846,0.485207,0.423077,3.15385,2.75,19,19,18,0,1,0,2
70,7,0.1,7,2966.27,2960.89,2960.45,0.00181447,0.00196159,423,642,1278,1.51773,3.02128,24,24,25,1,1,1,1,2912.69,2907.31,2906.87,0.0180627,0.0198772,0.0200243,0.00184784,0.00199767,117,104,163,0.276596,0.245863,0.385343,0.888889,1.39316,33,33,34,1,2,1,1
70,8,0.1,7,1918.75,1915.71,1902.4,0.00158435,0.00851991,242,400,1064,1.65289,4.39669,12,12,13,2,1,2,1,1950.98,1947.94,1934.63,-0.0167979,-0.0152135,-0.00827794,0.00155818,0.00837916,109,214,247,0.450413,0.884298,1.02066,1.9633,2.26606,15,15,16,2,1,2,1
70,9,0.1,7,1382.73,1382.73,1382.73,0,0,440,683,1602,1.55227,3.64091,29,29,29,0,0,0,0,1382.73,1382.73,1382.73,0,0,0,0,0,45,123,115,0.102273,0.279545,0.261364,2.73333,2.55556,29,29,29,0,0,0,0
70,10,0.1,7,1823.7,1819.01,1819.01,0.00257,0.00257,378,752,1599,1.98942,4.23016,24,24,24,1,1,2,2,1821.4,1816.71,1816.71,0.00126276,0.00383277,0.00383277,0.00257325,0.00257325,83,193,211,0.219577,0.510582,0.558201,2.3253,2.54217,26,26,26,1,2,2,2
70,1,0.2,14,2633.08,2601.83,2573.06,0.0118682,0.0227952,129,373,1008,2.89147,7.81395,22,22,23,1,2,4,8,2634.37,2588.73,2559.96,-0.0004886,0.0168441,0.0277711,0.0173242,0.0282459,21,118,150,0.162791,0.914729,1.16279,5.61905,7.14286,21,21,22,2,3,5,6
70,2,0.2,14,1658.61,1643.84,1610.87,0.00890318,0.028782,277,694,1570,2.50542,5.66787,26,26,29,5,4,6,4,1658.61,1643.84,1610.87,0,0.00890318,0.028782,0.00890318,0.028782,41,113,134,0.148014,0.407942,0.483755,2.7561,3.26829,26,26,29,5,4,6,4
70,3,0.2,14,3175.36,3174.26,3174.26,0.000343385,0.000343385,206,441,631,2.14078,3.06311,22,22,22,1,1,1,1,3401.75,3401.75,3401.75,-0.071299,-0.071299,-0.071299,0,0,41,71,81,0.199029,0.34466,0.393204,1.73171,1.97561,19,19,19,0,0,0,0
70,4,0.2,14,2158.24,2157.67,2157.67,0.000264722,0.000264722,148,377,861,2.5473,5.81757,20,20,20,1,1,1,1,2158.24,2157.67,2157.67,0,0.000264722,0.000264722,0.000264722,0.000264722,19,112,73,0.128378,0.756757,0.493243,5.89474,3.84211,20,20,20,1,1,1,1
70,5,0.2,14,1476.36,1460.72,1451.18,0.0105932,0.0170524,186,518,1466,2.78495,7.88172,19,19,20,4,4,5,4,1483.31,1467.67,1534.06,-0.00471003,0.00588319,-0.0390806,0.0105436,-0.0342095,61,190,250,0.327957,1.02151,1.34409,3.11475,4.09836,22,22,18,4,7,5,6
70,6,0.2,14,1906.56,1906.56,1906.56,0,0,148,374,1113,2.52703,7.52027,26,26,26,0,0,0,0,2029.48,2024.79,2024.79,-0.0644702,-0.0620119,-0.0620119,0.00230942,0.00230942,58,168,187,0.391892,1.13514,1.26351,2.89655,3.22414,32,32,32,1,1,1,1
70,7,0.2,14,2479.83,2479.83,2507.93,0,-0.0113326,261,586,739,2.24521,2.83142,14,14,12,0,2,0,5,2522.29,2519.95,2519.95,-0.017123,-0.016178,-0.016178,0.000929099,0.000929099,236,176,305,0.904215,0.67433,1.16858,0.745763,1.29237,17,17,16,1,3,2,3
70,8,0.2,14,2466.02,2466.02,2404.53,0,0.0249351,811,1032,2679,1.2725,3.30333,28,28,27,0,1,0,3,2448.14,2448.14,2448.14,0.00724953,0.00724953,0.00724953,0,0,174,170,382,0.21455,0.209618,0.471023,0.977011,2.1954,31,31,31,0,0,0,0
70,9,0.2,14,2267.64,2244.62,2244.62,0.0101513,0.0101513,334,691,1578,2.06886,4.72455,24,24,24,2,2,2,2,2293.94,2272,2272,-0.0115979,-0.00192373,-0.00192373,0.00956326,0.00956326,14,134,69,0.0419162,0.401198,0.206587,9.57143,4.92857,28,28,28,2,3,2,2
70,10,0.2,14,2123.45,2121.1,2108.13,0.00110361,0.00721377,500,731,1667,1.462,3.334,29,29,29,1,1,1,1,2147.27,2144.92,2144.92,-0.0112169,-0.0101133,-0.0101133,0.00109137,0.00109137,48,175,179,0.096,0.35,0.358,3.64583,3.72917,29,29,29,1,1,1,1
80,1,0,0,1992.02,1992.02,1992.02,0,0,161,367,611,2.2795,3.79503,11,11,11,0,0,0,0,1994.86,1994.86,1994.86,-0.00142325,-0.00142325,-0.00142325,0,0,90,75,156,0.559006,0.465839,0.968944,0.833333,1.73333,11,11,11,0,0,0,0
80,2,0,0,1829.49,1829.49,1829.49,0,0,103,244,511,2.36893,4.96117,7,7,7,0,0,0,0,1688.08,1688.08,1809.03,0.0772949,0.0772949,0.0111805,0,-0.0716528,192,259,325,1.86408,2.51456,3.15534,1.34896,1.69271,26,26,20,0,3,0,1
80,3,0,0,2289.74,2285.05,2263.27,0.00204692,0.0115591,285,293,755,1.02807,2.64912,19,19,19,1,1,1,1,2289.74,2285.05,2275.06,0,0.00204692,0.00641175,0.00204692,0.00641175,98,142,146,0.34386,0.498246,0.512281,1.44898,1.4898,22,22,23,1,1,1,1
80,4,0,0,1951.11,1951.11,1951.11,0,0,531,684,2018,1.28814,3.80038,19,19,19,0,0,0,0,1967.85,1967.85,1987.08,-0.00857999,-0.00857999,-0.018432,0,-0.00976823,135,269,236,0.254237,0.506591,0.444444,1.99259,1.74815,23,23,18,0,1,0,1
80,5,0,0,2619.01,2609.63,2609.63,0.00358249,0.00358249,90,229,449,2.54444,4.98889,7,7,7,1,1,1,1,2576.6,2566.58,2564.44,0.016194,0.0200213,0.0208365,0.00389028,0.00471897,28,121,120,0.311111,1.34444,1.33333,4.32143,4.28571,16,16,18,1,1,1,1
80,6,0,0,2508.57,2508.57,2508.57,0,0,209,407,943,1.94737,4.51196,14,14,14,0,0,0,0,2501.24,2501.24,2541.04,0.00292137,0.00292137,-0.0129442,0,-0.0159121,156,146,220,0.746411,0.698565,1.05263,0.935897,1.41026,16,16,15,0,2,0,2
80,7,0,0,2602,2602,2602,0,0,626,983,2430,1.57029,3.88179,32,32,32,0,0,0,0,2634.66,2634.66,2634.66,-0.0125547,-0.0125547,-0.0125547,0,0,72,136,154,0.115016,0.217252,0.246006,1.88889,2.13889,32,32,32,0,0,0,0
80,8,0,0,2707.49,2707.49,2707.49,0,0,275,477,997,1.73455,3.62545,10,10,10,0,0,0,0,2707.49,2707.49,2707.49,0,0,0,0,0,133,100,172,0.483636,0.363636,0.625455,0.75188,1.29323,10,10,10,0,0,0,0
80,9,0,0,2201.45,2201.45,2201.45,0,0,219,505,942,2.30594,4.30137,22,22,22,0,0,0,0,2415.68,2415.68,2415.68,-0.0973132,-0.0973132,-0.0973132,0,0,37,56,73,0.16895,0.255708,0.333333,1.51351,1.97297,11,11,11,0,0,0,0
80,10,0,0,2263.17,2254.47,2254.47,0.00384084,0.00384084,136,473,1454,3.47794,10.6912,22,22,22,3,3,3,3,2269.64,2260.95,2260.95,-0.00286086,0.000979973,0.000979973,0.00382988,0.00382988,29,150,147,0.213235,1.10294,1.08088,5.17241,5.06897,22,22,22,3,3,3,3
80,1,0.05,4,2475.19,2472.85,2472.85,0.000946778,0.000946778,249,660,859,2.6506,3.4498,20,20,20,1,1,1,1,2659.34,2659.34,2659.34,-0.0743979,-0.0743979,-0.0743979,0,0,112,148,148,0.449799,0.594378,0.594378,1.32143,1.32143,23,23,23,0,0,0,0
80,2,0.05,4,1818.19,1818.19,1818.19,0,0,518,849,2297,1.639,4.43436,40,40,40,0,0,0,0,1875.6,1875.6,1875.6,-0.0315774,-0.0315774,-0.0315774,0,0,118,170,148,0.227799,0.328185,0.285714,1.44068,1.25424,37,37,36,0,2,0,1
80,3,0.05,4,2228.62,2228.62,2228.62,0,0,256,585,1218,2.28516,4.75781,22,22,22,0,0,0,0,2321.46,2321.46,2321.46,-0.041655,-0.041655,-0.041655,0,0,28,150,126,0.109375,0.585938,0.492188,5.35714,4.5,23,23,23,0,0,0,0
80,4,0.05,4,2010.07,1998.14,1977.37,0.00593665,0.0162701,871,1767,3083,2.0287,3.53961,33,33,30,1,2,1,3,2010.07,1998.14,1969.1,0,0.00593665,0.0203845,0.00593665,0.0203845,172,273,366,0.197474,0.313433,0.420207,1.58721,2.12791,33,33,31,1,7,1,7
80,5,0.05,4,3406.36,3398.93,3398.93,0.00218158,0.00218158,411,607,1520,1.47689,3.6983,21,21,21,1,1,1,1,3366.19,3349.37,3352.71,0.0117929,0.0167301,0.0157513,0.00499615,0.00400566,129,238,352,0.313869,0.579075,0.856448,1.84496,2.72868,28,28,28,4,8,4,7
80,6,0.05,4,3473.78,3459.46,3406.85,0.00412174,0.0192673,640,1188,2245,1.85625,3.50781,21,21,21,2,2,2,3,3473.78,3459.46,3387.85,0,0.00412174,0.0247356,0.00412174,0.0247356,170,379,668,0.265625,0.592187,1.04375,2.22941,3.92941,22,22,26,2,5,2,2
80,7,0.05,4,2433.57,2432.52,2432.52,0.000434023,0.000434023,608,841,2276,1.38322,3.74342,18,18,18,1,1,1,1,2431.98,2430.92,2430.92,0.000656057,0.00109008,0.00109008,0.000434308,0.000434308,115,327,314,0.189145,0.537829,0.516447,2.84348,2.73043,20,20,20,1,1,1,1
80,8,0.05,4,2302.7,2302.25,2302.25,0.000195749,0.000195749,1055,1442,2715,1.36682,2.57346,24,24,24,1,1,1,1,2335.28,2334.83,2334.83,-0.014148,-0.0139522,-0.0139522,0.000193018,0.000193018,184,242,297,0.174408,0.229384,0.281517,1.31522,1.61413,24,24,24,1,2,1,1
80,9,0.05,4,2802.38,2802.38,2802.38,0,0,320,437,1082,1.36563,3.38125,13,13,13,0,0,0,0,2802.38,2802.38,2802.38,0,0,0,0,0,70,159,142,0.21875,0.496875,0.44375,2.27143,2.02857,13,13,13,0,0,0,0
80,10,0.05,4,2138,2114.63,2135.21,0.0109291,0.00130196,614,1313,2376,2.13844,3.86971,23,23,19,4,5,4,5,1997.97,1986.39,1981.6,0.0654965,0.0709117,0.0731526,0.00579477,0.00819267,196,233,293,0.319218,0.379479,0.477199,1.18878,1.4949,23,23,22,1,9,1,7
80,1,0.1,8,2672.38,2672.38,2672.38,0,0,292,523,1425,1.7911,4.88014,17,17,17,0,0,0,0,2672.38,2672.38,2659.75,0,0,0.00472654,0,0.00472654,132,169,534,0.452055,0.578767,1.82877,1.2803,4.04545,21,21,24,0,1,0,0
80,2,0.1,8,2443.42,2439.92,2439.92,0.00143328,0.00143328,296,467,1430,1.5777,4.83108,13,13,13,1,1,1,1,2542.78,2526.72,2450.24,-0.0406614,-0.0340905,-0.0027909,0.00631413,0.0363908,98,441,729,0.331081,1.48986,2.46284,4.5,7.43878,16,16,23,2,3,6,1
80,3,0.1,8,2165.07,2157.59,2137.11,0.00345359,0.0129133,1096,2040,4109,1.86131,3.74909,24,24,24,2,2,2,2,2274.95,2269.82,2252.45,-0.0507516,-0.0483804,-0.0403563,0.00225667,0.00989321,184,393,557,0.167883,0.358577,0.508212,2.13587,3.02717,24,24,26,2,3,2,3
80,4,0.1,8,2369.99,2367.65,2367.65,0.000988805,0.000988805,532,1066,2134,2.00376,4.01128,16,16,16,1,1,1,1,2369.99,2367.65,2367.65,0,0.000988805,0.000988805,0.000988805,0.000988805,109,286,335,0.204887,0.537594,0.629699,2.62385,3.07339,16,16,16,1,1,1,1
80,5,0.1,8,2679.55,2673.83,2657.23,0.00213483,0.00832992,1506,2855,6081,1.89575,4.03785,23,23,26,2,1,2,1,2729.7,2723.98,2707.38,-0.0187133,-0.0165784,-0.0103833,0.00209561,0.0081769,159,483,581,0.105578,0.320717,0.38579,3.03774,3.65409,20,20,23,2,2,2,1
80,6,0.1,8,1665.85,1664.8,1500.56,0.000627217,0.0992189,1233,2412,6474,1.9562,5.25061,21,21,25,1,5,1,4,1845.86,1844.82,1842.12,-0.108064,-0.107437,-0.10582,0.000566048,0.00202551,159,410,443,0.128954,0.332522,0.359286,2.57862,2.78616,20,20,21,1,2,1,1
80,7,0.1,8,2715.3,2708.6,2690.87,0.00246948,0.00899788,1099,2679,4477,2.43767,4.0737,30,30,30,2,1,2,1,2715.3,2708.6,2692.38,0,0.00246948,0.00844088,0.00246948,0.00844088,195,546,596,0.177434,0.496815,0.542311,2.8,3.05641,30,30,34,2,2,2,2
80,8,0.1,8,2229.58,2229.58,2229.58,0,0,823,1745,3357,2.12029,4.07898,16,16,16,0,0,0,0,2229.58,2229.58,2229.58,0,0,0,0,0,263,468,589,0.319563,0.568651,0.715674,1.77947,2.23954,16,16,16,0,0,0,0
80,9,0.1,8,2449.19,2398.99,2355.15,0.0204964,0.0383973,1117,1964,4076,1.75828,3.64906,17,17,18,1,1,1,1,2486.65,2436.45,2445.45,-0.0152957,0.00520074,0.00152718,0.0201877,0.0165694,286,463,620,0.256043,0.414503,0.555058,1.61888,2.16783,23,23,22,1,2,1,2
80,10,0.1,8,2460.86,2458.52,2422.79,0.00095229,0.0154718,612,1299,1932,2.12255,3.15686,10,10,8,1,1,1,1,2460.86,2458.52,2422.79,0,0.00095229,0.0154718,0.00095229,0.0154718,291,489,475,0.47549,0.79902,0.776144,1.68041,1.6323,13,13,11,1,1,1,1
80,1,0.2,16,2318.4,2267.59,2243,0.0219154,0.0325242,1526,2715,5667,1.77916,3.71363,22,22,22,1,1,1,1,2436.8,2324.65,2309.19,-0.0510697,-0.00269452,0.00397506,0.0460247,0.0523702,230,554,883,0.150721,0.363041,0.578637,2.4087,3.83913,25,25,26,2,4,2,1
80,2,0.2,16,3567.69,3564.31,3564.31,0.00094653,0.00094653,1456,2798,1627,1.9217,1.11745,25,25,25,1,1,1,1,3767.15,3680.65,3678.31,-0.0559083,-0.0316632,-0.0310064,0.0229614,0.0235834,398,131,197,0.273352,0.0899725,0.135302,0.329146,0.494975,26,26,25,2,5,2,4
80,3,0.2,16,2494.81,2492.47,2492.47,0.000939333,0.000939333,177,468,1301,2.64407,7.35028,21,21,21,1,1,1,1,2494.81,2492.47,2492.47,0,0.000939333,0.000939333,0.000939333,0.000939333,30,431,458,0.169492,2.43503,2.58757,14.3667,15.2667,21,21,21,1,1,1,1
80,4,0.2,16,2474.45,2472.1,2472.1,0.000947063,0.000947063,1336,2022,3939,1.51347,2.94835,17,17,17,1,1,1,1,2406.7,2406.7,2406.7,0.0273768,0.0273768,0.0273768,0,0,764,627,1116,0.571856,0.469311,0.835329,0.820681,1.46073,27,27,26,0,1,0,1
80,5,0.2,16,2238.87,2222.46,2214.54,0.00732701,0.0108644,842,2325,4451,2.76128,5.28622,23,23,24,5,4,7,6,2238.87,2222.46,2214.54,0,0.00732701,0.0108644,0.00732701,0.0108644,108,509,750,0.128266,0.604513,0.890736,4.71296,6.94444,23,23,24,5,4,5,4
80,6,0.2,16,2953.59,2951.25,2950.64,0.000793427,0.000998423,1175,2322,4404,1.97617,3.74809,23,23,22,1,2,1,2,2953.59,2951.25,2951.25,0,0.000793427,0.000793427,0.000793427,0.000793427,189,374,432,0.160851,0.318298,0.36766,1.97884,2.28571,23,23,23,1,1,1,1
80,7,0.2,16,1845.42,1807,1808.9,0.0208149,0.0197874,1320,3294,6457,2.49545,4.89167,28,28,30,5,4,5,3,1845.42,1807,1761.11,0,0.0208149,0.0456862,0.0208149,0.0456862,296,527,886,0.224242,0.399242,0.671212,1.78041,2.99324,29,29,34,5,5,5,3
80,8,0.2,16,2748.03,2739.23,2725.65,0.00320183,0.00814431,1523,3215,6541,2.11097,4.29481,21,21,23,3,3,4,3,2748.03,2739.23,2727.95,0,0.00320183,0.0073081,0.00320183,0.0073081,199,514,625,0.130663,0.337492,0.410374,2.58291,3.1407,21,21,23,3,3,4,3
80,9,0.2,16,2519.83,2473.43,2464.78,0.0184121,0.0218451,1135,2049,4490,1.80529,3.95595,20,20,21,2,2,2,2,2535.31,2504.06,2504.06,-0.00614203,0.0062596,0.0062596,0.0123259,0.0123259,497,747,1048,0.437885,0.65815,0.923348,1.50302,2.10865,25,25,25,1,3,1,1
80,10,0.2,16,2799.38,2744.25,2727.1,0.0196916,0.0258183,1292,2579,5541,1.99613,4.2887,19,19,22,2,3,2,3,2799.38,2744.25,2735.72,0,0.0196916,0.0227393,0.0196916,0.0227393,168,413,550,0.130031,0.319659,0.425697,2.45833,3.27381,19,19,21,2,4,2,3
90,1,0,0,3387.03,3387.03,3387.03,0,0,1375,2699,4896,1.96291,3.56073,26,26,26,0,0,0,0,3483.16,3483.16,3483.16,-0.0283837,-0.0283837,-0.0283837,0,0,172,341,494,0.125091,0.248,0.359273,1.98256,2.87209,25,25,25,0,0,0,0
90,2,0,0,2583.54,2583.54,2583.54,0,0,844,1562,2222,1.85071,2.6327,17,17,17,0,0,0,0,2593.52,2593.52,2593.52,-0.00386257,-0.00386257,-0.00386257,0,0,194,226,287,0.229858,0.267773,0.340047,1.16495,1.47938,16,16,16,0,0,0,0
90,3,0,0,2035.77,2035.77,2035.77,0,0,1169,2665,5245,2.27973,4.48674,21,21,21,0,0,0,0,2039.08,2039.08,2039.08,-0.00162739,-0.00162739,-0.00162739,0,0,305,443,700,0.260907,0.378956,0.598802,1.45246,2.29508,21,21,21,0,0,0,0
90,4,0,0,1964.94,1964.94,1964.94,0,0,849,1828,3262,2.15312,3.84217,22,22,22,0,0,0,0,1721.03,1721.03,1721.03,0.124129,0.124129,0.124129,0,0,700,575,902,0.824499,0.677267,1.06243,0.821429,1.28857,35,35,33,0,2,0,1
90,5,0,0,2160.85,2160.85,2160.85,0,0,659,1364,2502,2.0698,3.79666,17,17,17,0,0,0,0,2106.03,2106.03,2106.03,0.0253707,0.0253707,0.0253707,0,0,150,242,333,0.227618,0.367223,0.505311,1.61333,2.22,18,18,18,0,0,0,0
90,6,0,0,2746.85,2746.85,2763.75,0,-0.0061516,1133,2331,6076,2.05737,5.36275,21,21,23,0,1,0,1,2735.75,2735.75,2748.38,0.00404307,0.00404307,-0.000555786,0,-0.00461753,677,697,1642,0.597529,0.615181,1.44925,1.02954,2.42541,30,30,30,0,2,0,2
90,7,0,0,2221.71,2186.15,2181.65,0.0160052,0.01803,1550,3072,6505,1.98194,4.19677,24,24,25,1,1,4,1,2323.14,2287.58,2283.09,-0.045657,-0.0296518,-0.0276269,0.0153063,0.0172428,393,678,1070,0.253548,0.437419,0.690323,1.72519,2.72265,23,23,24,1,1,4,1
90,8,0,0,2314.48,2296.65,2221.57,0.00770067,0.0401417,345,842,3789,2.44058,10.9826,6,6,11,1,2,1,1,2314.48,2296.65,2255.16,0,0.00770067,0.0256273,0.00770067,0.0256273,136,424,714,0.394203,1.22899,2.06957,3.11765,5.25,6,6,10,1,2,1,1
90,9,0,0,3343.26,3338.58,3402.66,0.0014019,-0.0177666,1528,2789,3913,1.82526,2.56086,16,16,13,2,2,2,5,3392.97,3388.28,3368.86,-0.0148678,-0.0134659,-0.0076564,0.00138136,0.00710573,307,899,879,0.200916,0.588351,0.575262,2.92834,2.86319,19,19,21,2,1,2,1
90,10,0,0,3630.79,3630.79,3630.79,0,0,524,1454,2211,2.77481,4.21947,14,14,14,0,0,0,0,3697.85,3697.85,3697.85,-0.0184676,-0.0184676,-0.0184676,0,0,338,401,717,0.645038,0.765267,1.36832,1.18639,2.1213,23,23,26,0,1,0,0
90,1,0.05,5,2947.59,2943.47,2943.47,0.00140011,0.00140011,1460,3372,6525,2.30959,4.46918,29,29,29,1,1,1,1,2954.34,2950.21,2950.21,-0.00228791,-0.000887794,-0.000887794,0.00139692,0.00139692,186,530,508,0.127397,0.363014,0.347945,2.84946,2.73118,30,30,30,1,1,1,1
90,2,0.05,5,2822.8,2816.88,2816.88,0.0020989,0.0020989,1736,3537,6485,2.03744,3.7356,25,25,25,1,1,1,1,2822.8,2816.88,2816.88,0,0.0020989,0.0020989,0.0020989,0.0020989,334,658,820,0.192396,0.379032,0.47235,1.97006,2.45509,25,25,25,1,1,1,1
90,3,0.05,5,2799.96,2799.96,2799.96,0,0,2161,3638,7259,1.68348,3.35909,29,29,29,0,0,0,0,2830.1,2818.91,2813.8,-0.0107643,-0.00676715,-0.00493988,0.00395454,0.00576234,470,637,888,0.217492,0.294771,0.410921,1.35532,1.88936,37,37,36,2,2,2,2
90,4,0.05,5,1911.07,1880.84,1848.34,0.0158203,0.0328222,2163,3775,7651,1.74526,3.53722,28,28,29,2,1,2,1,1810.39,1810.39,1832.04,0.0526831,0.0526831,0.0413513,0,-0.011962,777,707,1022,0.359223,0.326861,0.472492,0.90991,1.31532,37,37,34,0,3,0,2
90,5,0.05,5,2686.86,2686.86,2686.86,0,0,1188,2079,3862,1.75,3.25084,20,20,20,0,0,0,0,2686.86,2686.86,2686.86,0,0,0,0,0,329,386,568,0.276936,0.324916,0.478114,1.17325,1.72644,20,20,20,0,0,0,0
90,6,0.05,5,2909.66,2907.32,2907.32,0.000805405,0.000805405,2468,4087,7841,1.656,3.17707,30,30,30,1,1,1,1,2929.96,2927.62,2927.62,-0.00697667,-0.00617126,-0.00617126,0.000799825,0.000799825,284,591,566,0.115073,0.239465,0.229335,2.08099,1.99296,31,31,31,1,1,1,1
90,7,0.05,5,2454.15,2448.98,2448.98,0.00210551,0.00210551,1064,2434,4674,2.28759,4.39286,16,16,16,2,2,3,3,2454.15,2448.98,2448.98,0,0.00210551,0.00210551,0.00210551,0.00210551,221,513,602,0.207707,0.482143,0.565789,2.32127,2.72398,18,18,18,2,2,3,3
90,8,0.05,5,2522.27,2522.27,2522.27,0,0,1651,3103,5897,1.87947,3.57177,24,24,24,0,0,0,0,2712.69,2712.69,2712.69,-0.0754941,-0.0754941,-0.0754941,0,0,270,458,602,0.163537,0.277408,0.364627,1.6963,2.22963,19,19,19,0,0,0,0
90,9,0.05,5,2929.67,2890.34,2874.78,0.0134277,0.0187367,1713,3848,6554,2.24635,3.82604,21,21,21,4,2,4,2,2929.67,2890.34,2890.34,0,0.0134277,0.0134277,0.0134277,0.0134277,215,762,873,0.125511,0.444834,0.509632,3.54419,4.06047,21,21,22,4,3,4,3
90,10,0.05,5,1994.88,1994.88,1994.88,0,0,469,1113,1727,2.37313,3.6823,8,8,8,0,0,0,0,2007.51,2007.51,2007.51,-0.00633185,-0.00633185,-0.00633185,0,0,277,444,654,0.590618,0.946695,1.39446,1.60289,2.36101,12,12,12,0,1,0,0
90,1,0.1,9,2873.56,2873.56,2873.56,0,0,2144,3510,6704,1.63713,3.12687,22,22,22,0,0,0,0,2912.49,2912.49,2912.49,-0.0135497,-0.0135497,-0.0135497,0,0,327,431,617,0.152519,0.201026,0.28778,1.31804,1.88685,22,22,22,0,0,0,0
90,2,0.1,9,2117.63,2117.63,2117.63,0,0,1703,3003,5102,1.76336,2.99589,20,20,20,0,0,0,0,2241.6,2241.6,2241.6,-0.0585428,-0.0585428,-0.0585428,0,0,545,529,836,0.320023,0.310628,0.490898,0.970642,1.53394,18,18,17,0,1,0,1
90,3,0.1,9,2820.5,2809.11,2795.69,0.00403814,0.00879385,1089,2160,4462,1.98347,4.09734,12,12,14,2,1,2,1,2915.18,2915.18,2915.18,-0.0335714,-0.0335714,-0.0335714,0,0,341,423,597,0.313131,0.38843,0.548209,1.24047,1.75073,15,15,15,0,0,0,0
90,4,0.1,9,2845.23,2843.78,2843.78,0.000511591,0.000511591,919,1998,3633,2.1741,3.95321,17,17,16,1,1,1,1,2845.23,2843.78,2843.78,0,0.000511591,0.000511591,0.000511591,0.000511591,251,494,477,0.273123,0.537541,0.519042,1.96813,1.9004,17,17,16,1,1,1,1
90,5,0.1,9,2265.2,2265.2,2265.2,0,0,1450,2636,4913,1.81793,3.38828,19,19,19,0,0,0,0,2284.19,2259.6,2259.6,-0.00838406,0.00247423,0.00247423,0.010768,0.010768,257,503,546,0.177241,0.346897,0.376552,1.9572,2.12451,19,19,19,2,2,5,5
90,6,0.1,9,2464.8,2464.8,2464.8,0,0,858,1660,2806,1.93473,3.2704,16,16,16,0,0,0,0,2495.38,2493.04,2493.04,-0.012409,-0.0114582,-0.0114582,0.000939117,0.000939117,241,517,500,0.280886,0.602564,0.582751,2.14523,2.07469,19,19,19,1,1,1,1
90,7,0.1,9,2801.65,2780.72,2720.34,0.00747044,0.0290227,726,1974,2306,2.71901,3.17631,12,12,10,3,3,4,4,2801.65,2780.72,2720.34,0,0.00747044,0.0290227,0.00747044,0.0290227,192,561,994,0.264463,0.772727,1.36915,2.92188,5.17708,12,12,18,3,4,4,3
90,8,0.1,9,3614.57,3614.57,3614.57,0,0,775,1509,3065,1.9471,3.95484,14,14,14,0,0,0,0,3614.57,3614.57,3614.57,0,0,0,0,0,136,370,446,0.175484,0.477419,0.575484,2.72059,3.27941,14,14,14,0,0,0,0
90,9,0.1,9,2891.69,2891.69,2891.69,0,0,1550,2819,5311,1.81871,3.42645,21,21,21,0,0,0,0,2891.69,2891.69,2891.69,0,0,0,0,0,214,527,807,0.138065,0.34,0.520645,2.46262,3.77103,21,21,21,0,0,0,0
90,10,0.1,9,2877.48,2877.48,2877.48,1.58037e-16,1.58037e-16,1970,2724,4905,1.38274,2.48985,32,32,32,1,1,1,1,2925.35,2925.35,2925.35,-0.0166356,-0.0166356,-0.0166356,1.55451e-16,1.55451e-16,402,454,553,0.204061,0.230457,0.280711,1.12935,1.37562,35,35,35,1,2,1,1
90,1,0.2,18,2552.6,2541.62,2586.7,0.00430276,-0.0133576,2111,3506,7334,1.66082,3.47418,28,28,23,2,1,3,1,2609.86,2590.16,2505.52,-0.0224328,-0.0147129,0.0184467,0.00755051,0.0399825,1090,1066,2611,0.516343,0.504974,1.23685,0.977982,2.39541,32,32,42,4,5,4,2
90,2,0.2,18,3495.25,3495.25,3495.25,0,0,1240,2055,4289,1.65726,3.45887,23,23,23,0,0,0,0,3489.1,3489.1,3489.1,0.00176038,0.00176038,0.00176038,0,0,370,457,746,0.298387,0.368548,0.601613,1.23514,2.01622,25,25,25,0,1,0,0
90,3,0.2,18,3301.45,3253.89,3226.98,0.0144049,0.0225551,989,2219,3306,2.24368,3.34277,11,11,10,2,2,2,2,3300.71,3255.84,3223.61,0.000222425,0.0138154,0.0235774,0.013596,0.0233602,294,623,568,0.29727,0.629929,0.574317,2.11905,1.93197,13,13,15,2,3,2,3
90,4,0.2,18,3374.4,3358.19,3358.19,0.0048039,0.0048039,2722,4251,10222,1.56172,3.75533,33,33,33,2,2,3,3,3374.4,3358.19,3358.19,0,0.0048039,0.0048039,0.0048039,0.0048039,374,687,667,0.137399,0.252388,0.24504,1.8369,1.78342,33,33,32,2,4,3,4
90,5,0.2,18,2976.25,2971.56,2963.1,0.00157477,0.00441676,1098,2878,5723,2.62113,5.2122,28,28,29,2,2,3,2,2976.25,2971.56,2963.1,0,0.00157477,0.00441676,0.00157477,0.00441676,157,433,554,0.142987,0.394353,0.504554,2.75796,3.52866,28,28,29,2,3,3,2
90,6,0.2,18,2991.67,2982.47,2982.47,0.00307672,0.00307672,1440,2704,5892,1.87778,4.09167,22,22,22,1,1,1,1,2934.72,2925.51,2965.1,0.0190385,0.0221152,0.00888177,0.00313643,-0.0103538,602,825,1083,0.418056,0.572917,0.752083,1.37043,1.799,30,30,26,1,3,1,1
90,7,0.2,18,2459.68,2454.99,2454.99,0.0019055,0.0019055,3068,5436,9952,1.77184,3.24381,32,32,32,2,2,2,2,2550.54,2548.19,2548.19,-0.0369386,-0.0359859,-0.0359859,0.000918809,0.000918809,285,554,595,0.0928944,0.180574,0.193937,1.94386,2.08772,34,34,34,1,1,1,1
90,8,0.2,18,3271.99,3260.51,3199.17,0.00351048,0.0222571,2484,4750,9118,1.91224,3.67069,27,27,29,4,3,8,3,3271.99,3260.51,3206.04,0,0.00351048,0.0201559,0.00351048,0.0201559,519,751,999,0.208937,0.302335,0.402174,1.44701,1.92486,28,28,30,4,5,8,5
90,9,0.2,18,4280.51,4265.01,4136.3,0.00362283,0.0336916,1900,3738,5391,1.96737,2.83737,27,27,30,2,3,2,3,4466.48,4428.62,4399.78,-0.0434447,-0.0346002,-0.0278633,0.00847633,0.0149326,354,391,724,0.186316,0.205789,0.381053,1.10452,2.0452,29,29,34,3,3,6,3
90,10,0.2,18,3450.75,3408.51,3408.51,0.0122408,0.0122408,2518,4118,10939,1.63542,4.34432,34,34,34,1,1,1,1,3518.37,3509.23,3509.23,-0.0195981,-0.0169486,-0.0169486,0.00259859,0.00259859,274,693,805,0.108817,0.275218,0.319698,2.5292,2.93796,34,34,33,1,2,1,2
100,1,0,0,2086.95,2082.7,2082.7,0.00203905,0.00203905,586,1524,2088,2.60068,3.56314,9,9,9,1,1,2,2,2401.51,2385.11,2242.5,-0.150727,-0.142866,-0.0745301,0.00683077,0.0662161,238,495,427,0.406143,0.84471,0.728669,2.07983,1.79412,6,6,16,5,2,12,4
100,2,0,0,2425.77,2425.77,2425.77,0,0,1242,2727,4974,2.19565,4.00483,38,38,38,0,0,0,0,2447.11,2447.11,2447.11,-0.00879679,-0.00879679,-0.00879679,0,0,114,214,347,0.0917874,0.172303,0.279388,1.87719,3.04386,39,39,39,0,1,0,0
100,3,0,0,3306.45,3306.45,3306.45,0,0,410,951,1868,2.31951,4.5561,13,13,13,0,0,0,0,3306.45,3306.45,3306.45,0,0,0,0,0,124,276,303,0.302439,0.673171,0.739024,2.22581,2.44355,13,13,13,0,1,0,0
100,4,0,0,3180.14,3180.14,3207.51,0,-0.00860493,372,862,2502,2.3172,6.72581,11,11,10,0,1,0,1,3180.14,3180.14,3180.14,0,0,0,0,0,228,387,552,0.612903,1.04032,1.48387,1.69737,2.42105,18,18,18,0,1,0,0
100,5,0,0,2512.52,2512.52,2511.01,0,0.000601731,2410,3988,8585,1.65477,3.56224,24,24,23,0,1,0,1,2502.44,2502.44,2552.32,0.00401161,0.00401161,-0.0158393,0,-0.0199309,787,691,923,0.326556,0.286722,0.382988,0.878018,1.17281,25,25,21,0,2,0,2
100,6,0,0,2313.21,2309.93,2288.93,0.00141895,0.010498,567,1140,2343,2.01058,4.13228,16,16,17,1,2,1,2,2349.89,2349.89,2349.89,-0.0158551,-0.0158551,-0.0158551,0,0,306,346,603,0.539683,0.610229,1.06349,1.13072,1.97059,19,19,19,0,0,0,0
100,7,0,0,3984.35,3984.35,3984.35,0,0,1350,2521,5153,1.86741,3.81704,38,38,38,0,0,0,0,3984.35,3984.35,3984.35,0,0,0,0,0,212,302,434,0.157037,0.223704,0.321481,1.42453,2.04717,38,38,38,0,0,0,0
100,8,0,0,2674.6,2658.32,2588.76,0.00608764,0.0320947,1156,2553,6286,2.20848,5.43772,23,23,28,3,3,4,3,2676.84,2652.01,2593.08,-0.000835377,0.00844768,0.0304821,0.00927531,0.0312913,217,439,653,0.187716,0.379758,0.564879,2.02304,3.00922,23,23,27,5,5,6,3
100,9,0,0,2510.59,2510.59,2510.59,0,0,1274,2796,5121,2.19466,4.01962,35,35,35,0,0,0,0,2510.59,2510.59,2510.59,0,0,0,0,0,395,423,573,0.310047,0.332025,0.449765,1.07089,1.45063,49,49,43,0,5,0,0
100,10,0,0,4036.63,4018.38,4001.67,0.00452206,0.00866173,964,1319,2777,1.36826,2.88071,23,23,25,1,1,2,1,4049.61,4049.61,4013.83,-0.00321514,-0.00321514,0.00564928,0,0.00883602,131,220,492,0.135892,0.228216,0.510373,1.67939,3.75573,24,24,28,0,4,0,1
100,1,0.05,5,2986.59,2986.59,2986.59,0,0,249,708,1397,2.84337,5.61044,15,15,15,0,0,0,0,2984.97,2984.97,2984.97,0.000541213,0.000541213,0.000541213,0,0,176,435,560,0.706827,1.74699,2.249,2.47159,3.18182,16,16,16,0,1,0,0
100,2,0.05,5,3007.44,3007.44,3007.44,0,0,931,1742,3490,1.87111,3.74866,24,24,24,0,0,0,0,3076.8,3076.8,3068.3,-0.0230632,-0.0230632,-0.0202382,0,0.00276138,191,376,1018,0.205156,0.403867,1.09345,1.96859,5.32984,26,26,27,0,4,0,2
100,3,0.05,5,3084.72,3082.38,3087.26,0.000759697,-0.000822109,677,1300,4113,1.92024,6.07533,18,18,16,1,1,1,1,3111.8,3111.8,3111.8,-0.00877596,-0.00877596,-0.00877596,0,0,211,567,795,0.311669,0.837518,1.1743,2.6872,3.76777,19,19,18,0,1,0,1
100,4,0.05,5,2862.67,2860.33,2860.33,0.000818625,0.000818625,1594,2908,5340,1.82434,3.35006,19,19,19,1,1,1,1,2869.55,2867.2,2867.2,-0.00240154,-0.00158292,-0.00158292,0.000816664,0.000816664,224,515,625,0.140527,0.323087,0.392095,2.29911,2.79018,18,18,18,1,1,1,1
100,5,0.05,5,3074.63,3071.07,3071.07,0.00115754,0.00115754,2263,4203,7922,1.85727,3.50066,24,24,24,1,1,1,1,3081.29,3077.73,3077.73,-0.00216824,-0.0010107,-0.0010107,0.00115504,0.00115504,251,637,705,0.110915,0.281485,0.311533,2.53785,2.80876,28,28,28,1,1,1,1
100,6,0.05,5,2849.06,2849.06,2849.06,0,0,1225,2634,4964,2.1502,4.05224,18,18,18,0,0,0,0,2895.28,2895.28,2895.28,-0.0162247,-0.0162247,-0.0162247,0,0,302,487,718,0.246531,0.397551,0.586122,1.61258,2.37748,16,16,15,0,1,0,1
100,7,0.05,5,2914.53,2911.14,2911.14,0.00116256,0.00116256,1520,3231,5852,2.12566,3.85,19,19,19,1,1,1,1,2914.53,2911.14,2911.14,0,0.00116256,0.00116256,0.00116256,0.00116256,291,687,686,0.191447,0.451974,0.451316,2.36082,2.35739,19,19,19,1,1,1,1
100,8,0.05,5,2394.79,2391.56,2376.75,0.00134708,0.00753395,2093,1605,1557,0.766842,0.743908,26,26,25,1,1,1,1,2381.19,2381.19,2376.75,0.00567996,0.00567996,0.00753395,0,0.00186458,566,157,201,0.270425,0.0750119,0.0960344,0.277385,0.355124,34,34,35,0,4,0,1
100,9,0.05,5,3395.76,3395.76,3395.76,0,0,596,1185,2029,1.98826,3.40436,29,29,29,0,0,0,0,3515.48,3514.32,3512.43,-0.035255,-0.0349133,-0.0343578,0.000330099,0.000866686,102,151,178,0.171141,0.253356,0.298658,1.48039,1.7451,30,30,29,1,2,1,2
100,10,0.05,5,3029.62,3029.62,3029.62,0,0,274,588,1402,2.14599,5.11679,21,21,21,0,0,0,0,3029.62,3029.62,3029.62,0,0,0,0,0,57,133,250,0.208029,0.485401,0.912409,2.33333,4.38596,23,23,23,0,1,0,0
100,1,0.1,10,3026.66,3026.66,3026.66,0,0,413,920,2202,2.2276,5.33172,17,17,17,0,0,0,0,3026.66,3026.66,3026.66,0,0,0,0,0,128,232,473,0.309927,0.561743,1.14528,1.8125,3.69531,18,18,18,0,1,0,0
100,2,0.1,10,3073.75,3047.65,3056.89,0.00849251,0.00548515,571,646,1896,1.13135,3.32049,23,23,20,3,2,4,4,3079.68,3066.89,3055.73,-0.00192897,0.0022341,0.00586238,0.00415506,0.00777635,115,254,384,0.201401,0.444834,0.672504,2.2087,3.33913,25,25,26,2,2,3,2
100,3,0.1,10,2753.68,2746.64,2746.64,0.00255309,0.00255309,622,920,3467,1.4791,5.57395,30,30,29,2,2,5,5,2874.67,2791.25,2791.25,-0.0439388,-0.0136469,-0.0136469,0.0290169,0.0290169,101,254,283,0.162379,0.40836,0.454984,2.51485,2.80198,25,25,25,2,2,2,2
100,4,0.1,10,2498.73,2496.39,2496.39,0.000937859,0.000937859,1077,2056,5856,1.90901,5.43733,37,37,37,1,1,1,1,2498.73,2496.39,2496.39,0,0.000937859,0.000937859,0.000937859,0.000937859,93,473,352,0.086351,0.439183,0.326834,5.08602,3.78495,37,37,37,1,1,1,1
100,5,0.1,10,3306.68,3306.68,3306.68,0,0,1928,2717,5515,1.40923,2.86048,37,37,37,0,0,0,0,3347.43,3347.43,3347.43,-0.012323,-0.012323,-0.012323,0,0,315,329,455,0.163382,0.170643,0.235996,1.04444,1.44444,40,40,39,0,1,0,1
100,6,0.1,10,3706.02,3684.25,3676.6,0.00587405,0.00793801,1615,3254,6636,2.01486,4.10898,37,37,34,2,3,2,3,3761.83,3740.06,3732.41,-0.0150582,-0.00918412,-0.00712015,0.00578691,0.00782025,251,474,565,0.155418,0.293498,0.349845,1.88845,2.251,40,40,37,2,3,2,3
100,7,0.1,10,2747.08,2739.04,2734.14,0.00292713,0.00471277,1021,2064,3606,2.02155,3.53183,35,35,34,2,3,2,3,2783.91,2775.87,2770.96,-0.0134056,-0.0104784,-0.00869281,0.00288841,0.00465043,323,330,500,0.316357,0.323213,0.489716,1.02167,1.54799,37,37,36,2,4,2,3
100,8,0.1,10,2803.55,2792.72,2792.72,0.00386307,0.00386307,922,1465,2207,1.58894,2.39371,20,20,20,1,1,1,1,2914.81,2914.81,2914.81,-0.0396827,-0.0396827,-0.0396827,0,0,73,118,129,0.0791757,0.127983,0.139913,1.61644,1.76712,16,16,16,0,0,0,0
100,9,0.1,10,2032.38,2003.35,2001,0.014283,0.0154361,1299,2028,3532,1.5612,2.71901,35,35,34,3,2,3,2,2047.82,2043.14,2043.14,-0.00759953,-0.00529341,-0.00529341,0.00228873,0.00228873,224,269,367,0.17244,0.207082,0.282525,1.20089,1.63839,46,46,47,2,3,2,2
100,10,0.1,10,2799.46,2799.46,2799.46,0,0,905,1609,3111,1.7779,3.43757,34,34,34,0,0,0,0,3046.14,3031.32,2985.34,-0.0881158,-0.0828224,-0.0663981,0.0048647,0.019959,154,271,420,0.170166,0.299448,0.464088,1.75974,2.72727,33,33,35,2,5,4,4
100,1,0.2,20,4618.89,4588.11,4566.86,0.00666528,0.0112653,294,872,2866,2.96599,9.7483,26,26,30,2,2,2,2,4618.89,4588.11,4566.86,0,0.00666528,0.0112653,0.00666528,0.0112653,62,174,178,0.210884,0.591837,0.605442,2.80645,2.87097,28,28,38,2,2,2,2
100,2,0.2,20,3350.04,3320.49,3275.42,0.00882085,0.0222739,641,1483,3188,2.31357,4.97348,34,34,35,3,3,5,4,3350.04,3320.49,3315.45,0,0.00882085,0.0103245,0.00882085,0.0103245,75,193,242,0.117005,0.301092,0.377535,2.57333,3.22667,34,34,35,3,3,5,2
100,3,0.2,20,3300.27,3293.49,3266.57,0.00205335,0.0102099,720,1472,2926,2.04444,4.06389,34,34,35,3,3,3,3,3328.62,3321.85,3307,-0.00859121,-0.00653786,-0.00203866,0.00203586,0.00649674,208,201,451,0.288889,0.279167,0.626389,0.966346,2.16827,36,36,39,3,4,3,1
100,4,0.2,20,3288.72,3288.72,3288.72,0,0,318,781,1443,2.45597,4.53774,29,29,29,0,0,0,0,3325.38,3325.38,3325.38,-0.0111469,-0.0111469,-0.0111469,0,0,69,122,207,0.216981,0.383648,0.650943,1.76812,3,30,30,30,0,0,0,0
100,5,0.2,20,3217.67,3173.86,3430.6,0.0136145,-0.0661737,976,1799,2451,1.84324,2.51127,42,42,23,1,3,1,5,3314.63,3278.04,3236.29,-0.0301344,-0.0187606,-0.00578516,0.0110411,0.023637,194,295,299,0.19877,0.302254,0.306352,1.52062,1.54124,41,41,42,5,5,5,2
100,6,0.2,20,3210.82,3207.25,3207.25,0.00111444,0.00111444,642,1301,2355,2.02648,3.66822,33,33,33,2,2,2,2,3214.89,3213.31,3213.31,-0.00126535,-0.000773267,-0.000773267,0.000491459,0.000491459,60,167,155,0.0934579,0.260125,0.241433,2.78333,2.58333,33,33,33,1,1,1,1
100,7,0.2,20,3779.45,3779.45,3775.84,0,0.000954988,391,856,1832,2.18926,4.68542,26,26,25,0,1,0,1,3856.88,3856.84,3856.84,-0.020489,-0.020477,-0.020477,1.1803e-05,1.1803e-05,54,145,202,0.138107,0.370844,0.516624,2.68519,3.74074,26,26,25,1,2,1,2
100,8,0.2,20,2625.76,2528.91,2536.52,0.036882,0.0339858,350,691,1710,1.97429,4.88571,28,28,26,2,2,2,2,2616.08,2501.52,2471.26,0.00368669,0.0473131,0.0588396,0.0437878,0.055357,172,166,268,0.491429,0.474286,0.765714,0.965116,1.55814,35,35,37,2,4,2,2
100,9,0.2,20,4170.98,4170.98,4170.98,0,0,494,997,1870,2.01822,3.78543,25,25,25,0,0,0,0,4241.18,4241.18,4241.68,-0.0168308,-0.0168308,-0.0169511,0,-0.000118327,178,165,211,0.360324,0.334008,0.427126,0.926966,1.18539,26,26,24,0,2,0,1
100,10,0.2,20,3559.4,3559.4,3506.86,0,0.0147609,394,1005,1794,2.55076,4.5533,25,25,24,0,2,0,3,3521.36,3513.26,3463.64,0.0106856,0.0129607,0.0269019,0.00229967,0.0163914,149,251,385,0.378173,0.637056,0.977157,1.68456,2.58389,29,29,30,3,3,3,2
110,1,0,0,2819.48,2819.48,2819.48,0,0,131,340,693,2.59542,5.29008,13,13,13,0,0,0,0,2702.8,2702.8,2702.8,0.0413813,0.0413813,0.0413813,0,0,113,242,325,0.862595,1.84733,2.48092,2.14159,2.87611,33,33,33,0,1,0,0
110,2,0,0,2719.7,2719.7,2719.7,0,0,405,848,1702,2.09383,4.20247,28,28,28,0,0,0,0,2961.44,2961.44,2934.74,-0.0888822,-0.0888822,-0.0790661,0,0.00901485,87,147,189,0.214815,0.362963,0.466667,1.68966,2.17241,24,24,23,0,1,0,1
110,3,0,0,3541.8,3541.8,3541.8,0,0,466,881,2010,1.89056,4.3133,29,29,29,0,0,0,0,3544.69,3544.69,3543.16,-0.000816168,-0.000816168,-0.000382809,0,0.000433005,73,215,415,0.156652,0.461373,0.890558,2.94521,5.68493,30,30,29,0,1,0,1
110,4,0,0,2583.98,2583.98,2583.98,0,0,1242,2190,2659,1.76329,2.1409,37,37,37,0,0,0,0,2641.24,2641.24,2641.24,-0.0221591,-0.0221591,-0.0221591,0,0,263,275,384,0.211755,0.221417,0.309179,1.04563,1.46008,38,38,38,0,1,0,0
110,5,0,0,3474.7,3474.7,3474.7,0,0,246,569,1160,2.31301,4.71545,20,20,20,0,0,0,0,3462.93,3462.93,3462.93,0.00338996,0.00338996,0.00338996,0,0,73,138,189,0.296748,0.560976,0.768293,1.89041,2.58904,22,22,22,0,0,0,0
110,6,0,0,3395.36,3389.1,3389.1,0.00184433,0.00184433,609,1163,2077,1.90969,3.41051,25,25,25,1,1,1,1,3475.11,3464.16,3452.47,-0.0234882,-0.0202634,-0.0168202,0.00315072,0.00651499,101,215,393,0.165846,0.353038,0.64532,2.12871,3.89109,32,32,33,3,2,3,2
110,7,0,0,2092.44,2092.44,2092.44,0,0,429,1005,1798,2.34266,4.19114,22,22,22,0,0,0,0,2115.11,2112.77,2112.77,-0.0108356,-0.00971564,-0.00971564,0.00110796,0.00110796,82,181,199,0.191142,0.421911,0.463869,2.20732,2.42683,23,23,23,1,2,1,1
110,8,0,0,3627.29,3627.29,3627.29,0,0,388,824,1551,2.12371,3.99742,21,21,21,0,0,0,0,3633.99,3633.99,3633.99,-0.00184657,-0.00184657,-0.00184657,0,0,117,132,241,0.301546,0.340206,0.621134,1.12821,2.05983,26,26,26,0,0,0,0
110,9,0,0,2787.9,2785.56,2785.56,0.000840582,0.000840582,355,870,1480,2.4507,4.16901,17,17,17,1,1,1,1,2814.42,2814.42,2814.42,-0.00951347,-0.00951347,-0.00951347,0,0,164,181,267,0.461972,0.509859,0.752113,1.10366,1.62805,22,22,18,0,1,0,1
110,10,0,0,3569.81,3565.13,3565.13,0.00131293,0.00131293,513,1122,2246,2.18713,4.37817,38,38,38,2,2,2,2,3578.98,3574.29,3574.29,-0.00256848,-0.00125555,-0.00125555,0.00130957,0.00130957,66,161,162,0.128655,0.31384,0.315789,2.43939,2.45455,38,38,38,2,2,2,2
110,1,0.05,6,3612.03,3612.03,3612.03,0,0,567,1090,2089,1.9224,3.6843,26,26,26,0,0,0,0,3629.29,3629.29,3629.29,-0.00477877,-0.00477877,-0.00477877,0,0,156,208,335,0.275132,0.366843,0.590829,1.33333,2.14744,26,26,26,0,0,0,0
110,2,0.05,6,3437.72,3437.72,3437.72,0,0,516,1030,1942,1.99612,3.76357,36,36,36,0,0,0,0,3547.18,3544.84,3544.84,-0.0318426,-0.0311609,-0.0311609,0.000660653,0.000660653,83,168,171,0.160853,0.325581,0.331395,2.0241,2.06024,36,36,36,1,1,1,1
110,3,0.05,6,3103.44,3102.81,3102.81,0.00020378,0.00020378,750,1543,2792,2.05733,3.72267,35,35,35,1,1,1,1,3132.29,3131.66,3131.66,-0.00929591,-0.00909213,-0.00909213,0.000201904,0.000201904,143,194,308,0.190667,0.258667,0.410667,1.35664,2.15385,39,39,39,1,1,1,1
110,4,0.05,6,3508.03,3508.03,3508.03,0,0,201,415,791,2.06468,3.93532,11,11,11,0,0,0,0,3816.8,3774.43,3757.59,-0.0880178,-0.0759415,-0.0711405,0.0110994,0.015512,107,189,252,0.532338,0.940299,1.25373,1.76636,2.35514,26,26,27,4,3,4,3
110,5,0.05,6,3002.09,2996.28,3026.31,0.00193579,-0.00806744,725,1336,2624,1.84276,3.61931,31,31,29,2,2,2,2,3002.09,2996.28,3026.31,0,0.00193579,-0.00806744,0.00193579,-0.00806744,238,288,350,0.328276,0.397241,0.482759,1.21008,1.47059,34,34,32,2,4,2,2
110,6,0.05,6,3318.97,3293.7,3288.88,0.0076163,0.00906816,1096,2287,4680,2.08668,4.27007,43,43,43,3,2,3,2,3367.38,3342.1,3342.1,-0.0145851,-0.00696878,-0.00696878,0.00750681,0.00750681,72,262,309,0.0656934,0.239051,0.281934,3.63889,4.29167,36,36,37,3,2,3,2
110,7,0.05,6,3557.9,3541.67,3531.93,0.00456024,0.00729938,666,1338,2833,2.00901,4.25375,30,30,33,3,3,5,3,3598.21,3570.06,3504.53,-0.0113296,-0.00341953,0.0150005,0.00782145,0.0260351,300,333,688,0.45045,0.5,1.03303,1.11,2.29333,37,37,43,4,9,6,4
110,8,0.05,6,2902.81,2902.81,2902.81,0,0,476,882,1764,1.85294,3.70588,18,18,18,0,0,0,0,2962.81,2962.81,2962.81,-0.0206722,-0.0206722,-0.0206722,0,0,99,236,246,0.207983,0.495798,0.516807,2.38384,2.48485,19,19,19,0,0,0,0
110,9,0.05,6,5037.3,5037.3,5037.3,0,0,295,655,1282,2.22034,4.34576,24,24,24,0,0,0,0,5001.18,4996.5,4996.5,0.00716977,0.00810021,0.00810021,0.000937161,0.000937161,95,226,201,0.322034,0.766102,0.681356,2.37895,2.11579,37,37,37,1,1,1,1
110,10,0.05,6,3573.85,3542.29,3542.29,0.00883208,0.00883208,497,949,2032,1.90946,4.08853,20,20,20,2,2,2,2,3563.37,3554.73,3554.73,0.00293411,0.00534959,0.00534959,0.00242259,0.00242259,59,224,216,0.118712,0.450704,0.434608,3.79661,3.66102,27,27,27,2,2,2,2
110,1,0.1,11,3635.29,3630.26,3630.26,0.0013851,0.0013851,672,1513,2929,2.25149,4.35863,29,29,29,1,1,1,1,3635.29,3630.26,3630.26,0,0.0013851,0.0013851,0.0013851,0.0013851,143,256,305,0.212798,0.380952,0.453869,1.79021,2.13287,29,29,28,1,2,1,2
110,2,0.1,11,3408.74,3369.23,3306.57,0.0115895,0.0299722,446,1038,1414,2.32735,3.1704,34,34,25,3,2,5,4,3386.98,3347.47,3356.5,0.00638493,0.0179744,0.015326,0.0116639,0.00899851,111,174,235,0.248879,0.390135,0.526906,1.56757,2.11712,37,37,38,3,6,5,6
110,3,0.1,11,3767.68,3767.68,3767.68,0,0,264,469,999,1.77652,3.78409,18,18,18,0,0,0,0,3767.68,3767.68,3767.68,0,0,0,0,0,59,132,141,0.223485,0.5,0.534091,2.23729,2.38983,20,20,20,0,0,0,0
110,4,0.1,11,4306.02,4303.68,4303.68,0.000544228,0.000544228,700,1357,2567,1.93857,3.66714,24,24,24,1,1,1,1,4412.26,4409.92,4409.92,-0.0246727,-0.0241284,-0.0241284,0.000531123,0.000531123,94,321,244,0.134286,0.458571,0.348571,3.41489,2.59574,22,22,22,1,1,1,1
110,5,0.1,11,3845.84,3825.35,3803.6,0.00532762,0.0109832,928,1522,2875,1.64009,3.09806,28,28,31,4,2,5,3,3830.41,3809.92,3788.17,0.00401141,0.00933903,0.0149946,0.00534908,0.0110274,111,237,276,0.119612,0.255388,0.297414,2.13514,2.48649,30,30,33,4,3,5,3
110,6,0.1,11,3831.26,3821.89,3821.89,0.00244667,0.00244667,851,1765,3324,2.07403,3.90599,34,34,33,4,5,6,7,4138.59,4107.34,4127.77,-0.0802168,-0.0720602,-0.0773907,0.00755087,0.00261625,60,150,216,0.0705053,0.176263,0.253819,2.5,3.6,37,37,36,4,2,4,2
110,7,0.1,11,3593.41,3588.76,3588.76,0.00129387,0.00129387,579,1367,2557,2.36097,4.41623,28,28,28,2,2,2,2,3447.85,3440.85,3440.85,0.040507,0.042453,0.042453,0.00202818,0.00202818,187,312,378,0.322971,0.53886,0.65285,1.66845,2.02139,37,37,37,3,3,3,3
110,8,0.1,11,3569.82,3568.5,3568.5,0.00037015,0.00037015,549,1037,2002,1.88889,3.64663,29,29,28,1,1,1,2,3617.59,3612.91,3612.91,-0.0133813,-0.0120684,-0.0120684,0.00129559,0.00129559,131,228,217,0.238616,0.415301,0.395264,1.74046,1.65649,35,35,35,1,1,1,1
110,9,0.1,11,3030.32,3030.32,3030.32,0,0,636,1294,2472,2.03459,3.88679,31,31,31,0,0,0,0,3025.34,3000.98,3029.04,0.00164482,0.00968343,0.000422536,0.00805185,-0.0012243,222,257,404,0.349057,0.404088,0.63522,1.15766,1.81982,32,32,31,1,4,1,4
110,10,0.1,11,3422.46,3413.19,3343.55,0.00270743,0.0230547,549,1154,2913,2.102,5.30601,28,28,29,4,5,4,6,3447.3,3438.04,3395.52,-0.00725964,-0.00455221,0.00786938,0.00268792,0.01502,107,299,530,0.1949,0.544627,0.965392,2.79439,4.95327,29,29,34,4,4,4,3
110,1,0.2,22,3809.07,3809.07,3809.07,0,0,661,1560,2481,2.36006,3.7534,24,24,24,0,0,0,0,3809.07,3809.07,3809.07,0,0,0,0,0,94,184,227,0.142209,0.278366,0.343419,1.95745,2.41489,24,24,24,0,4,0,1
110,2,0.2,22,3804.56,3793.4,3793.4,0.00293262,0.00293262,553,1088,2564,1.96745,4.63653,32,32,32,1,1,1,1,3843.23,3821.49,3821.49,-0.0101661,-0.00445212,-0.00445212,0.00565644,0.00565644,184,260,424,0.332731,0.470163,0.766727,1.41304,2.30435,37,37,37,3,3,3,3
110,3,0.2,22,3850.43,3819.18,3819.18,0.00811598,0.00811598,718,1698,2980,2.3649,4.15042,26,26,26,1,1,3,3,3981.89,3950.64,3950.64,-0.0341437,-0.0260277,-0.0260277,0.00784802,0.00784802,214,282,459,0.29805,0.392758,0.639276,1.31776,2.14486,28,28,28,1,1,3,1
110,4,0.2,22,3385.15,3375.78,3324.18,0.0027691,0.0180126,829,1331,2181,1.60555,2.63088,26,26,27,2,1,2,1,3397.43,3388.06,3441.24,-0.00362743,-0.000858332,-0.0165681,0.00275909,-0.0128939,166,232,271,0.200241,0.279855,0.3269,1.39759,1.63253,27,27,26,1,3,1,3
110,5,0.2,22,3402.84,3342.04,3351.58,0.0178694,0.0150645,976,2096,4055,2.14754,4.15471,41,41,39,3,2,3,2,3407.23,3346.42,3322.66,-0.00128856,0.0165808,0.0235641,0.0178464,0.0248207,106,198,250,0.108607,0.202869,0.256148,1.86792,2.35849,43,43,45,3,6,3,3
110,6,0.2,22,4599.93,4592.9,4594.88,0.00152836,0.00109761,1328,2394,4545,1.80271,3.42244,45,45,41,3,5,3,5,4599.93,4592.9,4609.63,0,0.00152836,-0.00210835,0.00152836,-0.00210835,158,260,266,0.118976,0.195783,0.200301,1.64557,1.68354,45,45,42,3,5,3,4
110,7,0.2,22,3711.89,3711.89,3711.89,0,0,638,1259,2530,1.97335,3.96552,26,26,26,0,0,0,0,3691.14,3691.14,3691.14,0.00558863,0.00558863,0.00558863,0,0,84,180,232,0.131661,0.282132,0.363636,2.14286,2.7619,28,28,28,0,0,0,0
110,8,0.2,22,4532.22,4521.36,4491.83,0.00239727,0.00891167,847,1673,3088,1.97521,3.64581,38,38,38,2,2,3,3,4425.03,4416.82,4380.13,0.0236497,0.0254616,0.0335569,0.00185576,0.0101472,261,270,490,0.308146,0.318772,0.578512,1.03448,1.87739,44,44,47,2,5,3,2
110,9,0.2,22,4779.38,4779.38,4779.38,0,0,1002,1867,3580,1.86327,3.57285,31,31,31,0,0,0,0,4778.7,4778.7,4783.16,0.000142675,0.000142675,-0.000790012,0,-0.000932821,195,207,254,0.194611,0.206587,0.253493,1.06154,1.30256,36,36,34,0,2,0,2
110,10,0.2,22,3442.5,3431.79,3419.12,0.00311031,0.00679093,553,1334,3026,2.4123,5.47197,31,31,28,2,3,2,3,3596,3580.89,3564.97,-0.0445894,-0.040199,-0.0355745,0.00420296,0.00863006,129,259,346,0.233273,0.468354,0.625678,2.00775,2.68217,32,32,35,2,3,2,2
120,1,0,0,2852.46,2852.46,2852.46,0,0,183,532,1087,2.9071,5.93989,10,10,10,0,0,0,0,2876.81,2870.99,2915.74,-0.00853895,-0.00649762,-0.0221864,0.00202405,-0.0135319,161,231,300,0.879781,1.2623,1.63934,1.43478,1.86335,18,18,13,1,3,1,3
120,2,0,0,3229.05,3229.05,3229.05,0,0,143,345,675,2.41259,4.72028,10,10,10,0,0,0,0,3250.25,3250.25,3250.25,-0.00656637,-0.00656637,-0.00656637,0,0,38,126,148,0.265734,0.881119,1.03497,3.31579,3.89474,8,8,8,0,0,0,0
120,3,0,0,3870.09,3845.68,3845.68,0.00630681,0.00630681,622,1351,2254,2.17203,3.62379,18,18,18,1,1,1,1,3870.09,3845.68,3845.68,0,0.00630681,0.00630681,0.00630681,0.00630681,153,209,239,0.245981,0.336013,0.384244,1.36601,1.56209,18,18,18,1,1,1,1
120,4,0,0,4277.13,4275.05,4275.05,0.000484206,0.000484206,761,1024,1844,1.3456,2.42313,24,24,24,1,1,1,1,4277.13,4275.05,4275.05,0,0.000484206,0.000484206,0.000484206,0.000484206,195,189,226,0.256242,0.248357,0.296978,0.969231,1.15897,24,24,24,1,2,1,1
120,5,0,0,3379.37,3374.68,3374.68,0.00138692,0.00138692,860,1689,3368,1.96395,3.91628,28,28,28,1,1,1,1,3470.84,3463.81,3463.81,-0.0270686,-0.0249882,-0.0249882,0.00202555,0.00202555,64,227,220,0.0744186,0.263953,0.255814,3.54688,3.4375,31,31,31,1,1,1,1
120,6,0,0,2775.59,2775.59,2775.59,0,0,683,1417,3011,2.07467,4.40849,24,24,24,0,0,0,0,2824.67,2824.67,2824.67,-0.0176826,-0.0176826,-0.0176826,0,0,400,465,729,0.585652,0.68082,1.06735,1.1625,1.8225,37,37,37,0,3,0,0
120,7,0,0,2953.9,2953.9,2953.9,0,0,241,580,1205,2.40664,5,12,12,12,0,0,0,0,3130.57,3130.57,3130.57,-0.0598118,-0.0598118,-0.0598118,0,0,102,133,273,0.423237,0.551867,1.13278,1.30392,2.67647,11,11,11,0,0,0,0
120,8,0,0,3540.1,3502.01,3431.6,0.0107603,0.030648,541,1667,2648,3.08133,4.89464,20,20,21,5,1,5,2,3489.59,3470.12,3458.33,0.0142662,0.0197659,0.023097,0.00557924,0.00895857,276,435,613,0.510166,0.804067,1.13309,1.57609,2.22101,25,25,28,3,1,3,1
120,9,0,0,3605.08,3595.35,3583.65,0.0026968,0.00594285,714,1806,3581,2.52941,5.01541,26,26,26,1,1,1,1,3758.95,3749.22,3749.22,-0.0426813,-0.0399845,-0.0399845,0.0025864,0.0025864,154,230,486,0.215686,0.322129,0.680672,1.49351,3.15584,24,24,24,1,1,1,1
120,10,0,0,4916.96,4911.36,4911.36,0.00113923,0.00113923,1317,2606,4804,1.97874,3.64768,36,36,37,3,2,3,2,4979.21,4974.64,4974.64,-0.0126595,-0.0117305,-0.0117305,0.000917429,0.000917429,93,311,307,0.070615,0.236143,0.233106,3.34409,3.30108,34,34,35,3,2,3,2
120,1,0.05,6,3195.21,3190.52,3109.78,0.00146686,0.0267349,1256,2580,7815,2.05414,6.22213,36,36,40,1,2,1,2,3306.71,3299.68,3222.95,-0.0348982,-0.032698,-0.008683,0.00212609,0.0253312,315,461,836,0.250796,0.367038,0.665605,1.46349,2.65397,49,49,52,1,3,1,3
120,2,0.05,6,3662.28,3662.28,3662.28,0,0,867,1985,3683,2.2895,4.24798,24,24,24,0,0,0,0,3607.24,3607.24,3607.24,0.015029,0.015029,0.015029,0,0,130,205,396,0.149942,0.236448,0.456747,1.57692,3.04615,29,29,29,0,1,0,0
120,3,0.05,6,3424.49,3424.49,3424.49,0,0,1705,3037,6240,1.78123,3.65982,37,37,37,0,1,0,0,3434.91,3434.91,3434.91,-0.00304329,-0.00304329,-0.00304329,0,0,407,267,679,0.23871,0.156598,0.39824,0.65602,1.6683,39,39,39,0,1,0,0
120,4,0.05,6,3439.46,3434.77,3434.77,0.00136269,0.00136269,944,1887,3608,1.99894,3.82203,39,39,39,1,1,1,1,3539.73,3532.7,3532.7,-0.0291535,-0.0271095,-0.0271095,0.00198613,0.00198613,410,451,789,0.434322,0.477754,0.835805,1.1,1.92439,43,43,43,1,2,1,1
120,5,0.05,6,4473.88,4473.88,4473.88,0,0,865,1706,2949,1.97225,3.40925,25,25,25,0,0,0,0,4529.29,4529.29,4529.29,-0.0123859,-0.0123859,-0.0123859,0,0,210,256,305,0.242775,0.295954,0.352601,1.21905,1.45238,28,28,28,0,0,0,0
120,6,0.05,6,4491.14,4420.05,4413.7,0.0158292,0.0172438,1031,1892,3701,1.83511,3.58972,31,31,28,4,4,4,4,4489.38,4418.29,4392.46,0.000393704,0.0162229,0.0219741,0.0158354,0.0215889,213,391,434,0.206596,0.379243,0.420951,1.83568,2.03756,35,35,34,4,5,4,5
120,7,0.05,6,3235.92,3233.57,3216.27,0.000724202,0.00607237,1048,2655,4433,2.5334,4.22996,37,37,34,1,3,1,3,3312.79,3312.79,3312.79,-0.0237577,-0.0237577,-0.0237577,0,0,221,232,374,0.210878,0.221374,0.35687,1.04977,1.69231,41,41,41,0,1,0,1
120,8,0.05,6,3464.67,3459.98,3459.98,0.00135277,0.00135277,954,1925,3668,2.01782,3.84486,28,28,28,2,2,3,3,3389.48,3387.14,3412.54,0.0217013,0.0223777,0.0150466,0.000691391,-0.00680229,254,334,519,0.266247,0.350105,0.544025,1.31496,2.04331,30,30,30,1,2,1,2
120,9,0.05,6,3716.44,3660.78,3660.78,0.0149762,0.0149762,1104,1896,3728,1.71739,3.37681,28,28,28,1,1,1,1,3723.79,3668.13,3668.13,-0.00197892,0.0129972,0.0129972,0.0149466,0.0149466,86,246,236,0.0778986,0.222826,0.213768,2.86047,2.74419,28,28,28,1,1,1,1
120,10,0.05,6,3450.94,3450.94,3450.94,0,0,552,1203,2190,2.17935,3.96739,32,32,32,0,0,0,0,3473.38,3473.38,3473.38,-0.00650395,-0.00650395,-0.00650395,0,0,132,201,235,0.23913,0.36413,0.425725,1.52273,1.7803,33,33,33,0,0,0,0
120,1,0.1,12,3267.18,3246.11,3214.37,0.00645013,0.016163,940,2297,4850,2.44362,5.15957,32,32,34,2,2,2,2,3293.04,3269.63,3269.63,-0.00791623,-0.000748825,-0.000748825,0.00711111,0.00711111,237,381,468,0.252128,0.405319,0.497872,1.60759,1.97468,40,40,40,2,2,2,2
120,2,0.1,12,3273.33,3265.98,3265.98,0.00224723,0.00224723,1177,2481,5046,2.1079,4.28717,45,45,45,2,2,2,2,3273.33,3265.98,3265.98,0,0.00224723,0.00224723,0.00224723,0.00224723,189,283,466,0.160578,0.240442,0.395922,1.49735,2.46561,50,50,50,2,3,2,2
120,3,0.1,12,3310.61,3310.61,3310.61,0,0,459,1323,2567,2.88235,5.59259,33,33,33,0,0,0,0,3330.02,3322.99,3305.9,-0.00586342,-0.00373984,0.00142493,0.00211121,0.00724587,276,462,602,0.601307,1.00654,1.31155,1.67391,2.18116,45,45,48,3,2,3,1
120,4,0.1,12,3331.31,3323.22,3323.22,0.00242745,0.00242745,935,1974,3701,2.11123,3.95829,25,25,25,2,2,3,3,3331.31,3323.22,3323.22,0,0.00242745,0.00242745,0.00242745,0.00242745,105,310,264,0.112299,0.331551,0.282353,2.95238,2.51429,25,25,25,2,2,3,3
120,5,0.1,12,4096.46,4096.46,4096.46,0,0,398,939,1979,2.3593,4.97236,20,20,20,0,0,0,0,4058.76,4058.76,4058.76,0.00920331,0.00920331,0.00920331,0,0,128,150,235,0.321608,0.376884,0.590452,1.17188,1.83594,21,21,21,0,0,0,0
120,6,0.1,12,3457.56,3453.23,3432,0.00125285,0.00739224,1387,2580,5279,1.86013,3.80606,36,36,38,1,1,1,0,3501.64,3501.64,3501.64,-0.0127502,-0.0127502,-0.0127502,0,0,496,445,767,0.357606,0.320836,0.552992,0.897177,1.54637,50,50,50,0,0,0,0
120,7,0.1,12,3888.31,3881.26,3881.26,0.00181306,0.00181306,865,1744,3197,2.01618,3.69595,31,31,31,1,1,1,1,3903.73,3896.68,3896.68,-0.00396524,-0.00215218,-0.00215218,0.0018059,0.0018059,166,237,343,0.191908,0.273988,0.396532,1.42771,2.06627,33,33,33,1,1,1,1
120,8,0.1,12,5864.13,5861.79,5796.3,0.000399625,0.0115674,1024,2042,4408,1.99414,4.30469,35,35,37,1,1,3,1,5892.29,5889.95,5886.63,-0.00480205,-0.00440242,-0.0038361,0.000397716,0.000961333,91,230,363,0.0888672,0.224609,0.354492,2.52747,3.98901,40,40,42,1,1,3,1
120,9,0.1,12,4088.2,4071.05,4012.46,0.00419435,0.0185261,779,2018,4743,2.5905,6.08858,37,37,42,5,4,5,3,4088.2,4071.05,4012.46,0,0.00419435,0.0185261,0.00419435,0.0185261,111,315,735,0.14249,0.404365,0.943517,2.83784,6.62162,37,37,42,5,5,5,3
120,10,0.1,12,4176.16,4173.81,4176.57,0.000561152,-9.95639e-05,1071,2495,4055,2.3296,3.78618,44,44,41,1,1,1,2,4160.47,4158.13,4165.51,0.003756,0.00431715,0.00254976,0.000563267,-0.00121078,198,305,359,0.184874,0.284781,0.335201,1.5404,1.81313,46,46,44,1,2,1,2
120,1,0.2,24,5134.64,5132.3,5076.7,0.000456401,0.0112837,623,1832,4299,2.94061,6.90048,43,43,44,1,1,1,0,5136.34,5134,5078.4,-0.000330539,0.000125862,0.0109532,0.00045625,0.01128,127,279,456,0.203852,0.447833,0.731942,2.19685,3.59055,43,43,44,1,1,1,0
120,2,0.2,24,4896.57,4896.57,4895.19,0,0.000282337,919,2942,5351,3.20131,5.82263,30,30,29,0,1,0,1,4990.16,4987.82,5001.9,-0.0191127,-0.0186341,-0.0215103,0.000469616,-0.00235266,107,309,301,0.116431,0.336235,0.32753,2.88785,2.81308,33,33,31,1,3,1,3
120,3,0.2,24,4932.91,4932.91,4932.91,0,0,727,1329,2735,1.82806,3.76204,24,24,24,0,0,0,0,5031.71,5031.71,5031.71,-0.0200294,-0.0200294,-0.0200294,0,0,102,205,319,0.140303,0.281981,0.43879,2.0098,3.12745,25,25,25,0,0,0,0
120,4,0.2,24,4421.47,4421.47,4421.47,0,0,2202,3354,6312,1.52316,2.86649,35,35,35,0,0,0,0,4421.47,4421.47,4421.47,0,0,0,0,0,298,345,422,0.135332,0.156676,0.191644,1.15772,1.41611,35,35,35,0,0,0,0
120,5,0.2,24,4281.58,4262.9,4242.36,0.00436207,0.0091597,1310,2388,4819,1.8229,3.67863,39,39,40,1,2,1,2,4386.95,4358.26,4303.47,-0.0246123,-0.0179107,-0.00511254,0.00654055,0.0190313,147,314,413,0.112214,0.239695,0.315267,2.13605,2.80952,40,40,43,2,3,3,4
120,6,0.2,24,3069.4,3028.3,3033.18,0.0133918,0.0118012,1413,2865,5713,2.0276,4.04317,40,40,40,2,1,2,1,3188.17,3150.34,3150.34,-0.0386962,-0.0263701,-0.0263701,0.0118669,0.0118669,167,345,420,0.118188,0.244161,0.29724,2.06587,2.51497,41,41,41,1,2,1,1
120,7,0.2,24,4040.09,3971.37,3981.56,0.0170077,0.014487,1171,2214,2643,1.89069,2.25705,29,29,22,2,1,2,1,4387.29,4384.95,4384.95,-0.0859395,-0.0853595,-0.0853595,0.000534147,0.000534147,301,439,487,0.257045,0.374893,0.415884,1.45847,1.61794,29,29,28,1,3,1,2
120,8,0.2,24,5262.02,5257.33,5257.33,0.000890707,0.000890707,2062,3843,6975,1.86372,3.38264,42,42,42,2,2,2,2,5230.71,5226.03,5249.36,0.00594842,0.00683912,0.0024042,0.000896037,-0.00356542,427,550,580,0.207081,0.266731,0.28128,1.28806,1.35831,47,47,44,2,3,2,3
120,9,0.2,24,4344.84,4340.15,4324.14,0.00107873,0.00476338,722,1354,2651,1.87535,3.67175,30,30,29,2,2,2,2,4394.63,4389.94,4389.94,-0.0114598,-0.010381,-0.010381,0.00106651,0.00106651,106,191,394,0.146814,0.264543,0.545706,1.80189,3.71698,33,33,33,2,2,2,2
120,10,0.2,24,4803.55,4801.21,4801.21,0.00048786,0.00048786,1420,1881,3537,1.32465,2.49085,35,35,35,1,1,1,1,4864.41,4864.41,4864.41,-0.0126697,-0.0126697,-0.0126697,1.86969e-16,1.86969e-16,290,406,513,0.204225,0.285915,0.361268,1.4,1.76897,38,38,38,1,2,1,1
130,1,0,0,3296.81,3294.47,3294.47,0.000710825,0.000710825,942,1933,3837,2.05202,4.07325,38,38,38,1,1,1,1,3638,3635.65,3618.95,-0.103489,-0.102778,-0.0977107,0.000644162,0.00523611,210,294,363,0.22293,0.312102,0.38535,1.4,1.72857,32,32,32,1,2,1,2
130,2,0,0,4410.34,4404.6,4404.6,0.0013022,0.0013022,1221,2587,4650,2.11876,3.80835,36,36,36,1,1,1,1,4551.58,4545.84,4545.84,-0.0320236,-0.0307214,-0.0307214,0.00126179,0.00126179,205,323,470,0.167895,0.264537,0.38493,1.57561,2.29268,44,44,43,2,4,2,2
130,3,0,0,4551.86,4551.86,4551.86,0,0,1078,2124,4156,1.97032,3.85529,37,37,37,0,0,0,0,4595.63,4593.29,4593.29,-0.00961698,-0.00910215,-0.00910215,0.000509931,0.000509931,84,253,306,0.0779221,0.234694,0.283859,3.0119,3.64286,44,44,44,1,1,1,1
130,4,0,0,4466.06,4462.42,4462.14,0.000814241,0.000877452,874,1738,2310,1.98856,2.64302,29,29,23,1,1,1,1,4539.48,4537.13,4537.13,-0.0164395,-0.0159148,-0.0159148,0.00051624,0.00051624,218,221,288,0.249428,0.25286,0.329519,1.01376,1.3211,27,27,27,1,2,1,1
130,5,0,0,3081.3,3076.62,3048.87,0.00152108,0.0105248,352,846,1910,2.40341,5.42614,23,23,25,2,4,6,8,3031.42,3031.42,3031.42,0.016187,0.016187,0.016187,0,0,83,155,229,0.235795,0.440341,0.650568,1.86747,2.75904,37,37,37,0,0,0,0
130,6,0,0,3285.88,3270.65,3238.62,0.00463485,0.0143826,583,1465,2517,2.51286,4.31732,30,30,26,1,1,1,3,3296.35,3281.12,3266.84,-0.00318654,0.0014483,0.00579607,0.00462012,0.00895408,101,229,360,0.173242,0.392796,0.617496,2.26733,3.56436,30,30,34,1,2,1,1
130,7,0,0,3216.4,3216.4,3216.4,0,0,369,1220,2404,3.30623,6.51491,21,21,21,0,0,0,0,3168.57,3160.46,3157.17,0.0148694,0.0173927,0.0184152,0.0025614,0.00359928,164,407,388,0.444444,1.10298,1.05149,2.48171,2.36585,26,26,27,1,2,2,1
130,8,0,0,3426.53,3424.18,3424.18,0.000683916,0.000683916,876,2238,3929,2.55479,4.48516,33,33,33,1,1,1,1,3411.85,3409.5,3409.5,0.00428424,0.00496816,0.00496816,0.000686859,0.000686859,175,330,503,0.199772,0.376712,0.574201,1.88571,2.87429,45,45,45,1,2,1,1
130,9,0,0,3886.97,3883.5,3848.99,0.000892205,0.00977014,935,2017,4067,2.15722,4.34973,34,34,35,1,1,1,1,3886.97,3883.5,3848.99,0,0.000892205,0.00977014,0.000892205,0.00977014,72,273,311,0.0770053,0.291979,0.33262,3.79167,4.31944,34,34,35,1,1,1,1
130,10,0,0,5234.55,5227.52,5214.26,0.00134307,0.00387521,783,1665,3190,2.12644,4.07407,23,23,24,1,1,2,1,5234.55,5227.52,5214.26,0,0.00134307,0.00387521,0.00134307,0.00387521,76,254,400,0.0970626,0.324393,0.510856,3.34211,5.26316,23,23,24,1,1,2,1
130,1,0.05,7,4279.39,4274.7,4274.7,0.00109523,0.00109523,975,2161,4376,2.21641,4.48821,31,31,31,2,2,2,2,4284.13,4279.44,4279.44,-0.00110774,-1.25057e-05,-1.25057e-05,0.00109402,0.00109402,107,278,302,0.109744,0.285128,0.309744,2.59813,2.82243,34,34,34,2,2,2,2
130,2,0.05,7,4279.94,4279.94,4279.94,0,0,950,1744,3208,1.83579,3.37684,24,24,24,0,0,0,0,4252.12,4252.12,4281.64,0.00650097,0.00650097,-0.00039715,0,-0.00694325,188,198,312,0.197895,0.208421,0.328421,1.05319,1.65957,23,23,22,0,1,0,1
130,3,0.05,7,4951.19,4947.61,4913.66,0.000724661,0.0075816,467,1065,2253,2.28051,4.82441,13,13,15,2,1,4,3,4973.81,4969.13,4936.27,-0.0045683,-0.00362168,0.0030133,0.000942318,0.00754712,73,305,224,0.156317,0.653105,0.479657,4.17808,3.06849,13,13,14,2,1,4,3
130,4,0.05,7,3813.84,3718.32,3737.73,0.025044,0.0199546,897,2171,3309,2.42029,3.68896,25,25,24,5,3,8,6,3815.71,3758.1,3793.42,-0.000490135,0.0146154,0.00535469,0.0150981,0.00584196,369,463,684,0.411371,0.516165,0.762542,1.25474,1.85366,31,31,33,4,7,8,6
130,5,0.05,7,3342.74,3331.88,3336.23,0.00324825,0.00194883,928,1738,2787,1.87284,3.00323,29,29,26,4,3,6,4,3300.51,3297.93,3294.37,0.0126321,0.0134056,0.0144713,0.000783466,0.00186281,290,419,747,0.3125,0.451509,0.804957,1.44483,2.57586,35,35,35,1,4,3,6
130,6,0.05,7,3387.73,3387.73,3461.63,0,-0.0218118,538,1572,2643,2.92193,4.91264,28,28,20,0,2,0,2,3562.63,3557.94,3482.38,-0.0516259,-0.0502424,-0.0279381,0.00131558,0.0225249,213,420,516,0.395911,0.780669,0.959108,1.97183,2.42254,33,33,30,2,7,2,5
130,7,0.05,7,4184.64,4175.5,4108.63,0.00218214,0.0181622,1002,1931,3352,1.92715,3.34531,32,32,30,1,2,1,2,4253.33,4231.02,4174.64,-0.0164159,-0.0110832,0.00238859,0.00524655,0.0185008,116,292,374,0.115768,0.291417,0.373253,2.51724,3.22414,37,37,39,2,2,2,2
130,8,0.05,7,4092.35,4077.22,3860.67,0.00369674,0.0566134,1240,2211,5803,1.78306,4.67984,38,38,34,4,4,8,5,4179.46,4161.99,4135.78,-0.0212856,-0.0170162,-0.0106112,0.0041804,0.010452,87,178,355,0.0701613,0.143548,0.28629,2.04598,4.08046,44,44,46,5,6,9,10
130,9,0.05,7,4444.54,4444.54,4444.54,0,0,633,1342,2524,2.12006,3.98736,30,30,30,0,0,0,0,4444.54,4444.54,4444.54,0,0,0,0,0,115,189,279,0.181675,0.298578,0.440758,1.64348,2.42609,30,30,30,0,1,0,0
130,10,0.05,7,4612.97,4608.09,4606.57,0.00105704,0.00138743,2216,4215,7968,1.90208,3.59567,52,52,51,2,2,2,2,4790.73,4786.04,4779.7,-0.0385354,-0.0375194,-0.036144,0.00097833,0.00230271,323,406,707,0.145758,0.183213,0.319043,1.25697,2.18885,50,50,51,2,2,2,1
130,1,0.1,13,3483.34,3478.65,3472.35,0.00134552,0.00315508,947,1739,3514,1.83633,3.71067,37,37,38,2,1,2,1,3518.15,3513.46,3507.16,-0.00999349,-0.00864797,-0.00683841,0.00133221,0.00312386,148,277,378,0.156283,0.292503,0.399155,1.87162,2.55405,40,40,41,2,1,2,1
130,2,0.1,13,3314.75,3314.75,3314.75,0,0,562,1193,1754,2.12278,3.121,25,25,25,0,0,0,0,3314.75,3311.5,3300.05,0,0.00098158,0.00443558,0.00098158,0.00443558,65,165,270,0.115658,0.293594,0.480427,2.53846,4.15385,26,26,28,1,1,1,1
130,3,0.1,13,5376.69,5375.66,5375.66,0.000192212,0.000192212,1005,1804,3720,1.79502,3.70149,39,39,39,1,1,1,1,5436.01,5434.97,5434.97,-0.0110317,-0.0108395,-0.0108395,0.000190115,0.000190115,116,260,292,0.115423,0.258706,0.290547,2.24138,2.51724,40,40,40,1,1,1,1
130,4,0.1,13,4153.49,4153.49,4153.49,0,0,1206,2605,4730,2.16003,3.92206,36,36,36,0,0,0,0,4153.49,4153.49,4153.49,0,0,0,0,0,178,234,341,0.147595,0.19403,0.282753,1.31461,1.91573,37,37,37,0,1,0,0
130,5,0.1,13,4283.82,4270.01,4259.34,0.00322305,0.00571534,621,1688,2900,2.7182,4.66989,31,31,32,4,4,4,4,4277.01,4264.25,4241.46,0.00158924,0.00456839,0.00988757,0.00298389,0.00831154,127,171,245,0.204509,0.275362,0.394525,1.34646,1.92913,31,31,34,4,4,4,4
130,6,0.1,13,3266.73,3264.38,3264.38,0.000717372,0.000717372,1054,2525,4052,2.39564,3.8444,32,32,32,1,1,1,1,3266.73,3264.38,3379.72,0,0.000717372,-0.0345904,0.000717372,-0.0345904,420,366,512,0.398482,0.347249,0.485769,0.871429,1.21905,42,42,35,1,3,1,2
130,7,0.1,13,3685.39,3667.96,3667.96,0.00472756,0.00472756,1152,1989,4117,1.72656,3.57378,35,35,34,4,4,4,4,3685.28,3677.95,3660.33,2.78111e-05,0.00201815,0.00679863,0.00199039,0.00677101,317,360,624,0.275174,0.3125,0.541667,1.13565,1.96845,35,35,36,4,4,4,4
130,8,0.1,13,4883.98,4851.19,4816.76,0.00671359,0.0137627,994,1545,3531,1.55433,3.55231,34,34,36,1,1,1,1,4879.65,4846.86,4812.43,0.000886001,0.00759959,0.0146487,0.00671954,0.0137749,120,252,382,0.120724,0.253521,0.384306,2.1,3.18333,36,36,38,1,1,1,1
130,9,0.1,13,4299.45,4299.45,4299.45,0,0,1085,2351,4396,2.16682,4.05161,38,38,38,0,0,0,0,4669.34,4669.34,4669.34,-0.0860338,-0.0860338,-0.0860338,0,0,83,210,263,0.0764977,0.193548,0.242396,2.53012,3.16867,35,35,35,0,0,0,0
130,10,0.1,13,4825.43,4818.31,4782.77,0.00147726,0.00884097,845,1774,3544,2.09941,4.19408,33,33,33,2,2,7,7,5010.15,4992.31,4997.59,-0.0382803,-0.0345826,-0.0356765,0.00356136,0.00250784,293,283,589,0.346746,0.334911,0.697041,0.96587,2.01024,36,36,39,1,2,6,7
130,1,0.2,26,4217.51,4199.19,4199.19,0.00434354,0.00434354,1031,2992,5469,2.90204,5.30456,40,40,40,2,2,2,2,4217.51,4199.19,4189.16,0,0.00434354,0.00672134,0.00434354,0.00672134,104,287,291,0.100873,0.278371,0.28225,2.75962,2.79808,42,42,44,2,2,2,2
130,2,0.2,26,3799.65,3790.34,3790.34,0.00245058,0.00245058,1063,2420,4801,2.27658,4.51646,38,38,38,1,1,1,1,3831.86,3726.41,3820.4,-0.00847618,0.0192771,-0.00545981,0.02752,0.00299102,281,432,515,0.264346,0.406397,0.484478,1.53737,1.83274,43,43,41,5,4,6,3
130,3,0.2,26,4028.59,4016.7,4056.36,0.00295204,-0.00689223,2016,2923,5044,1.4499,2.50198,48,48,40,2,3,2,6,4101.9,4058.75,4046.04,-0.0181958,-0.00748671,-0.0043301,0.0105177,0.0136179,467,567,864,0.231647,0.28125,0.428571,1.21413,1.85011,48,48,49,3,6,3,4
130,4,0.2,26,4287.27,4287.27,4287.27,0,0,1258,2568,4284,2.04134,3.40541,38,38,38,0,0,0,0,4316.69,4316.69,4316.69,-0.0068609,-0.0068609,-0.0068609,0,0,135,220,331,0.107313,0.174881,0.263116,1.62963,2.45185,41,41,41,0,0,0,0
130,5,0.2,26,3997.7,3981.01,3981.01,0.00417346,0.00417346,1377,3120,6026,2.2658,4.37618,38,38,38,3,3,3,3,3997.7,3981.01,3981.01,0,0.00417346,0.00417346,0.00417346,0.00417346,255,459,590,0.185185,0.333333,0.428468,1.8,2.31373,46,46,45,3,5,3,3
130,6,0.2,26,4139.96,4132.93,4132.93,0.00169817,0.00169817,529,1472,2637,2.78261,4.98488,31,31,31,2,2,2,2,4117.47,4110.44,4110.44,0.00543318,0.00713135,0.00713135,0.00170745,0.00170745,146,269,356,0.275992,0.508507,0.672968,1.84247,2.43836,36,36,36,2,2,2,2
130,7,0.2,26,4203.86,4190.61,4178.38,0.0031526,0.00606184,1586,2914,5731,1.83733,3.61349,39,39,40,2,2,2,2,4190.73,4184.42,4172.19,0.00312386,0.00462512,0.00753435,0.00150597,0.00442432,388,491,639,0.244641,0.309584,0.4029,1.26546,1.64691,40,40,41,2,3,2,2
130,8,0.2,26,3285.08,3285.08,3224.8,0,0.0183478,913,2231,4966,2.44359,5.43921,32,32,36,0,2,0,2,3279.31,3279.31,3279.31,0.00175542,0.00175542,0.00175542,0,0,180,287,414,0.197152,0.314348,0.45345,1.59444,2.3,34,34,34,0,0,0,0
130,9,0.2,26,3348.24,3322.43,3301.78,0.007711,0.0138761,1067,2261,4843,2.11903,4.53889,42,42,44,1,2,1,2,3380.05,3354.23,3354.23,-0.00949862,-0.00178762,-0.00178762,0.00763844,0.00763844,146,223,247,0.136832,0.208997,0.23149,1.5274,1.69178,38,38,38,1,1,1,1
130,10,0.2,26,5949.14,5931.15,5936.39,0.0030245,0.00214249,1661,3368,6591,2.02769,3.96809,41,41,40,5,5,5,5,6018.04,6005.46,6005.46,-0.0115825,-0.00946675,-0.00946675,0.00209149,0.00209149,364,367,652,0.219145,0.220951,0.392535,1.00824,1.79121,44,44,43,3,6,3,4
140,1,0,0,3461.49,3461.49,3461.49,0,0,477,951,2068,1.99371,4.33543,14,14,14,0,0,0,0,3528.76,3528.76,3461.49,-0.0194329,-0.0194329,0,0,0.0190624,97,209,551,0.203354,0.438155,1.15514,2.15464,5.68041,11,11,20,0,1,0,0
140,2,0,0,5769.49,5767.15,5752.82,0.000406181,0.00288973,1958,3381,6827,1.72676,3.48672,44,44,42,1,2,1,2,5769.49,5767.15,5752.98,0,0.000406181,0.00286277,0.000406181,0.00286277,172,408,456,0.0878447,0.208376,0.232891,2.37209,2.65116,45,45,46,1,3,1,1
140,3,0,0,3755.9,3752.95,3732.43,0.000787401,0.0062504,403,1179,1851,2.92556,4.59305,17,17,15,1,1,1,1,3676.34,3645.09,3701.18,0.0211836,0.0295039,0.0145706,0.0085003,-0.00675611,158,230,333,0.39206,0.57072,0.826303,1.4557,2.10759,20,20,17,1,2,1,2
140,4,0,0,4081.15,4049.81,4049.81,0.0076791,0.0076791,1330,3280,5691,2.46617,4.27895,35,35,35,2,2,2,2,4081.15,4049.81,4049.81,0,0.0076791,0.0076791,0.0076791,0.0076791,150,348,653,0.112782,0.261654,0.490977,2.32,4.35333,35,35,34,2,4,2,3
140,5,0,0,3423.99,3421.55,3421.55,0.000714099,0.000714099,931,1615,3394,1.73469,3.64554,22,22,22,1,1,1,1,3464.55,3462.2,3418.33,-0.0118433,-0.0111589,0.00165299,0.000676411,0.0133384,171,325,490,0.183673,0.349087,0.526316,1.90058,2.8655,25,25,28,1,1,2,1
140,6,0,0,4279.69,4279.69,4279.69,0,0,533,975,1975,1.82927,3.70544,20,20,20,0,0,0,0,4493.71,4493.71,4465.84,-0.0500077,-0.0500077,-0.0434959,0,0.00620164,145,248,376,0.272045,0.465291,0.705441,1.71034,2.5931,20,20,20,0,1,0,1
140,7,0,0,3642.83,3642.83,3642.83,0,0,1333,2408,4324,1.80645,3.24381,27,27,27,0,0,0,0,3727.13,3727.13,3727.13,-0.0231408,-0.0231408,-0.0231408,0,0,179,317,470,0.134284,0.237809,0.352588,1.77095,2.6257,29,29,29,0,0,0,0
140,8,0,0,3614.12,3581.82,3587.59,0.00893842,0.0073422,363,895,1344,2.46556,3.70248,15,15,14,1,1,1,3,3617.34,3614.99,3614.99,-0.000889508,-0.000241092,-0.000241092,0.000647841,0.000647841,104,238,267,0.286501,0.655647,0.735537,2.28846,2.56731,18,18,18,1,2,1,1
140,9,0,0,4378.29,4375.95,4368.95,0.000535245,0.00213354,750,2109,3687,2.812,4.916,35,35,34,1,1,1,1,4397.41,4395.07,4388.07,-0.00436788,-0.00383263,-0.00223433,0.000532917,0.00212427,124,316,371,0.165333,0.421333,0.494667,2.54839,2.99194,38,38,39,1,1,1,1
140,10,0,0,3334.89,3334.89,3334.89,0,0,602,1580,3335,2.62458,5.53987,30,30,30,0,0,0,0,3497.45,3495.11,3485.71,-0.048745,-0.0480423,-0.0452232,0.000670047,0.00335815,106,282,398,0.17608,0.468439,0.66113,2.66038,3.75472,41,41,43,1,1,1,1
140,1,0.05,7,4266.93,4266.93,4266.93,0,0,1518,3150,5805,2.0751,3.82411,35,35,35,0,0,0,0,4293.86,4293.86,4293.86,-0.00631191,-0.00631191,-0.00631191,0,0,219,398,553,0.144269,0.262187,0.364295,1.81735,2.52511,37,37,37,0,0,0,0
140,2,0.05,7,3936.43,3898.14,3771.49,0.0097266,0.0419006,1160,2622,7123,2.26034,6.14052,34,34,41,3,3,4,2,3940.94,3924.31,3768.76,-0.00114552,0.00307819,0.0425955,0.00421888,0.043691,93,366,848,0.0801724,0.315517,0.731034,3.93548,9.11828,34,34,42,3,4,3,3
140,3,0.05,7,4567.11,4561.27,4520.08,0.00127993,0.0102986,619,1833,3234,2.96123,5.22456,28,28,29,2,2,2,2,4594.07,4590.16,4548.97,-0.00590226,-0.00504621,0.00397245,0.000851026,0.00981677,255,311,429,0.411955,0.502423,0.693053,1.21961,1.68235,27,27,28,1,2,1,1
140,4,0.05,7,4642.32,4625.65,4625.65,0.00359022,0.00359022,507,1110,2304,2.18935,4.54438,20,20,20,2,2,2,2,4643.36,4641.02,4641.02,-0.000223354,0.000281448,0.000281448,0.00050469,0.00050469,112,275,314,0.220907,0.542406,0.619329,2.45536,2.80357,25,25,25,1,1,1,1
140,5,0.05,7,5178.06,5126.37,5170.7,0.00998182,0.00142121,1197,2306,3982,1.92648,3.32665,36,36,26,2,4,2,6,5210.36,5151.93,5151.93,-0.00623781,0.00504714,0.00504714,0.011215,0.011215,100,299,349,0.0835422,0.249791,0.291562,2.99,3.49,37,37,37,3,3,3,3
140,6,0.05,7,4023.27,4023.27,4023.27,0,0,653,1542,2848,2.36141,4.36141,22,22,22,0,0,0,0,4109.88,4109.88,4109.88,-0.0215275,-0.0215275,-0.0215275,0,0,208,348,585,0.31853,0.532925,0.895865,1.67308,2.8125,25,25,25,0,1,0,0
140,7,0.05,7,3710.11,3695.19,3657.81,0.0040222,0.014097,1665,2921,5979,1.75435,3.59099,30,30,31,1,1,5,3,3837.05,3831.64,3762.14,-0.0342132,-0.0327551,-0.0140219,0.00140986,0.0195233,271,413,1142,0.162763,0.248048,0.685886,1.52399,4.21402,30,30,33,1,2,5,1
140,8,0.05,7,5239.56,5234.87,5234.87,0.000894525,0.000894525,1725,3144,5822,1.82261,3.37507,37,37,37,1,1,1,1,5234.22,5229.54,5229.54,0.00101792,0.00191245,0.00191245,0.000895436,0.000895436,165,373,501,0.0956522,0.216232,0.290435,2.26061,3.03636,41,41,41,1,2,1,1
140,9,0.05,7,3848.34,3845.99,3845.99,0.000608953,0.000608953,763,1794,3331,2.35125,4.36566,24,24,24,1,1,1,1,3851.32,3847.75,3836.86,-0.000776456,0.000152201,0.00298107,0.000927936,0.00375462,230,355,475,0.301442,0.465269,0.622543,1.54348,2.06522,28,28,26,2,5,2,4
140,10,0.05,7,4678.73,4675.28,4675.28,0.000738787,0.000738787,734,1805,3195,2.45913,4.35286,33,33,33,1,1,1,1,4780.58,4778.24,4778.24,-0.0217691,-0.0212682,-0.0212682,0.000490203,0.000490203,112,294,330,0.152589,0.400545,0.449591,2.625,2.94643,35,35,35,1,1,1,1
140,1,0.1,14,4809.59,4809.59,4809.59,0,0,1061,2227,4349,2.09896,4.09896,41,41,41,0,0,0,0,4858.89,4858.89,4858.73,-0.0102499,-0.0102499,-0.0102172,0,3.24155e-05,152,254,284,0.143261,0.239397,0.267672,1.67105,1.86842,40,40,39,0,1,0,1
140,2,0.1,14,4119.01,4114.32,4153.84,0.00113787,-0.00845672,701,1869,2870,2.66619,4.09415,27,27,25,2,1,2,1,4119.01,4114.32,4153.84,0,0.00113787,-0.00845672,0.00113787,-0.00845672,311,322,414,0.443652,0.459344,0.590585,1.03537,1.33119,28,28,26,2,2,2,1
140,3,0.1,14,4282.13,4282.13,4282.13,0,0,474,1144,1719,2.4135,3.62658,16,16,16,0,0,0,0,4503.87,4503.87,4484.36,-0.0517846,-0.0517846,-0.0472282,0,0.00433213,174,238,307,0.367089,0.50211,0.647679,1.36782,1.76437,25,25,24,0,1,0,1
140,4,0.1,14,4767.81,4757.43,4769.7,0.00217805,-0.000395028,1206,3733,5899,3.09536,4.89138,53,53,46,3,4,3,4,4776.14,4765.76,4765.76,-0.0017469,0.000431148,0.000431148,0.00217425,0.00217425,260,484,706,0.215589,0.401327,0.585406,1.86154,2.71538,55,55,55,3,4,3,3
140,5,0.1,14,4409.53,4402.5,4402.5,0.00159436,0.00159436,1092,3306,6244,3.02747,5.71795,50,50,50,2,2,2,2,4409.53,4402.5,4405.14,0,0.00159436,0.000995038,0.00159436,0.000995038,309,360,477,0.282967,0.32967,0.436813,1.16505,1.54369,56,56,56,2,5,2,3
140,6,0.1,14,4060.65,3924.36,4013.4,0.0335623,0.0116345,1705,3223,4846,1.89032,2.84223,43,43,42,3,2,3,2,4095.93,4064.68,4138.41,-0.0086882,-0.00099238,-0.0191514,0.00762953,-0.0103731,386,506,559,0.226393,0.296774,0.327859,1.31088,1.44819,42,42,38,1,5,1,5
140,7,0.1,14,3597.6,3597.6,3597.6,0,0,1256,2233,4800,1.77787,3.82166,26,26,26,0,0,0,0,3575.37,3569.63,3572.59,0.00617836,0.00777474,0.00695103,0.00160631,0.000777479,402,404,578,0.320064,0.321656,0.460191,1.00498,1.43781,29,29,29,3,3,3,3
140,8,0.1,14,3155.21,3150.52,3138.43,0.00148545,0.00531704,1605,3636,6923,2.26542,4.3134,45,45,47,1,1,1,1,3131.73,3131.73,3186.24,0.00744191,0.00744191,-0.00983545,0,-0.0174069,537,466,766,0.334579,0.290343,0.477259,0.867784,1.42644,53,53,54,0,3,0,0
140,9,0.1,14,4341.66,4341.66,4341.53,0,2.9999e-05,1617,2968,5349,1.8355,3.30798,28,28,27,0,1,0,1,4377.95,4377.95,4325.96,-0.0083586,-0.0083586,0.00361635,0,0.0118757,169,264,402,0.104515,0.163265,0.248609,1.56213,2.3787,25,25,24,0,1,0,1
140,10,0.1,14,3910.25,3907.07,3892.58,0.000813263,0.00451973,512,1587,2990,3.09961,5.83984,24,24,25,2,2,2,2,3910.25,3907.07,3892.58,0,0.000813263,0.00451973,0.000813263,0.00451973,56,258,343,0.109375,0.503906,0.669922,4.60714,6.125,24,24,25,2,2,2,2
140,1,0.2,28,6402.58,6393.21,6338.12,0.00146407,0.0100692,2738,5460,10135,1.99416,3.70161,51,51,48,2,2,3,4,6533.87,6526.84,6486.78,-0.0205052,-0.0194072,-0.0131505,0.00107599,0.00720692,542,645,896,0.197955,0.235573,0.327246,1.19004,1.65314,57,57,59,2,3,3,2
140,2,0.2,28,4239.78,4224.85,4218.93,0.00352047,0.00491835,1006,1759,4650,1.74851,4.62227,38,38,39,2,1,2,1,4239.78,4224.85,4218.93,0,0.00352047,0.00491835,0.00352047,0.00491835,82,248,330,0.0815109,0.246521,0.328032,3.02439,4.02439,36,36,37,2,1,2,1
140,3,0.2,28,4993.71,4986.44,4951.52,0.00145709,0.00844915,1291,2757,4225,2.13555,3.27266,40,40,32,3,5,3,5,5005.34,4998.07,4998.07,-0.00232931,-0.000872224,-0.000872224,0.0014537,0.0014537,157,261,359,0.121611,0.202169,0.278079,1.66242,2.28662,45,45,45,3,3,3,3
140,4,0.2,28,5261.32,5231.72,5206.64,0.00562576,0.0103927,1119,2971,5321,2.65505,4.75514,43,43,42,3,4,4,6,5445.75,5428.27,5428.27,-0.035055,-0.031732,-0.031732,0.00321043,0.00321043,272,392,463,0.243074,0.350313,0.413762,1.44118,1.70221,41,41,42,4,6,5,5
140,5,0.2,28,5583.59,5578.91,5532.34,0.000839408,0.00918007,1145,2137,4116,1.86638,3.59476,28,28,27,2,4,2,4,5587.56,5582.87,5544.38,-0.000710537,0.000128871,0.00702344,0.000838812,0.00772849,185,268,391,0.161572,0.234061,0.341485,1.44865,2.11351,28,28,29,3,3,3,3
140,6,0.2,28,3809.94,3802.54,3794.25,0.00194162,0.00411834,879,1792,3736,2.03868,4.25028,20,20,21,4,3,4,3,3794.44,3787.04,3778.75,0.00406749,0.00600911,0.00818582,0.00194955,0.00413516,272,401,501,0.309443,0.4562,0.569966,1.47426,1.84191,25,25,26,4,3,4,3
140,7,0.2,28,5407.08,5402.4,5402.4,0.00086681,0.00086681,1162,2047,4452,1.76162,3.83133,31,31,31,2,2,2,2,5408.32,5385.17,5415.34,-0.000229284,0.00405236,-0.00152731,0.00428066,-0.00129773,250,331,463,0.215146,0.284854,0.398451,1.324,1.852,43,43,40,6,9,6,9
140,8,0.2,28,4445.25,4429.21,4424.52,0.00360837,0.00466383,1705,3930,6485,2.30499,3.80352,47,47,45,1,3,1,3,4559.11,4545.19,4531.19,-0.0256131,-0.0224815,-0.0193332,0.0030534,0.00612303,295,370,442,0.173021,0.217009,0.259238,1.25424,1.49831,48,48,47,2,2,2,2
140,9,0.2,28,5679.92,5675.22,5572.9,0.000827176,0.0188422,1453,3788,7351,2.60702,5.05919,38,38,40,3,3,3,2,5679.92,5675.22,5593.93,0,0.000827176,0.0151395,0.000827176,0.0151395,162,414,460,0.111493,0.284928,0.316586,2.55556,2.83951,38,38,42,3,3,3,2
140,10,0.2,28,4778.54,4778.54,4778.54,0,0,821,1762,4144,2.14616,5.0475,25,25,25,0,0,0,0,4778.54,4778.54,4778.54,0,0,0,0,0,182,283,427,0.221681,0.344702,0.520097,1.55495,2.34615,26,26,26,0,0,0,0
150,1,0,0,3905.9,3905.9,3905.9,0,0,407,774,1517,1.90172,3.72727,9,9,9,0,0,0,0,3905.59,3890.71,3890.71,7.69975e-05,0.00388822,0.00388822,0.00381152,0.00381152,279,536,534,0.685504,1.31695,1.31204,1.92115,1.91398,11,11,12,1,2,1,1
150,2,0,0,4148.99,4148.99,4148.99,0,0,666,1578,2604,2.36937,3.90991,34,34,34,0,0,0,0,4295.74,4295.74,4304.44,-0.0353701,-0.0353701,-0.0374657,0,-0.00202406,261,382,566,0.391892,0.573574,0.84985,1.4636,2.16858,38,38,36,0,0,0,0
150,3,0,0,5160.91,5159.85,5159.85,0.000204659,0.000204659,1872,3003,5937,1.60417,3.17147,31,31,31,1,1,1,1,5199.79,5198.74,5198.74,-0.00753517,-0.00733051,-0.00733051,0.000203129,0.000203129,192,326,380,0.102564,0.174145,0.202991,1.69792,1.97917,35,35,35,1,1,1,1
150,4,0,0,5131.97,5130.82,5130.82,0.00022447,0.00022447,1264,3422,6483,2.70728,5.12896,51,51,51,1,1,1,1,5131.97,5130.82,5130.82,0,0.00022447,0.00022447,0.00022447,0.00022447,123,305,335,0.0973101,0.241297,0.265032,2.47967,2.72358,51,51,51,1,1,1,1
150,5,0,0,4026.12,4016.75,3991.23,0.00232825,0.00866568,1332,2266,5001,1.7012,3.7545,43,43,46,3,1,7,2,4429.96,4418.24,4393.04,-0.100304,-0.0973938,-0.0911344,0.00264501,0.0083338,212,407,611,0.159159,0.305556,0.458709,1.91981,2.88208,45,45,48,4,3,8,5
150,6,0,0,3445.72,3431.28,3389.63,0.00419163,0.0162789,447,1425,2374,3.18792,5.31096,18,18,17,2,2,4,4,3466.68,3460.37,3460.37,-0.00608111,-0.00424954,-0.00424954,0.0018205,0.0018205,129,224,353,0.288591,0.501119,0.789709,1.73643,2.73643,17,17,17,1,1,3,3
150,7,0,0,4112.37,4112.37,4112.37,0,0,1041,1947,4196,1.87032,4.03074,30,30,30,0,0,0,0,4153.08,4153.08,4153.08,-0.00989712,-0.00989712,-0.00989712,0,0,92,178,268,0.0883766,0.170989,0.257445,1.93478,2.91304,28,28,28,0,0,0,0
150,8,0,0,4529.17,4524.49,4524.49,0.00103483,0.00103483,1238,2573,4722,2.07835,3.81422,38,38,38,1,1,1,1,4567.53,4548.59,4536.69,-0.0084688,-0.00428803,-0.00165931,0.00414566,0.00675231,205,299,551,0.16559,0.241519,0.445073,1.45854,2.6878,37,37,40,2,4,2,3
150,9,0,0,4410.74,4378.99,4378.99,0.00719718,0.00719718,2226,4340,9874,1.94969,4.43576,53,53,53,4,4,4,4,4457.12,4429.18,4429.18,-0.0105166,-0.00418117,-0.00418117,0.00626948,0.00626948,257,512,652,0.115454,0.230009,0.292902,1.99222,2.53696,65,65,65,3,4,3,3
150,10,0,0,3753.88,3751.54,3788.14,0.000624276,-0.00912526,561,1398,3297,2.49198,5.87701,29,29,23,1,2,1,2,3817.83,3815.49,3815.49,-0.0170364,-0.0164121,-0.0164121,0.000613819,0.000613819,103,312,358,0.183601,0.55615,0.638146,3.02913,3.47573,36,36,36,1,2,1,1
150,1,0.05,8,4176.8,4176.8,4176.8,0,0,549,1508,2552,2.74681,4.64845,23,23,23,0,0,0,0,4204.11,4204.11,4204.11,-0.0065373,-0.0065373,-0.0065373,0,0,134,268,393,0.24408,0.48816,0.715847,2,2.93284,25,25,25,0,0,0,0
150,2,0.05,8,4971.26,4956.66,4956.66,0.00293726,0.00293726,1262,2314,4724,1.8336,3.74326,46,46,46,2,2,2,2,5111.97,5099.71,5099.71,-0.0283049,-0.025839,-0.025839,0.00239798,0.00239798,182,238,293,0.144216,0.18859,0.232171,1.30769,1.60989,50,50,50,1,1,1,1
150,3,0.05,8,4812.88,4790.55,4711.53,0.00463958,0.0210583,2270,4356,6259,1.91894,2.75727,34,34,37,5,5,7,6,4816.31,4790.42,4710.79,-0.000711809,0.0046667,0.0212121,0.00537469,0.0219084,561,591,923,0.247137,0.260352,0.406608,1.05348,1.64528,41,41,45,5,5,8,4
150,4,0.05,8,4705.78,4662.75,4661.56,0.0091433,0.00939575,1673,3807,6353,2.27555,3.79737,42,42,40,2,3,2,3,4726.32,4683.29,4682.1,-0.00436502,0.00477828,0.00503073,0.00910356,0.00935491,323,439,497,0.193066,0.262403,0.297071,1.35913,1.5387,42,42,43,2,4,2,2
150,5,0.05,8,4852.64,4852.64,4852.64,0,0,2311,4626,8315,2.00173,3.59801,40,40,40,0,0,0,0,4854.69,4854.69,4854.69,-0.000422995,-0.000422995,-0.000422995,0,0,289,400,636,0.125054,0.173085,0.275206,1.38408,2.20069,39,39,38,0,1,0,1
150,6,0.05,8,4544.06,4540.66,4539.45,0.00074816,0.00101452,2327,4099,8040,1.7615,3.45509,49,49,48,1,2,1,2,4561.69,4555.95,4555.95,-0.00387922,-0.00261534,-0.00261534,0.00125899,0.00125899,188,338,504,0.0807907,0.145251,0.216588,1.79787,2.68085,48,48,48,2,2,2,2
150,7,0.05,8,5639.49,5639.49,5639.49,0,0,2456,3949,7916,1.6079,3.22313,41,41,41,0,0,0,0,5639.49,5639.49,5639.49,0,0,0,0,0,520,377,651,0.211726,0.153502,0.265065,0.725,1.25192,41,41,40,0,1,0,1
150,8,0.05,8,4840.6,4840.6,4840.6,0,0,1566,2074,4725,1.32439,3.01724,27,27,27,0,0,0,0,5031.25,5031.25,5031.25,-0.039386,-0.039386,-0.039386,0,0,263,326,372,0.167944,0.208174,0.237548,1.23954,1.41445,24,24,24,0,0,0,0
150,9,0.05,8,4898.66,4896.31,4896.31,0.000478388,0.000478388,356,1166,1982,3.27528,5.56742,21,21,21,1,1,1,1,4898.66,4896.31,4896.31,0,0.000478388,0.000478388,0.000478388,0.000478388,56,239,300,0.157303,0.671348,0.842697,4.26786,5.35714,21,21,21,1,1,1,1
150,10,0.05,8,4420.31,4387.6,4369.98,0.00740005,0.0113868,1840,3498,6985,1.90109,3.7962,50,50,51,5,5,5,5,4530.06,4515.51,4497.89,-0.0248275,-0.0215371,-0.0175503,0.00321077,0.00710093,230,384,589,0.125,0.208696,0.320109,1.66957,2.56087,46,46,47,4,4,4,4
150,1,0.1,15,5532.35,5526.13,5468.61,0.0011243,0.0115212,1965,3452,7919,1.75674,4.03003,48,48,52,3,3,3,2,5515.79,5511.1,5508.85,0.00299323,0.00384041,0.00424769,0.000849726,0.00125822,199,355,494,0.101272,0.180662,0.251399,1.78392,2.48241,52,52,53,2,2,2,2
150,2,0.1,15,4281.09,4281.09,4186.6,0,0.0220701,1175,2062,4832,1.75489,4.11234,31,31,34,0,2,0,2,4342.61,4269.95,4269.95,-0.0143696,0.00260135,0.00260135,0.0167306,0.0167306,308,460,632,0.262128,0.391489,0.537872,1.49351,2.05195,46,46,46,2,2,2,2
150,3,0.1,15,5025.75,4994.53,5037.17,0.00621268,-0.00227304,1677,3514,5342,2.09541,3.18545,41,41,35,3,2,3,2,5202.7,5190.52,5190.52,-0.0352084,-0.0327853,-0.0327853,0.00234061,0.00234061,329,465,608,0.196184,0.277281,0.362552,1.41337,1.84802,43,43,43,1,4,1,1
150,4,0.1,15,4063.12,3947,3847.53,0.0285796,0.0530593,1462,2702,4972,1.84815,3.40082,28,28,26,4,2,5,2,4077.02,4041.5,3926.61,-0.00342081,0.00532039,0.0335975,0.00871139,0.0368921,198,379,836,0.135431,0.259234,0.571819,1.91414,4.22222,29,29,41,1,6,1,4
150,5,0.1,15,3843.85,3813.97,3813.97,0.00777497,0.00777497,919,2170,4890,2.36126,5.321,37,37,39,2,3,2,2,3915.43,3891.37,3926.2,-0.0186211,-0.0123603,-0.0214236,0.00614641,-0.00275122,169,292,323,0.183896,0.317737,0.351469,1.72781,1.91124,41,41,35,3,4,3,4
150,6,0.1,15,5572.17,5569.83,5569.83,0.000420564,0.000420564,960,2173,3313,2.26354,3.45104,23,23,22,1,1,1,1,5647.22,5644.88,5644.88,-0.0134684,-0.0130478,-0.0130478,0.000414975,0.000414975,128,320,363,0.133333,0.333333,0.378125,2.5,2.83594,24,24,24,1,1,1,1
150,7,0.1,15,4974.98,4972.64,4967.79,0.000471048,0.00144575,788,1915,3101,2.4302,3.93528,28,28,29,1,1,1,1,5096.02,5096.02,5096.02,-0.0243299,-0.0243299,-0.0243299,0,0,115,177,269,0.145939,0.224619,0.341371,1.53913,2.33913,26,26,26,0,0,0,0
150,8,0.1,15,4982.6,4964.27,4818.33,0.0036787,0.0329693,2416,4893,11404,2.02525,4.7202,59,59,70,4,5,4,4,4968.17,4956.02,4898.94,0.00289509,0.00533488,0.0167908,0.00244687,0.0139361,279,375,882,0.11548,0.155215,0.365066,1.34409,3.16129,62,62,68,3,4,3,2
150,9,0.1,15,5825.15,5825.15,5825.15,0,0,965,2829,4540,2.93161,4.70466,41,41,41,0,0,0,0,5912.07,5909.72,5909.72,-0.0149215,-0.0145192,-0.0145192,0.000396385,0.000396385,123,220,324,0.127461,0.227979,0.335751,1.78862,2.63415,42,42,42,1,1,1,1
150,10,0.1,15,4948.86,4939.09,4917.94,0.00197372,0.00624814,2312,3668,7440,1.58651,3.21799,36,36,36,3,4,3,4,4974.47,4933.45,4933.45,-0.00517498,0.00311333,0.00311333,0.00824564,0.00824564,334,432,709,0.144464,0.186851,0.306661,1.29341,2.12275,39,39,39,4,4,4,4
150,1,0.2,30,5293.21,5293.21,5293.21,0,0,1856,2819,6608,1.51886,3.56034,36,36,36,0,0,0,0,5322.02,5322.02,5322.02,-0.00544271,-0.00544271,-0.00544271,0,0,169,312,442,0.091056,0.168103,0.238147,1.84615,2.61538,37,37,37,0,1,0,0
150,2,0.2,30,4977.72,4958.61,4958.61,0.00383816,0.00383816,939,2287,3364,2.43557,3.58253,27,27,27,2,2,2,2,5077.46,5014.23,5114.24,-0.0200375,-0.00733487,-0.0274263,0.0124531,-0.00724363,697,818,697,0.742279,0.87114,0.742279,1.1736,1,32,32,26,4,1,4,1
150,3,0.2,30,4836.81,4817.19,4738.98,0.0040578,0.0202264,1189,2157,3882,1.81413,3.26493,18,18,20,1,1,1,1,4892.49,4872.87,4884.57,-0.0115114,-0.0074536,-0.00987291,0.00401162,0.00161985,461,647,927,0.387721,0.544155,0.779647,1.40347,2.01085,25,25,26,1,1,1,1
150,4,0.2,30,5448.84,5440.12,5385.68,0.00160086,0.0115925,1810,4539,7185,2.50773,3.96961,33,33,29,4,3,8,3,5451.95,5443.23,5443.38,-0.00057117,0.00102969,0.00100345,0.00159995,0.00157372,318,628,395,0.175691,0.346961,0.218232,1.97484,1.24214,34,34,30,4,3,7,3
150,5,0.2,30,5729.47,5729.47,5729.47,0,0,1601,3523,6328,2.2005,3.95253,43,43,43,0,0,0,0,5800.52,5798.18,5771.36,-0.0124015,-0.0119925,-0.0073118,0.000404008,0.00502733,296,497,731,0.184884,0.310431,0.45659,1.67905,2.46959,42,42,43,1,4,1,4
150,6,0.2,30,4945.96,4944.26,4861.3,0.00034219,0.0171157,1706,3553,6681,2.08265,3.91618,44,44,41,1,2,1,2,4982.26,4975.89,4924.35,-0.00734127,-0.00605145,0.00436795,0.00128042,0.0116239,721,785,1127,0.422626,0.460141,0.66061,1.08877,1.56311,57,57,55,2,7,2,8
150,7,0.2,30,4483.08,4473.69,4460.81,0.00209271,0.00496619,627,1457,3117,2.32376,4.97129,20,20,20,3,2,3,2,4434.38,4418.31,4418.31,0.0108611,0.0144477,0.0144477,0.00362593,0.00362593,373,754,877,0.594896,1.20255,1.39872,2.02145,2.35121,29,29,29,2,3,2,2
150,8,0.2,30,4942.37,4927.9,4899.52,0.00292693,0.00866887,1212,3241,6488,2.67409,5.35314,36,36,38,4,4,4,4,4957.53,4943.06,4914.68,-0.00306716,-0.000140228,0.00560171,0.00291798,0.00864236,206,539,798,0.169967,0.444719,0.658416,2.6165,3.87379,41,41,43,4,4,4,4
150,9,0.2,30,5001.33,4995.62,4994.7,0.00114309,0.00132612,2659,5059,9375,1.90259,3.52576,44,44,43,1,2,1,3,5027.57,5019.51,5019.51,-0.00524629,-0.00363463,-0.00363463,0.00160325,0.00160325,290,453,583,0.109064,0.170365,0.219255,1.56207,2.01034,44,44,44,2,3,3,3
150,10,0.2,30,5642.39,5556.11,5582.42,0.01529,0.0106277,1788,3375,6279,1.88758,3.51174,47,47,46,7,6,8,7,5519.32,5475.66,5466.94,0.0218117,0.0295487,0.0310948,0.00790958,0.00949009,220,276,555,0.123043,0.154362,0.310403,1.25455,2.52273,48,48,52,4,6,4,4
160,1,0,0,4693.73,4687.94,4681.75,0.00123328,0.00255228,1814,4722,8663,2.60309,4.77563,40,40,41,1,1,1,1,4790.47,4765.26,4699.16,-0.0206113,-0.0152406,-0.00115666,0.00526227,0.0190618,233,420,835,0.128445,0.231533,0.460309,1.80258,3.58369,41,41,44,2,3,2,3
160,2,0,0,4058.9,4051.74,4046.17,0.00176186,0.00313569,4003,6524,12582,1.62978,3.14314,51,51,52,2,2,2,2,4093.76,4077.47,4071.89,-0.0085894,-0.004575,-0.00320117,0.00398022,0.00534234,435,764,1055,0.108668,0.190857,0.263552,1.75632,2.42529,58,58,59,3,3,3,3
160,3,0,0,5828.75,5803.61,5805.17,0.00431225,0.00404398,1250,2950,6459,2.36,5.1672,29,29,35,2,3,2,1,5837.2,5834.86,5805.17,-0.00145116,-0.00104911,0.00404398,0.000401469,0.00548718,229,437,730,0.1832,0.3496,0.584,1.9083,3.18777,32,32,39,1,3,1,1
160,4,0,0,5209.28,5196.29,5193.47,0.00249465,0.00303612,1357,2551,5200,1.87988,3.83198,32,32,33,2,2,2,2,5209.28,5196.29,5240.11,0,0.00249465,-0.00591734,0.00249465,-0.00591734,208,296,353,0.153279,0.218128,0.260133,1.42308,1.69712,32,32,34,2,3,2,2
160,5,0,0,4921.5,4921.5,4921.5,0,0,964,2507,4742,2.60062,4.91909,37,37,37,0,0,0,0,5060.06,5057.71,5054.37,-0.0281544,-0.0276782,-0.0269985,0.000463128,0.00112418,121,267,378,0.125519,0.276971,0.392116,2.20661,3.12397,45,45,46,1,1,1,1
160,6,0,0,4244.61,4244.61,4244.61,0,0,808,1913,2987,2.36757,3.69678,24,24,24,0,0,0,0,4334.65,4334.65,4334.65,-0.0212121,-0.0212121,-0.0212121,0,0,179,224,323,0.221535,0.277228,0.399752,1.2514,1.80447,24,24,24,0,0,0,0
160,7,0,0,6420.96,6413.65,6357.49,0.00113798,0.00988461,1886,4049,7273,2.14687,3.85631,45,45,48,1,1,1,1,6493.39,6488.43,6475.69,-0.0112805,-0.0105075,-0.00852373,0.000764386,0.00272606,182,340,464,0.0965005,0.180276,0.246023,1.86813,2.54945,49,49,50,1,2,1,1
160,8,0,0,4794.54,4794.54,4794.54,0,0,1408,2951,5582,2.09588,3.96449,31,31,30,0,1,0,1,4990.66,4990.66,4972.2,-0.0409042,-0.0409042,-0.037054,0,0.00369888,371,442,601,0.263494,0.31392,0.426847,1.19137,1.61995,39,39,37,0,1,0,1
160,9,0,0,3825.28,3793.03,3765.87,0.00843327,0.0155332,1310,3145,6066,2.40076,4.63053,31,31,32,5,3,5,3,3874.15,3868.69,3752.25,-0.0127755,-0.0113469,0.0190928,0.00141055,0.0314662,350,602,1163,0.267176,0.459542,0.887786,1.72,3.32286,41,41,46,3,6,5,4
160,10,0,0,5847.38,5847.38,5847.38,0,0,586,1623,2411,2.76962,4.11433,14,14,14,0,0,0,0,5915.45,5914.36,5814.07,-0.0116423,-0.0114559,0.00569624,0.000184326,0.017139,163,410,620,0.278157,0.699659,1.05802,2.51534,3.80368,29,29,31,1,1,2,1
160,1,0.05,8,3829.07,3805.29,3781.47,0.00621113,0.0124301,1025,2072,4343,2.02146,4.23707,22,22,25,3,3,7,5,3851.66,3831.82,3804.48,-0.00590048,-0.000719577,0.00642289,0.00515051,0.0122511,230,491,670,0.22439,0.479024,0.653659,2.13478,2.91304,22,22,25,4,3,8,4
160,2,0.05,8,4960.76,4955.04,4938.5,0.00115313,0.00448737,1903,4155,8135,2.18339,4.27483,57,57,59,1,1,2,2,4960.76,4955.04,4938.5,0,0.00115313,0.00448737,0.00115313,0.00448737,249,465,728,0.130846,0.244351,0.382554,1.86747,2.92369,57,57,59,1,3,2,1
160,3,0.05,8,4765.1,4753.02,4748.24,0.00253447,0.00353779,1418,4047,6925,2.85402,4.88364,43,43,44,3,4,3,4,5136.91,5129.52,5154.05,-0.0780294,-0.0764785,-0.0816264,0.00143862,-0.00333671,197,548,520,0.138928,0.38646,0.366714,2.78173,2.63959,42,42,41,2,4,2,4
160,4,0.05,8,5221.59,5214.95,5214.95,0.00127153,0.00127153,1682,5043,8418,2.99822,5.00476,49,49,49,1,1,1,1,5177.31,5170.67,5170.67,0.00848011,0.00975163,0.00975163,0.0012824,0.0012824,178,336,396,0.105826,0.199762,0.235434,1.88764,2.22472,56,56,56,1,1,1,1
160,5,0.05,8,4930.85,4926.16,4925.63,0.000950529,0.00105923,3007,5227,9911,1.73828,3.29598,49,49,50,1,1,1,1,4926.67,4921.99,4921.45,0.000847075,0.0017976,0.0019063,0.000951334,0.00106013,551,612,632,0.183239,0.203525,0.210176,1.11071,1.14701,50,50,51,1,1,1,1
160,6,0.05,8,5055.36,5045.23,5031.97,0.0020026,0.00462721,1107,2608,4341,2.35592,3.92141,23,23,23,3,4,3,4,5154.06,5125.81,5101.01,-0.0195246,-0.0139365,-0.00902957,0.00548107,0.010294,539,768,1294,0.486902,0.693767,1.16893,1.42486,2.40074,33,33,35,3,7,3,6
160,7,0.05,8,5308.11,5303.42,5303.42,0.000882973,0.000882973,1372,4067,7743,2.96429,5.64359,47,47,47,1,1,1,1,5279.32,5276.98,5276.98,0.0054223,0.00586378,0.00586378,0.000443893,0.000443893,142,334,380,0.103499,0.24344,0.276968,2.35211,2.67606,55,55,55,1,1,1,1
160,8,0.05,8,4776.77,4573.69,4565.01,0.0425136,0.0443298,1263,3326,5802,2.63341,4.59382,28,28,29,6,3,6,3,4814.5,4538.65,4657.15,-0.00789892,0.0498496,0.0250415,0.0572959,0.0326822,301,494,666,0.238321,0.391132,0.527316,1.6412,2.21262,28,28,34,4,5,5,9
160,9,0.05,8,4352.09,4302.47,4240.19,0.0114016,0.0257118,4221,8858,18944,2.09855,4.48804,64,64,73,7,5,10,5,4294.9,4262.25,4261.63,0.0131402,0.020642,0.0207852,0.00760168,0.00774678,438,433,747,0.103767,0.102582,0.176972,0.988584,1.70548,65,65,68,3,6,3,4
160,10,0.05,8,5543.08,5543.08,5543.08,0,0,2564,4430,9376,1.72777,3.65679,50,50,50,0,0,0,0,5543.08,5543.08,5543.08,0,0,0,0,0,257,418,628,0.100234,0.163027,0.24493,1.62646,2.44358,50,50,50,0,1,0,0
160,1,0.1,16,4244.85,4227.03,4246.9,0.00419806,-0.000483361,2949,7748,13972,2.62733,4.73788,72,72,70,2,3,6,3,4263.96,4247.2,4247.2,-0.00450207,-0.000552838,-0.000552838,0.00393153,0.00393153,230,544,622,0.0779925,0.184469,0.210919,2.36522,2.70435,72,72,72,1,3,5,5
160,2,0.1,16,4524.56,4524.56,4524.56,0,0,1110,2338,4157,2.10631,3.74505,19,19,19,0,0,0,0,4435.19,4435.19,4435.19,0.0197514,0.0197514,0.0197514,0,0,683,840,1218,0.615315,0.756757,1.0973,1.22987,1.78331,27,27,28,0,2,0,0
160,3,0.1,16,6720.53,6665.45,6665.45,0.0081966,0.0081966,3642,6312,12564,1.73311,3.44975,67,67,66,5,5,5,5,6761.76,6709.02,6709.02,-0.00613479,0.00171311,0.00171311,0.00780005,0.00780005,508,517,755,0.139484,0.141955,0.207304,1.01772,1.48622,69,69,69,4,5,4,4
160,4,0.1,16,5129.65,5128.33,5118,0.000257595,0.00227184,945,2414,4555,2.5545,4.82011,30,30,31,1,1,1,1,5185.61,5185.61,5185.61,-0.0109091,-0.0109091,-0.0109091,0,0,171,235,353,0.180952,0.248677,0.373545,1.37427,2.06433,35,35,35,0,0,0,0
160,5,0.1,16,4236.15,4228.03,4228.03,0.00191701,0.00191701,2532,4339,9551,1.71367,3.77212,60,60,60,2,2,2,2,4366.29,4348.55,4333.35,-0.0307231,-0.0265341,-0.0229451,0.00406421,0.00754619,301,496,765,0.118878,0.195893,0.302133,1.64784,2.54153,60,60,62,3,3,3,3
160,6,0.1,16,4824.75,4824.75,4827.53,0,-0.000576083,1808,3118,5375,1.72456,2.9729,31,31,28,0,1,0,1,4862.91,4862.91,4862.91,-0.0079089,-0.0079089,-0.0079089,0,0,373,391,603,0.206305,0.216261,0.333518,1.04826,1.61662,35,35,35,0,1,0,0
160,7,0.1,16,4596.7,4594.21,4577.69,0.000541407,0.00413633,2651,5308,10697,2.00226,4.03508,51,51,54,2,2,2,2,4618.08,4551.59,4551.59,-0.00465073,0.00981391,0.00981391,0.0143977,0.0143977,214,441,630,0.0807243,0.166352,0.237646,2.06075,2.94393,57,57,57,5,6,5,5
160,8,0.1,16,4776.68,4776.68,4776.68,0,0,561,1176,2157,2.09626,3.84492,12,12,12,0,0,0,0,4793.97,4793.97,4793.97,-0.0036193,-0.0036193,-0.0036193,0,0,176,231,294,0.313725,0.411765,0.524064,1.3125,1.67045,13,13,13,0,0,0,0
160,9,0.1,16,5057.58,5046.89,5034.84,0.00211313,0.00449642,1316,3410,5101,2.59119,3.87614,39,39,37,3,2,8,2,5076.52,5019.99,4906.94,-0.00374367,0.00743332,0.0297863,0.0111353,0.0334049,171,448,1228,0.129939,0.340426,0.933131,2.61988,7.18129,35,35,46,5,5,8,9
160,10,0.1,16,4733.18,4730.84,4728.14,0.000495113,0.00106428,1191,2121,4949,1.78086,4.15533,27,27,28,1,1,1,1,4747.61,4744.15,4732.3,-0.00304849,-0.00231821,0.000186002,0.000728069,0.00322467,273,290,379,0.229219,0.243493,0.31822,1.06227,1.38828,29,29,32,1,3,1,1
160,1,0.2,32,6591.33,6588.99,6588.99,0.000355536,0.000355536,2365,5051,9428,2.13573,3.98647,55,55,55,1,1,1,1,6641.53,6641.53,6779.84,-0.00761598,-0.00761598,-0.0285995,0,-0.020825,756,518,1057,0.319662,0.219027,0.446934,0.685185,1.39815,56,56,56,0,2,0,2
160,2,0.2,32,4848.09,4833.62,4833.62,0.00298504,0.00298504,1474,2842,5127,1.92809,3.47829,43,43,43,3,3,4,4,4869.75,4855.28,4855.28,-0.00446666,-0.00148162,-0.00148162,0.00297176,0.00297176,207,414,523,0.140434,0.280868,0.354817,2,2.52657,42,42,41,3,4,4,5
160,3,0.2,32,4485.25,4430.35,4394.01,0.0122408,0.0203429,2538,4728,9126,1.86288,3.59574,55,55,60,5,5,9,5,4500.36,4447.01,4433.65,-0.00336898,0.00852496,0.0115053,0.011854,0.0148243,261,356,671,0.102837,0.140268,0.264381,1.36398,2.57088,55,55,59,5,4,7,4
160,4,0.2,32,5782.79,5776.82,5753.46,0.00103309,0.00507179,1319,3414,6243,2.58832,4.73313,44,44,46,3,2,3,2,5952.96,5944.8,5937.79,-0.0294258,-0.0280156,-0.0268039,0.00136989,0.00254691,357,597,827,0.27066,0.452616,0.62699,1.67227,2.31653,51,51,52,4,6,10,10
160,5,0.2,32,4757.67,4711.57,4778.22,0.00968898,-0.00431999,1948,4275,6566,2.19456,3.37064,35,35,32,3,4,3,4,4743.75,4690.37,4652.44,0.0029243,0.0141446,0.0221175,0.0112532,0.0192495,670,951,1296,0.343943,0.488193,0.665298,1.4194,1.93433,40,40,42,4,7,4,4
160,6,0.2,32,6712.18,6712.18,6712.18,0,0,1854,4807,8518,2.59277,4.59439,56,56,56,0,0,0,0,6724.59,6723.34,6723.45,-0.00184835,-0.00166216,-0.00167912,0.00018584,0.000168916,646,607,912,0.348436,0.3274,0.491909,0.939628,1.41176,65,65,63,1,6,1,3
160,7,0.2,32,5603.17,5598.48,5587.52,0.000836476,0.00279325,2212,4316,8656,1.95118,3.9132,38,38,40,2,2,2,2,5635.92,5631.23,5620.27,-0.00584566,-0.00500918,-0.0030524,0.000831615,0.00277702,340,426,675,0.153707,0.192586,0.305154,1.25294,1.98529,40,40,42,2,2,2,2
160,8,0.2,32,6164.34,6123.85,6085.9,0.00656734,0.0127243,2000,4408,7705,2.204,3.8525,50,50,51,6,5,6,5,6165.4,6132.28,6107.87,-0.000172548,0.00519964,0.00915921,0.00537126,0.00933015,249,415,643,0.1245,0.2075,0.3215,1.66667,2.58233,50,50,53,4,5,4,3
160,9,0.2,32,5949.74,5941.78,5941.78,0.00133657,0.00133657,2047,3643,6673,1.77968,3.25989,47,47,47,2,2,2,2,5965.63,5930.51,5930.51,-0.00267068,0.00323089,0.00323089,0.00588585,0.00588585,251,335,407,0.122618,0.163654,0.198828,1.33466,1.62151,45,45,45,3,5,3,3
160,10,0.2,32,5253.28,5173.63,5170.59,0.0151634,0.0157422,3843,5620,9567,1.4624,2.48946,43,43,40,3,3,3,3,5294.23,5211.1,5334.22,-0.00779435,0.00802918,-0.0154067,0.0157012,-0.00755345,568,574,844,0.147801,0.149362,0.21962,1.01056,1.48592,45,45,45,4,6,4,3
170,1,0,0,5664.49,5637,5632.48,0.00485324,0.00565079,2828,4266,8603,1.50849,3.04208,36,36,35,2,2,8,8,5644.89,5634.6,5632.36,0.00346029,0.00527689,0.00567168,0.0018229,0.00221907,432,604,767,0.152758,0.213579,0.271216,1.39815,1.77546,41,41,41,1,2,7,8
170,2,0,0,5535.46,5535.46,5535.46,0,0,2342,3982,7796,1.70026,3.32878,38,38,38,0,0,0,0,5543.7,5543.7,5543.7,-0.00148909,-0.00148909,-0.00148909,0,0,671,819,1144,0.286507,0.349701,0.488471,1.22057,1.70492,47,47,47,0,0,0,0
170,3,0,0,4626.43,4551.18,4551.18,0.0162654,0.0162654,1837,4538,8479,2.47033,4.61568,51,51,51,3,3,7,7,4679.67,4604.42,4582.17,-0.0115083,0.00475715,0.00956707,0.0160804,0.0208356,352,433,653,0.191617,0.23571,0.355471,1.23011,1.85511,50,50,48,3,5,5,7
170,4,0,0,4852.05,4847.36,4847.36,0.000965966,0.000965966,2011,3529,7078,1.75485,3.51964,35,35,35,2,2,2,2,4934.68,4929.99,4929.99,-0.0170297,-0.0160637,-0.0160637,0.000949792,0.000949792,458,564,902,0.227747,0.280457,0.448533,1.23144,1.96943,37,37,36,2,4,2,3
170,5,0,0,5699.77,5699.77,5696.74,0,0.000530971,1547,3015,6126,1.94893,3.95992,35,35,34,0,1,0,1,5703.77,5700.39,5690.29,-0.000700907,-0.00010844,0.00166289,0.000592052,0.00236215,798,949,1023,0.515837,0.613445,0.66128,1.18922,1.28195,46,46,44,2,2,2,1
170,6,0,0,4081.8,4080.68,4080.68,0.000275494,0.000275494,450,1141,2280,2.53556,5.06667,15,15,15,1,1,1,1,4081.8,4080.68,4080.68,0,0.000275494,0.000275494,0.000275494,0.000275494,142,348,387,0.315556,0.773333,0.86,2.4507,2.72535,15,15,15,1,1,1,1
170,7,0,0,4593.69,4590.47,4590.47,0.000701622,0.000701622,1563,4008,7251,2.5643,4.63916,36,36,36,1,1,1,1,4653.46,4650.24,4650.24,-0.0130118,-0.0123102,-0.0123102,0.00069261,0.00069261,165,521,562,0.105566,0.333333,0.359565,3.15758,3.40606,37,37,37,1,1,1,1
170,8,0,0,4633.27,4633.27,4633.27,0,0,460,911,1852,1.98043,4.02609,12,12,12,0,0,0,0,4640.22,4637.88,4637.88,-0.00150103,-0.000995245,-0.000995245,0.000505031,0.000505031,163,356,496,0.354348,0.773913,1.07826,2.18405,3.04294,30,30,30,1,2,1,1
170,9,0,0,4948.48,4946.13,4946.13,0.000473571,0.000473571,2196,3857,8110,1.75638,3.69308,49,49,49,1,1,1,1,4944.76,4940.08,4940.08,0.000750269,0.00169741,0.00169741,0.000947854,0.000947854,271,561,708,0.123406,0.255464,0.322404,2.07011,2.61255,51,51,51,2,4,2,2
170,10,0,0,5498.56,5477.64,5446.87,0.00380362,0.00939951,1506,3379,6764,2.24369,4.49137,52,52,53,4,3,6,3,5604.98,5585.73,5566.5,-0.0193542,-0.0158535,-0.0123561,0.00343424,0.00686529,185,456,629,0.122842,0.302789,0.417663,2.46486,3.4,51,51,54,5,3,5,3
170,1,0.05,9,5941.89,5940.83,5925.18,0.00017776,0.00281178,1187,3265,6403,2.75063,5.39427,49,49,51,1,1,4,2,6035.14,6027.72,6005.03,-0.0156936,-0.0144442,-0.0106266,0.00123007,0.00498869,482,499,848,0.406066,0.420388,0.714406,1.03527,1.75934,54,54,53,2,3,2,3
170,2,0.05,9,5357.51,5349.43,5341.92,0.00150727,0.00291014,2052,4025,8152,1.9615,3.97271,39,39,40,2,2,2,2,5353.54,5345.47,5353.82,0.000740447,0.00224772,0.000688971,0.00150839,-5.15139e-05,345,521,675,0.168129,0.253899,0.328947,1.51014,1.95652,44,44,43,2,5,2,4
170,3,0.05,9,6613.08,6550.58,6550.58,0.00945096,0.00945096,668,1413,2642,2.11527,3.95509,17,17,17,2,2,2,2,6612.22,6549.72,6549.72,0.00013127,0.00958223,0.00958223,0.0094522,0.0094522,100,352,396,0.149701,0.526946,0.592814,3.52,3.96,18,18,18,2,2,2,2
170,4,0.05,9,5043.65,5043.65,5043.65,0,0,1941,3921,6867,2.02009,3.53787,42,42,42,0,0,0,0,5139.01,5139.01,5139.01,-0.0189065,-0.0189065,-0.0189065,0,0,204,310,550,0.1051,0.159711,0.283359,1.51961,2.69608,47,47,47,0,0,0,0
170,5,0.05,9,4656.51,4643.82,4643.82,0.00272351,0.00272351,2042,3644,7445,1.78452,3.64594,40,40,40,1,1,1,1,4911.3,4898.61,4898.61,-0.0547168,-0.0519933,-0.0519933,0.00258222,0.00258222,514,849,1473,0.251714,0.415769,0.721352,1.65175,2.86576,56,56,56,1,1,1,1
170,6,0.05,9,4592.23,4583.7,4535.98,0.00185673,0.0122496,2754,4099,7624,1.48838,2.76834,25,25,26,2,2,2,2,4590.11,4579.24,4529.74,0.000460994,0.00282804,0.013608,0.00236814,0.0131531,479,445,718,0.173929,0.161583,0.260712,0.929019,1.49896,33,33,33,2,3,2,2
170,7,0.05,9,4938.38,4907.13,4863.27,0.00632798,0.0152103,2118,4519,9591,2.13362,4.52833,50,50,49,1,3,1,3,4964.86,4935.18,4890.27,-0.00536201,0.000648276,0.00974312,0.00597823,0.0150246,430,492,923,0.203022,0.232295,0.435788,1.14419,2.14651,53,53,57,2,3,4,2
170,8,0.05,9,5458.76,5456.41,5456.41,0.000429302,0.000429302,2193,3708,8769,1.69083,3.99863,37,37,37,1,1,1,1,5486.16,5483.82,5460.07,-0.00501994,-0.00459064,-0.000240592,0.000427158,0.00475548,603,741,927,0.274966,0.337893,0.422709,1.22886,1.53731,41,41,40,1,2,1,2
170,9,0.05,9,5665.6,5665.6,5665.6,0,0,1058,2619,4907,2.47543,4.638,22,22,22,0,0,0,0,5665.6,5665.6,5665.6,0,0,0,0,0,161,381,479,0.152174,0.360113,0.452741,2.36646,2.97516,24,24,24,0,0,0,0
170,10,0.05,9,5241.88,5241.88,5241.88,0,0,972,2277,3770,2.34259,3.8786,22,22,22,0,0,0,0,5135.84,5135.84,5135.84,0.0202291,0.0202291,0.0202291,0,0,380,425,595,0.390947,0.437243,0.61214,1.11842,1.56579,27,27,27,0,0,0,0
170,1,0.1,17,6718.03,6706.67,6706.67,0.00169174,0.00169174,1433,3732,7518,2.60433,5.24634,58,58,58,4,4,4,4,6737.41,6726.04,6726.04,-0.00288413,-0.00119239,-0.00119239,0.00168687,0.00168687,268,448,544,0.18702,0.312631,0.379623,1.67164,2.02985,56,56,56,4,4,4,4
170,2,0.1,17,6213.23,6207.13,6213.39,0.000980537,-2.66197e-05,1207,2712,5386,2.24689,4.4623,25,25,22,1,3,1,3,6299.36,6299.36,6298.09,-0.013863,-0.013863,-0.0136593,0,0.000200952,291,334,343,0.241094,0.276719,0.284176,1.14777,1.17869,27,27,26,0,3,0,1
170,3,0.1,17,8013.3,7947.85,7858.12,0.00816837,0.0193651,2111,3498,6932,1.65703,3.28375,27,27,27,1,2,1,2,8013.3,7853.1,7853.1,0,0.0199918,0.0199918,0.0199918,0.0199918,348,595,580,0.164851,0.281857,0.274751,1.70977,1.66667,27,27,26,2,3,2,3
170,4,0.1,17,5021.11,5011.73,5007.83,0.00186688,0.00264348,3408,6172,11082,1.81103,3.25176,43,43,42,3,2,4,3,4996.2,4992.64,4959.72,0.00495971,0.00566919,0.0122266,0.000713022,0.00730314,400,765,1009,0.117371,0.224472,0.296068,1.9125,2.5225,46,46,49,2,4,5,5
170,5,0.1,17,5212.91,5208.22,5160.45,0.000899097,0.0100644,3047,5096,10797,1.67246,3.54349,39,39,41,1,1,1,1,5219.97,5215.28,5168.04,-0.00135398,-0.000454885,0.00860705,0.000897882,0.00994756,439,529,1163,0.144076,0.173613,0.381687,1.20501,2.6492,39,39,41,1,2,1,1
170,6,0.1,17,4927.5,4865,4816.25,0.0126839,0.0225793,774,2123,4321,2.74289,5.58269,19,19,23,1,2,1,2,4961.79,4899.29,4885.48,-0.00695796,0.00572595,0.00852847,0.0125963,0.0153794,158,324,514,0.204134,0.418605,0.664083,2.05063,3.25316,22,22,23,1,1,1,1
170,7,0.1,17,4900.22,4878.51,4822.19,0.00443122,0.0159245,927,1708,3859,1.8425,4.16289,19,19,19,1,4,1,4,4900.22,4878.51,4867.82,0,0.00443122,0.00661199,0.00443122,0.00661199,199,361,689,0.214671,0.389428,0.743258,1.81407,3.46231,19,19,20,1,1,1,1
170,8,0.1,17,5657.31,5644.69,5689.25,0.00223192,-0.00564514,4539,7133,9765,1.57149,2.15135,51,51,49,3,3,3,5,5872.23,5863,5862.55,-0.0379901,-0.0363583,-0.036278,0.00157209,0.00164945,495,647,887,0.109055,0.142542,0.195417,1.30707,1.79192,57,57,56,2,3,2,3
170,9,0.1,17,4874.75,4851.83,4851.83,0.00470035,0.00470035,1713,4203,8425,2.45359,4.91827,33,33,32,4,4,5,5,4908.01,4885.1,4886.76,-0.00682422,-0.00212387,-0.00246455,0.00466849,0.00433012,223,619,652,0.130181,0.361354,0.380619,2.77578,2.92377,35,35,35,4,5,5,5
170,10,0.1,17,5018.93,5004.75,5004.75,0.00282412,0.00282412,2617,5130,9791,1.96026,3.74131,37,37,37,2,2,2,2,4999.76,4993.95,4974.42,0.00381831,0.00497622,0.00886756,0.00116234,0.0050686,1204,992,1504,0.460069,0.37906,0.574704,0.82392,1.24917,47,47,48,2,3,2,2
170,1,0.2,34,5534.66,5496.57,5496.57,0.00688297,0.00688297,4635,8141,15784,1.75642,3.40539,52,52,52,3,3,3,3,5558.7,5554.2,5508.28,-0.00434313,-0.00352981,0.00476777,0.0008098,0.0090715,537,608,644,0.115858,0.131176,0.138943,1.13222,1.19926,51,51,52,1,3,1,2
170,2,0.2,34,6238.76,6235.4,6221.74,0.000539457,0.00272869,2668,4794,10176,1.79685,3.81409,60,60,61,2,2,2,2,6385.34,6381.98,6368.32,-0.0234953,-0.0229558,-0.0207666,0.000527073,0.00266605,332,479,731,0.124438,0.179535,0.273988,1.44277,2.20181,57,57,58,2,4,2,2
170,3,0.2,34,5700.93,5698.59,5698.59,0.000411066,0.000411066,2036,8522,11490,4.18566,5.64342,53,53,53,1,1,1,1,5792.32,5789.97,5789.97,-0.0160295,-0.0156184,-0.0156184,0.00040458,0.00040458,532,442,744,0.261297,0.217092,0.365422,0.830827,1.3985,53,53,53,1,1,1,1
170,4,0.2,34,5545.21,5545.21,5545.21,0,0,2513,4150,7207,1.65141,2.86789,34,34,34,0,0,0,0,5532.3,5532.3,5532.3,0.00232818,0.00232818,0.00232818,0,0,420,511,767,0.167131,0.203343,0.305213,1.21667,1.82619,36,36,36,0,0,0,0
170,5,0.2,34,5558.64,5553.91,5519.59,0.000852578,0.00702609,3440,7327,13312,2.12994,3.86977,39,39,44,3,2,3,2,5623.1,5591.36,5571.63,-0.011596,-0.00588612,-0.00233676,0.00564442,0.00915309,426,811,898,0.123837,0.235756,0.261047,1.90376,2.10798,45,45,48,1,1,1,1
170,6,0.2,34,7071.97,7040.14,6989.09,0.00450013,0.0117188,4339,6860,13975,1.58101,3.22079,49,49,53,2,4,2,4,7229.48,7182.15,7181.04,-0.0222727,-0.0155799,-0.0154229,0.00654699,0.0067005,2250,1499,2099,0.518553,0.345471,0.483752,0.666222,0.932889,70,70,57,3,6,3,4
170,7,0.2,34,5751.51,5751.51,5751.51,0,0,2853,4744,10555,1.66281,3.69961,52,52,52,0,0,0,0,5860.38,5858.03,5858.03,-0.0189289,-0.0185215,-0.0185215,0.000399882,0.000399882,478,706,846,0.167543,0.247459,0.29653,1.47699,1.76987,52,52,52,2,3,2,2
170,8,0.2,34,6390.17,6367.98,6314.72,0.00347181,0.0118062,3423,5067,9618,1.48028,2.80982,47,47,51,6,4,8,4,6429.5,6409.87,6372.69,-0.00615498,-0.00308311,0.00273458,0.00305308,0.00883519,847,511,867,0.247444,0.149284,0.253287,0.603306,1.02361,54,54,55,5,7,7,6
170,9,0.2,34,5583.87,5558.7,5539.57,0.00450708,0.00793235,3099,5566,11779,1.79606,3.8009,42,42,43,2,3,2,3,5588.65,5557.37,5527.84,-0.000856874,0.00474501,0.0100334,0.00559709,0.0108809,195,459,603,0.0629235,0.148112,0.194579,2.35385,3.09231,42,42,50,3,4,3,3
170,10,0.2,34,6122.09,6078.74,6025.47,0.0070805,0.015782,2751,6294,15416,2.2879,5.60378,52,52,61,4,4,7,3,6211.74,6168.28,6115.12,-0.0146434,-0.00754539,0.00113856,0.00699557,0.0155542,464,755,1705,0.168666,0.274446,0.619775,1.62716,3.67457,52,52,64,4,10,7,3
180,1,0,0,6388.42,6388.42,6388.42,0,0,2702,5989,11129,2.21651,4.1188,41,41,41,0,0,0,0,6463.45,6463.45,6463.45,-0.0117447,-0.0117447,-0.0117447,0,0,296,464,639,0.109548,0.171725,0.236491,1.56757,2.15878,44,44,44,0,1,0,0
180,2,0,0,4904.29,4901.95,4901.95,0.000477838,0.000477838,1778,3882,6588,2.18335,3.70529,28,28,27,1,1,5,5,4931,4928.66,4880.74,-0.00544587,-0.00496804,0.00480231,0.00047525,0.0101927,341,587,937,0.191789,0.330146,0.526997,1.72141,2.7478,27,27,32,1,1,5,1
180,3,0,0,5650.27,5626.63,5626.63,0.00418354,0.00418354,1373,3006,6013,2.18937,4.37946,33,33,33,2,2,2,2,5879.33,5816.53,5816.53,-0.0405394,-0.029426,-0.029426,0.0106804,0.0106804,442,589,770,0.321923,0.428988,0.560816,1.33258,1.74208,37,37,37,1,1,1,1
180,4,0,0,4200.12,4200.12,4200.12,0,0,1435,2861,5472,1.99373,3.81324,30,30,30,0,0,0,0,4219.28,4219.28,4219.28,-0.00456165,-0.00456165,-0.00456165,0,0,210,285,417,0.146341,0.198606,0.290592,1.35714,1.98571,31,31,31,0,0,0,0
180,5,0,0,5423.12,5423.12,5423.12,0,0,1275,3356,6171,2.63216,4.84,31,31,31,0,0,0,0,5451.77,5451.77,5419.1,-0.00528192,-0.00528192,0.000741035,0,0.00599131,211,421,671,0.16549,0.330196,0.526275,1.99526,3.18009,33,33,33,0,1,0,0
180,6,0,0,6444.07,6444.07,6444.07,0,0,2229,4320,8599,1.93809,3.85778,47,47,47,0,0,0,0,6472.39,6472.39,6472.39,-0.0043957,-0.0043957,-0.0043957,0,0,417,413,649,0.187079,0.185285,0.291162,0.990408,1.55635,59,59,59,0,0,0,0
180,7,0,0,4496.87,4496.87,4496.87,0,0,307,735,1568,2.39414,5.10749,7,7,7,0,0,0,0,4496.87,4496.87,4496.87,0,0,0,0,0,110,348,436,0.358306,1.13355,1.4202,3.16364,3.96364,7,7,7,0,0,0,0
180,8,0,0,5152,5147.2,5119.43,0.000931916,0.00632171,1006,2362,4920,2.34791,4.89066,26,26,28,1,1,3,1,5200.64,5195.84,5155.12,-0.00944147,-0.00850955,-0.000605171,0.0009232,0.00875365,166,505,678,0.16501,0.501988,0.673956,3.04217,4.08434,30,30,37,1,2,3,1
180,9,0,0,4613.05,4613.05,4613.05,0,0,289,718,1285,2.48443,4.44637,9,9,9,0,0,0,0,4564.8,4564.8,4564.8,0.0104592,0.0104592,0.0104592,0,0,171,363,493,0.591696,1.25606,1.70588,2.12281,2.88304,11,11,11,0,0,0,0
180,10,0,0,5391.74,5389.39,5368.78,0.000434639,0.00425822,1275,2273,5320,1.78275,4.17255,26,26,25,1,2,1,2,5391.74,5389.39,5384.92,0,0.000434639,0.00126416,0.000434639,0.00126416,261,466,626,0.204706,0.36549,0.49098,1.78544,2.39847,26,26,25,1,2,1,2
180,1,0.05,9,5326.55,5292.42,5288.66,0.00640804,0.00711339,978,3143,4981,3.2137,5.09305,43,43,40,4,1,4,1,5352.34,5352.34,5352.34,-0.00484037,-0.00484037,-0.00484037,0,0,191,318,584,0.195297,0.325153,0.597137,1.66492,3.05759,51,51,51,0,2,0,0
180,2,0.05,9,4494.37,4471.48,4471.48,0.00509378,0.00509378,2500,4721,9336,1.8884,3.7344,56,56,56,1,1,1,1,4679.76,4679.76,4679.76,-0.0412506,-0.0412506,-0.0412506,0,0,446,641,888,0.1784,0.2564,0.3552,1.43722,1.99103,59,59,59,0,2,0,0
180,3,0.05,9,5947.09,5947.09,5947.09,0,0,606,1476,3240,2.43564,5.34653,16,16,16,0,0,0,0,5876.79,5876.79,5876.79,0.0118219,0.0118219,0.0118219,0,0,99,251,299,0.163366,0.414191,0.493399,2.53535,3.0202,15,15,15,0,0,0,0
180,4,0.05,9,4983.71,4930.09,4930.09,0.0107583,0.0107583,1523,3553,6430,2.3329,4.22193,28,28,28,1,1,1,1,5031.69,4974.64,4974.64,-0.00962809,0.00181918,0.00181918,0.0113381,0.0113381,223,607,765,0.146422,0.398555,0.502298,2.72197,3.43049,28,28,28,3,3,5,5
180,5,0.05,9,4882.72,4882.72,4882.72,0,0,1682,3770,7493,2.24138,4.45482,44,44,44,0,0,0,0,4951.31,4951.31,4951.31,-0.0140479,-0.0140479,-0.0140479,0,0,325,565,914,0.193222,0.33591,0.543401,1.73846,2.81231,45,45,45,0,2,0,0
180,6,0.05,9,4702.78,4679.88,4679.88,0.00486978,0.00486978,2868,6132,11738,2.13808,4.09275,39,39,39,1,1,1,1,4802.44,4799.42,4792.7,-0.0211916,-0.02055,-0.0191202,0.000628268,0.00202834,462,797,973,0.161088,0.277894,0.339261,1.72511,2.10606,43,43,43,1,1,2,1
180,7,0.05,9,5290.41,5280.64,5256.79,0.00184731,0.00635452,1345,3546,5332,2.63643,3.96431,30,30,26,2,2,2,2,5308.26,5303.76,5292.1,-0.00337444,-0.00252357,-0.000319706,0.000848006,0.00304446,559,570,474,0.415613,0.423792,0.352416,1.01968,0.847943,36,36,31,1,4,1,4
180,8,0.05,9,5275.65,5263.98,5211.02,0.00221342,0.0122516,500,1760,3459,3.52,6.918,20,20,23,1,2,1,2,5269.81,5258.14,5242.78,0.00110697,0.0033204,0.00623082,0.00221588,0.00512953,318,367,793,0.636,0.734,1.586,1.15409,2.49371,28,28,29,1,3,1,2
180,9,0.05,9,4965.86,4935.79,4985.99,0.00605442,-0.00405436,2165,4566,8975,2.10901,4.1455,40,40,40,1,2,1,1,5171.82,5171.82,5171.82,-0.0414765,-0.0414765,-0.0414765,0,0,205,405,480,0.0946882,0.187067,0.221709,1.97561,2.34146,49,49,49,0,0,0,0
180,10,0.05,9,5469.41,5462.09,5440.97,0.0013366,0.00519902,1009,2792,7084,2.7671,7.02081,31,31,35,2,3,3,3,5619.08,5500.46,5505.48,-0.0273664,-0.0056775,-0.00659608,0.0211111,0.020217,336,590,990,0.333003,0.584737,0.981169,1.75595,2.94643,31,31,33,4,7,5,10
180,1,0.1,18,5004.25,4993.95,4961.27,0.00205792,0.0085877,4222,9323,16234,2.2082,3.8451,55,55,57,4,4,6,4,4947.93,4920.47,4978.11,0.0112548,0.016742,0.00522335,0.00554965,-0.00610009,527,852,1293,0.124822,0.2018,0.306253,1.6167,2.45351,55,55,55,4,5,6,3
180,2,0.1,18,4971.67,4968.28,4965.04,0.000681522,0.00133403,1891,6021,12196,3.18403,6.4495,60,60,59,1,3,1,2,4955.49,4952.1,4952.1,0.00325531,0.00393683,0.00393683,0.000683748,0.000683748,560,835,2115,0.29614,0.441565,1.11846,1.49107,3.77679,67,67,67,1,3,1,1
180,3,0.1,18,5702.63,5697.94,5697.94,0.000821886,0.000821886,3549,6411,11897,1.80642,3.35221,41,41,41,2,2,2,2,5712.74,5708.05,5708.05,-0.00177305,-0.000951162,-0.000951162,0.000820432,0.000820432,277,886,819,0.0780502,0.249648,0.230769,3.19856,2.95668,43,43,43,2,2,2,2
180,4,0.1,18,5262.1,5259.18,5259.18,0.000555441,0.000555441,2887,5090,12242,1.76308,4.24039,43,43,43,1,1,1,1,5301.24,5298.32,5298.32,-0.00743826,-0.00688282,-0.00688282,0.00055134,0.00055134,493,987,1259,0.170766,0.341877,0.436093,2.00203,2.55375,44,44,44,1,2,1,1
180,5,0.1,18,6569.68,6565.66,6551.28,0.000612304,0.00280194,3434,7564,8507,2.20268,2.47729,50,50,49,2,2,2,2,6597.41,6597.31,6597.31,-0.00422109,-0.0042055,-0.0042055,1.55253e-05,1.55253e-05,543,645,778,0.158125,0.187828,0.226558,1.18785,1.43278,49,49,49,1,1,1,1
180,6,0.1,18,5779.75,5777.4,5755.2,0.00040546,0.00424691,2605,5036,8394,1.93321,3.22226,39,39,34,1,2,1,2,5819.26,5818.96,5798.92,-0.00683684,-0.00678442,-0.00331777,5.20633e-05,0.00349517,487,491,610,0.186948,0.188484,0.234165,1.00821,1.25257,36,36,40,1,2,1,1
180,7,0.1,18,5383.25,5383.25,5382.72,0,9.84643e-05,1865,3618,7015,1.93995,3.76139,36,36,35,0,1,0,1,5399.52,5392.49,5392.49,-0.00302204,-0.00171607,-0.00171607,0.00130204,0.00130204,460,460,586,0.246649,0.246649,0.314209,1,1.27391,35,35,35,1,2,1,1
180,8,0.1,18,5598.24,5593.29,5593.29,0.000884778,0.000884778,2137,4799,8888,2.24567,4.1591,39,39,39,3,3,3,3,5645.4,5627.74,5627.74,-0.00842294,-0.00526931,-0.00526931,0.0031273,0.0031273,459,731,750,0.214787,0.342068,0.350959,1.59259,1.63399,47,47,47,3,3,3,3
180,9,0.1,18,5827.99,5827.99,5807.74,0,0.00347546,1677,3420,6370,2.03936,3.79845,25,25,23,0,2,0,2,5885.62,5876.43,5876.43,-0.00988747,-0.00831152,-0.00831152,0.00156052,0.00156052,165,550,613,0.09839,0.327967,0.365534,3.33333,3.71515,28,28,28,1,1,1,1
180,10,0.1,18,5851.83,5846.32,5851.92,0.000942209,-1.4448e-05,2585,7124,12367,2.7559,4.78414,55,55,54,1,2,1,2,6000.87,5995.35,5979.69,-0.025468,-0.0245258,-0.0218486,0.000918809,0.00352947,431,758,1276,0.166731,0.29323,0.493617,1.7587,2.96056,49,49,52,1,5,1,2
180,1,0.2,36,6161.04,6157.65,6157.65,0.000549956,0.000549956,1242,2994,5403,2.41063,4.35024,35,35,35,1,1,1,1,6173.64,6170.25,6170.25,-0.0020451,-0.00149514,-0.00149514,0.000548834,0.000548834,214,482,510,0.172303,0.388084,0.410628,2.25234,2.38318,36,36,36,1,1,1,1
180,2,0.2,36,6469.55,6466.88,6466.88,0.00041272,0.00041272,9684,17829,26466,1.84108,2.73296,64,64,64,1,1,1,1,6581.82,6559.54,6534.45,-0.0173529,-0.0139088,-0.010031,0.00338537,0.00719708,1388,1472,1876,0.143329,0.152003,0.193722,1.06052,1.35159,68,68,71,3,3,3,2
180,3,0.2,36,6733.43,6713.33,6705.75,0.00298474,0.00411141,2803,5700,12497,2.03354,4.45844,40,40,37,1,2,1,3,6809.27,6806.92,6872.98,-0.0112626,-0.0109146,-0.0207242,0.000344157,-0.00935613,852,1046,902,0.30396,0.373172,0.321798,1.2277,1.05869,41,41,35,1,2,1,3
180,4,0.2,36,5327.2,5327.2,5327.2,0,0,1220,2962,5098,2.42787,4.17869,31,31,31,0,0,0,0,5235.2,5232.86,5232.86,0.0172688,0.0177087,0.0177087,0.000447635,0.000447635,805,765,801,0.659836,0.627049,0.656557,0.950311,0.995031,38,38,39,1,3,1,1
180,5,0.2,36,6021.2,6013.09,6013.09,0.00134798,0.00134798,1967,3934,10290,2,5.23132,50,50,50,3,3,3,3,6081.9,6073.78,6073.78,-0.01008,-0.00873203,-0.00873203,0.00133452,0.00133452,233,600,667,0.118454,0.305033,0.339095,2.57511,2.86266,58,58,57,3,3,3,3
180,6,0.2,36,5586.96,5568.33,5568.33,0.00333463,0.00333463,3429,8435,15431,2.4599,4.50015,57,57,57,6,6,6,6,5607.06,5588.31,5590.66,-0.00359744,-0.000241831,-0.000661282,0.00334358,0.00292563,426,660,953,0.124234,0.192476,0.277924,1.5493,2.23709,57,57,57,7,6,9,6
180,7,0.2,36,6661.34,6661.28,6661.28,8.54238e-06,8.54238e-06,4224,8108,15539,1.91951,3.67874,58,58,58,1,1,1,1,6718.95,6716.55,6716.55,-0.0086495,-0.00828916,-0.00828916,0.000357252,0.000357252,236,561,618,0.0558712,0.132812,0.146307,2.37712,2.61864,59,59,59,2,2,2,2
180,8,0.2,36,5775.08,5736.95,5744.95,0.00660216,0.00521763,2267,4097,8360,1.80723,3.68769,28,28,27,5,3,5,3,5842.39,5837.7,5826.74,-0.0116556,-0.010844,-0.0089455,0.000802226,0.00267888,385,675,780,0.169828,0.29775,0.344067,1.75325,2.02597,31,31,32,2,3,2,3
180,9,0.2,36,5167.47,5147.62,5147.62,0.00384065,0.00384065,2832,5457,10491,1.92691,3.70445,49,49,49,3,3,4,4,5156.36,5143.2,5143.2,0.00215046,0.00469638,0.00469638,0.00255141,0.00255141,902,766,1137,0.318503,0.27048,0.401483,0.849224,1.26053,60,60,61,2,4,2,2
180,10,0.2,36,6063.63,6042.5,6056,0.00348576,0.00125888,2136,4775,7261,2.23549,3.39934,38,38,38,2,2,2,3,6052.22,6031.08,6031.24,0.00188247,0.00536823,0.00534191,0.00349233,0.00346596,861,639,1114,0.40309,0.299157,0.521536,0.74216,1.29384,48,48,48,2,2,2,2
190,1,0,0,5635.19,5635.19,5635.19,0,0,2037,4096,9527,2.0108,4.67698,26,26,26,0,0,0,0,5639.99,5631.79,5631.79,-0.000851687,0.00060259,0.00060259,0.00145304,0.00145304,566,1161,1306,0.27786,0.569956,0.641139,2.05124,2.30742,32,32,32,1,1,1,1
190,2,0,0,6129.71,6129.71,6129.71,0,0,3029,6012,11824,1.98481,3.9036,21,21,21,0,0,0,0,6129.71,6129.71,6129.71,0,0,0,0,0,660,1067,1478,0.217894,0.352261,0.48795,1.61667,2.23939,23,23,23,0,1,0,0
190,3,0,0,5705.28,5691.32,5761.77,0.00244614,-0.0099022,18881,31344,37496,1.66008,1.98591,52,52,52,2,2,3,3,5749.32,5712.07,5709.57,-0.00771873,-0.00119072,-0.000751285,0.00647801,0.00691407,4876,1254,2623,0.258249,0.066416,0.138923,0.257178,0.537941,57,57,63,3,6,3,4
190,4,0,0,4909.32,4904.64,4903.5,0.000954697,0.0011855,1741,4212,8070,2.4193,4.63527,34,34,35,1,1,1,1,4809.59,4804.9,4803.77,0.0203146,0.0212693,0.0215001,0.000974493,0.00121008,276,568,698,0.15853,0.326249,0.400919,2.05797,2.52899,35,35,36,1,1,1,1
190,5,0,0,5724.74,5724.74,5724.74,0,0,400,1070,2530,2.675,6.325,14,14,14,0,0,0,0,5725.16,5725.16,5725.16,-7.43131e-05,-7.43131e-05,-7.43131e-05,0,0,148,336,476,0.37,0.84,1.19,2.27027,3.21622,23,23,23,0,0,0,0
190,6,0,0,5924.71,5924.71,5924.71,0,0,2104,4710,8728,2.23859,4.14829,32,32,32,0,0,0,0,6009.42,6009.18,6009.18,-0.0142985,-0.0142581,-0.0142581,3.97705e-05,3.97705e-05,683,715,971,0.32462,0.339829,0.461502,1.04685,1.42167,38,38,38,1,3,1,1
190,7,0,0,6225.57,6222.15,6222.15,0.00054974,0.00054974,3861,7180,14633,1.85962,3.78995,43,43,43,1,1,1,1,6288.81,6288.81,6295.11,-0.0101577,-0.0101577,-0.01117,0,-0.00100208,916,750,1282,0.237244,0.19425,0.332038,0.818777,1.39956,45,45,44,0,1,0,1
190,8,0,0,5325.63,5296.26,5275.36,0.00551456,0.0094385,2846,5658,10924,1.98805,3.83837,46,46,47,1,1,1,1,5402.29,5279.93,5286.77,-0.0143953,0.00858141,0.00729666,0.0226506,0.0213841,762,742,984,0.267744,0.260717,0.345748,0.973753,1.29134,53,53,51,3,6,3,5
190,9,0,0,5519.95,5517.61,5521.19,0.000424543,-0.000225231,2014,4370,8078,2.16981,4.01092,41,41,39,1,2,1,2,5553.74,5546.35,5546.35,-0.00612163,-0.00478297,-0.00478297,0.00133051,0.00133051,595,675,1036,0.295432,0.335154,0.514399,1.13445,1.74118,49,49,48,3,4,5,5
190,10,0,0,4407.99,4407.99,4407.99,0,0,2937,5727,9660,1.94995,3.28907,50,50,50,0,0,0,0,4506.52,4506.52,4506.52,-0.0223541,-0.0223541,-0.0223541,0,0,667,684,1081,0.227102,0.232891,0.368063,1.02549,1.62069,62,62,62,0,2,0,0
190,1,0.05,10,6884.62,6825.69,6851.67,0.00856028,0.00478588,858,2039,3132,2.37646,3.65035,23,23,21,1,1,1,6,6912.98,6851.7,6850.84,-0.00411861,0.00478206,0.00490763,0.00886416,0.00898921,145,427,525,0.168998,0.497669,0.611888,2.94483,3.62069,26,26,27,2,2,2,2
190,2,0.05,10,5906.62,5906.62,5906.62,0,0,932,1882,3980,2.01931,4.27039,25,25,25,0,0,0,0,5904.81,5904.81,5904.81,0.000305577,0.000305577,0.000305577,0,0,206,362,531,0.22103,0.388412,0.569742,1.75728,2.57767,27,27,27,0,1,0,0
190,3,0.05,10,6263.04,6263.01,6263.01,3.91757e-06,3.91757e-06,1139,1920,5473,1.68569,4.80509,19,19,18,1,1,1,1,6323.58,6323.55,6323.55,-0.00966627,-0.00966236,-0.00966236,3.88006e-06,3.88006e-06,331,433,767,0.290606,0.380158,0.673398,1.30816,2.31722,22,22,20,1,3,1,2
190,4,0.05,10,5838.53,5837.49,5837.49,0.000178957,0.000178957,1420,3101,5638,2.1838,3.97042,25,25,25,1,1,1,1,5930.2,5926.81,5926.81,-0.0157005,-0.0151202,-0.0151202,0.000571364,0.000571364,1015,1202,1795,0.714789,0.846479,1.26408,1.18424,1.76847,41,41,41,2,4,2,2
190,5,0.05,10,5869.37,5869.37,5823.18,0,0.00787017,2513,4560,11900,1.81456,4.73538,39,39,39,0,1,0,1,6270.77,6255.67,6251.82,-0.068389,-0.0658148,-0.0651591,0.00240941,0.00302312,303,480,840,0.120573,0.191007,0.334262,1.58416,2.77228,45,45,47,2,2,2,2
190,6,0.05,10,6241.87,6239.25,6239.25,0.000420306,0.000420306,2376,5840,12226,2.45791,5.14562,44,44,44,2,2,2,2,6268.46,6265.84,6265.84,-0.00425985,-0.00383955,-0.00383955,0.000418524,0.000418524,472,964,1420,0.198653,0.405724,0.597643,2.04237,3.00847,42,42,42,2,3,2,2
190,7,0.05,10,5483.26,5481.97,5480.9,0.000236832,0.000431535,2390,4179,7052,1.74854,2.95063,26,26,25,1,1,1,1,5483.26,5481.97,5480.9,0,0.000236832,0.000431535,0.000236832,0.000431535,731,624,875,0.305858,0.261088,0.366109,0.853625,1.19699,28,28,29,1,1,1,1
190,8,0.05,10,5816.96,5756.76,5633.02,0.0103497,0.0316225,7180,13402,21257,1.86657,2.96058,55,55,46,6,4,6,4,5909.3,5895.71,5869.09,-0.0158732,-0.0135379,-0.00896038,0.00229874,0.00680477,1353,1180,1738,0.18844,0.164345,0.242061,0.872136,1.28455,58,58,60,4,6,4,6
190,9,0.05,10,5369.77,5361.97,5309.81,0.00145172,0.0111655,1857,3786,5915,2.03877,3.18525,26,26,28,1,2,4,5,5460.79,5458.44,5455.21,-0.0169498,-0.0165134,-0.0159114,0.000429143,0.00102114,382,657,810,0.205708,0.353796,0.436187,1.7199,2.12042,27,27,28,1,2,4,5
190,10,0.05,10,5189.11,5187.13,5187.13,0.000380179,0.000380179,2209,3796,6964,1.71842,3.15256,29,29,29,1,1,1,1,5229.73,5229.73,5229.73,-0.007829,-0.007829,-0.007829,0,0,220,850,613,0.0995926,0.384789,0.277501,3.86364,2.78636,25,25,25,0,0,0,0
190,1,0.1,19,7551.83,7541.46,7477.09,0.00137312,0.00989753,5789,10265,22113,1.77319,3.81983,49,49,52,3,3,6,5,7550.42,7536.02,7434.07,0.000187198,0.00209371,0.0155943,0.00190687,0.01541,492,799,1981,0.0849888,0.13802,0.342201,1.62398,4.02642,49,49,57,4,7,7,7
190,2,0.1,19,5961.2,5957.46,5936.02,0.000627014,0.00422513,6408,11900,25794,1.85705,4.02528,69,69,70,2,1,2,2,6102.48,6098.74,6077.3,-0.0237,-0.0230729,-0.0194748,0.000612497,0.00412731,603,787,1091,0.0941011,0.122815,0.170256,1.30514,1.80929,69,69,72,2,3,2,2
190,3,0.1,19,6677.16,6674.14,6623.57,0.000451309,0.00802484,3844,8089,14792,2.10432,3.84807,58,58,57,2,3,2,3,6702.32,6689.16,6654.04,-0.00376829,-0.001798,0.00346238,0.0019629,0.00720353,654,583,1106,0.170135,0.151665,0.287721,0.891437,1.69113,59,59,61,4,4,5,3
190,4,0.1,19,6944.49,6944.49,6944.49,0,0,2228,4638,7933,2.08169,3.56059,43,43,43,0,0,0,0,6939.76,6939.76,6942.11,0.000681226,0.000681226,0.000343771,0,-0.000337685,396,552,733,0.177738,0.247756,0.328995,1.39394,1.85101,41,41,39,0,1,0,1
190,5,0.1,19,5886.06,5877.87,5851.67,0.00139126,0.00584207,2407,5053,9435,2.09929,3.91982,41,41,44,2,3,3,3,5880.38,5868.78,5867.74,0.000963901,0.00293468,0.00311147,0.00197268,0.00214964,701,892,1272,0.291234,0.370586,0.528459,1.27247,1.81455,53,53,54,4,5,5,5
190,6,0.1,19,5075.91,5073.57,5073.57,0.000461682,0.000461682,988,2446,4476,2.47571,4.53036,26,26,26,1,1,1,1,5046.93,4996.3,4985.26,0.00570965,0.0156839,0.0178591,0.0100316,0.0122192,691,645,1307,0.699393,0.652834,1.32287,0.93343,1.89146,32,32,35,3,3,3,3
190,7,0.1,19,5839.08,5820.16,5820.16,0.00323909,0.00323909,1301,3044,5596,2.33974,4.30131,41,41,41,1,1,4,4,5839.08,5820.16,5820.16,0,0.00323909,0.00323909,0.00323909,0.00323909,264,392,643,0.202921,0.301307,0.494235,1.48485,2.43561,43,43,42,1,2,4,2
190,8,0.1,19,5664.83,5653.97,5653.97,0.00191619,0.00191619,5309,9487,19249,1.78697,3.62573,63,63,62,3,3,3,3,5717.79,5704.59,5665.69,-0.0093491,-0.00701922,-0.000152429,0.00230829,0.00911148,347,712,864,0.0653607,0.134112,0.162743,2.05187,2.48991,67,67,68,4,4,4,4
190,9,0.1,19,5405.81,5372.87,5357.21,0.0060935,0.00898873,2447,5082,10817,2.07683,4.42051,56,56,59,3,3,3,3,5303.04,5279.76,5279.76,0.0190103,0.0233167,0.0233167,0.00438988,0.00438988,978,1026,1682,0.399673,0.419289,0.687372,1.04908,1.71984,64,64,64,2,4,2,2
190,10,0.1,19,5594.84,5590.15,5589.38,0.000837721,0.000975033,2613,5015,9645,1.91925,3.69116,55,55,53,2,3,2,3,5648.01,5643.32,5643.32,-0.00950359,-0.00866587,-0.00866587,0.000829835,0.000829835,322,546,769,0.12323,0.208955,0.294298,1.69565,2.3882,56,56,56,2,3,2,2
190,1,0.2,38,5178.59,5157.29,5132.4,0.00411299,0.00891964,2276,4649,9730,2.04262,4.27504,46,46,47,6,5,6,5,5194.16,5113.72,5088.02,-0.00300641,0.0125267,0.017488,0.0154866,0.020433,190,454,837,0.0834798,0.199473,0.36775,2.38947,4.40526,46,46,48,8,8,8,7
190,2,0.2,38,6883.25,6880.91,6880.91,0.000340458,0.000340458,5328,9937,18812,1.86505,3.53078,54,54,54,1,1,1,1,6949.64,6946.38,6944.72,-0.00964564,-0.00917085,-0.00893074,0.000470257,0.000708074,267,806,829,0.0501126,0.151276,0.155593,3.01873,3.10487,54,54,55,2,2,2,2
190,3,0.2,38,6284.25,6279.57,6348.31,0.000745819,-0.0101925,5428,8935,14204,1.64609,2.6168,58,58,47,2,3,2,3,6284.25,6279.57,6279.57,0,0.000745819,0.000745819,0.000745819,0.000745819,527,849,966,0.0970892,0.156411,0.177966,1.61101,1.83302,58,58,58,2,2,2,2
190,4,0.2,38,6432.25,6427.25,6459.11,0.000778022,-0.00417539,2308,5627,9915,2.43804,4.29593,55,55,50,3,4,4,5,6526.97,6522.95,6522.95,-0.0147248,-0.0140995,-0.0140995,0.000616227,0.000616227,394,620,632,0.170711,0.268631,0.27383,1.5736,1.60406,57,57,57,2,2,3,3
190,5,0.2,38,6321.62,6286.09,6286.09,0.00561922,0.00561922,2831,5539,9757,1.95655,3.44649,38,38,39,5,4,5,4,6370.39,6343.84,6414.93,-0.00771524,-0.0035148,-0.0147604,0.00416829,-0.00699119,363,673,775,0.128223,0.237725,0.273755,1.85399,2.13499,31,31,30,3,4,3,4
190,6,0.2,38,6533.34,6498.03,6445.51,0.00540438,0.0134432,4271,7630,15507,1.78647,3.63077,55,55,55,3,3,3,4,6592.5,6540.41,6533.13,-0.00905495,-0.00108178,3.19234e-05,0.00790162,0.00900533,585,563,1146,0.13697,0.131819,0.268321,0.962393,1.95897,59,59,60,3,5,3,4
190,7,0.2,38,5877.62,5860.15,5838.26,0.00297163,0.00669527,3115,6290,12724,2.01926,4.08475,38,38,34,3,4,3,4,5877.62,5860.15,5851.69,0,0.00297163,0.00441049,0.00297163,0.00441049,527,905,1021,0.169181,0.29053,0.327769,1.71727,1.93738,38,38,39,3,2,3,2
190,8,0.2,38,6278.33,6271.3,6260.97,0.00111978,0.00276481,4267,7216,14208,1.69112,3.32974,44,44,45,3,4,3,4,6339.85,6322.21,6336.68,-0.00979989,-0.00698921,-0.00929457,0.0027834,0.000500411,1336,1369,1678,0.313101,0.320834,0.393251,1.0247,1.25599,41,41,39,3,7,3,6
190,9,0.2,38,6291.47,6291.47,6291.47,1.4456e-16,1.4456e-16,2604,4999,9641,1.91974,3.70238,46,46,46,1,1,1,1,6373.35,6373.35,6373.35,-0.0130143,-0.0130143,-0.0130143,1.42703e-16,1.42703e-16,287,517,675,0.110215,0.198541,0.259217,1.80139,2.35192,47,47,47,1,1,1,1
190,10,0.2,38,7706.35,7679.53,7200.98,0.00348014,0.0655773,3148,6431,12440,2.04288,3.95172,44,44,49,1,2,1,1,7703.66,7676.84,7282.57,0.000348994,0.00382913,0.0549898,0.00348135,0.0546599,292,712,1363,0.0927573,0.226175,0.432973,2.43836,4.66781,45,45,55,1,4,1,6
200,1,0,0,5998.19,5998.19,5998.19,0,0,2062,3762,6723,1.82444,3.26043,27,27,27,0,0,0,0,6081.36,6081.36,6081.36,-0.0138667,-0.0138667,-0.0138667,0,0,410,463,572,0.198836,0.224539,0.277401,1.12927,1.39512,48,48,48,0,0,0,0
200,2,0,0,5560.98,5544.75,5525.84,0.00291937,0.00632005,4764,7422,16103,1.55793,3.38014,56,56,57,2,3,2,3,5688.27,5667.35,5627.95,-0.0228891,-0.0191269,-0.0120424,0.00367801,0.010604,352,633,1358,0.0738875,0.132872,0.285055,1.7983,3.85795,62,62,67,4,5,4,3
200,3,0,0,6854.71,6843.12,6838.63,0.00169062,0.0023469,4302,8124,18867,1.88842,4.38563,50,50,51,4,4,4,4,6864.66,6853.07,6849.14,-0.00145083,0.000239792,0.00081328,0.00168817,0.00226083,366,664,916,0.0850767,0.154347,0.212924,1.81421,2.50273,50,50,50,4,6,4,5
200,4,0,0,4735.33,4735.33,4735.33,0,0,2009,3479,8133,1.73171,4.04828,27,27,27,0,0,0,0,4784.98,4784.98,4784.98,-0.0104852,-0.0104852,-0.0104852,0,0,137,441,583,0.0681931,0.219512,0.290194,3.21898,4.25547,27,27,27,0,0,0,0
200,5,0,0,6081.42,6081.42,6081.42,0,0,1898,4059,5867,2.13857,3.09115,18,18,18,0,0,0,0,6081.42,6081.42,6081.42,0,0,0,0,0,492,569,880,0.25922,0.299789,0.463646,1.1565,1.78862,18,18,18,0,1,0,0
200,6,0,0,5996.58,5949.59,5949.59,0.00783618,0.00783618,2687,6333,9867,2.3569,3.67213,32,32,31,3,3,3,3,6102.95,6082.65,6082.65,-0.0177393,-0.0143542,-0.0143542,0.0033261,0.0033261,419,1080,1063,0.155936,0.401935,0.395608,2.57757,2.53699,31,31,31,1,1,1,1
200,7,0,0,6459.78,6459.78,6459.39,0,6.05262e-05,3208,5818,11138,1.81359,3.47195,44,44,43,0,1,0,1,6476.46,6476.46,6476.46,-0.00258324,-0.00258324,-0.00258324,0,0,482,556,814,0.150249,0.173317,0.253741,1.15353,1.6888,46,46,46,0,0,0,0
200,8,0,0,6215.42,6197.32,6167.1,0.00291217,0.007775,4287,8921,16816,2.08094,3.92256,44,44,47,1,1,4,1,6215.42,6197.32,6191.21,0,0.00291217,0.00389602,0.00291217,0.00389602,785,941,1605,0.183112,0.219501,0.374388,1.19873,2.04459,50,50,51,1,2,4,1
200,9,0,0,5341.73,5340.67,5340.67,0.000197731,0.000197731,2952,5427,11312,1.83841,3.83198,35,35,35,1,1,1,1,5367.57,5366.51,5366.51,-0.00483647,-0.00463874,-0.00463874,0.00019678,0.00019678,381,792,1003,0.129065,0.268293,0.33977,2.07874,2.63255,35,35,35,1,1,1,1
200,10,0,0,6666.35,6666.35,6666.35,0,0,1820,4562,7886,2.50659,4.33297,32,32,32,0,0,0,0,6709.61,6709.61,6709.61,-0.00649012,-0.00649012,-0.00649012,0,0,267,452,691,0.146703,0.248352,0.37967,1.69288,2.58801,34,34,34,0,0,0,0
200,1,0.05,10,7201.58,7201.58,7201.58,0,0,4004,10774,16798,2.69081,4.1953,50,50,50,0,0,0,0,7353,7351.9,7340.68,-0.0210262,-0.0208732,-0.0193159,0.000149837,0.00167508,878,829,1475,0.219281,0.207043,0.368382,0.944191,1.67995,54,54,56,1,2,1,1
200,2,0.05,10,6227.77,6227.77,6204.13,0,0.00379714,1030,2472,4833,2.4,4.69223,21,21,19,0,1,0,1,6269.81,6269.81,6282.43,-0.00674912,-0.00674912,-0.00877551,0,-0.00201281,569,722,1104,0.552427,0.700971,1.07184,1.26889,1.94025,36,36,37,0,1,0,1
200,3,0.05,10,4814.99,4799.81,4739.45,0.0031541,0.0156886,3325,6909,17371,2.07789,5.22436,44,44,49,3,2,3,2,4929.08,4873.49,4867.68,-0.0236945,-0.0121484,-0.0109416,0.0112789,0.0124577,346,1104,1392,0.10406,0.33203,0.418647,3.19075,4.02312,44,44,45,3,4,5,3
200,4,0.05,10,6186.15,6186.15,6186.15,0,0,1581,3071,5438,1.94244,3.4396,22,22,22,0,0,0,0,6245,6217.17,6202.06,-0.00951363,-0.00501527,-0.00257212,0.00445597,0.0068761,363,624,959,0.229602,0.394687,0.606578,1.71901,2.64187,26,26,29,2,2,2,2
200,5,0.05,10,4928.5,4916.38,4916.38,0.00245971,0.00245971,6715,11643,18386,1.73388,2.73805,46,46,46,1,1,1,1,4923.32,4911.2,4911.2,0.00105186,0.00351157,0.00351157,0.0024623,0.0024623,934,1205,1377,0.139092,0.179449,0.205063,1.29015,1.4743,53,53,53,1,3,1,1
200,6,0.05,10,6329.18,6317.33,6317.18,0.00187238,0.00189695,5182,10193,19267,1.967,3.71806,88,88,87,4,5,4,5,6360.61,6334.18,6333.7,-0.00496556,-0.000788789,-0.000713549,0.00415613,0.004231,656,795,1191,0.126592,0.153416,0.229834,1.21189,1.81555,87,87,89,4,4,5,5
200,7,0.05,10,5819.17,5815.81,5815.81,0.000578313,0.000578313,5670,9448,18120,1.66631,3.19577,60,60,60,1,1,1,1,5911.79,5899.28,5827.54,-0.0159167,-0.0137672,-0.00143834,0.00211579,0.0142515,717,780,1893,0.126455,0.137566,0.333862,1.08787,2.64017,74,74,81,3,5,9,3
200,8,0.05,10,4649.12,4644.52,4644.52,0.000990266,0.000990266,2749,5265,10043,1.91524,3.65333,36,36,36,1,1,1,1,4775.01,4770.41,4770.41,-0.0270792,-0.0260889,-0.0260889,0.000964157,0.000964157,402,599,874,0.146235,0.217897,0.317934,1.49005,2.17413,40,40,40,1,1,1,1
200,9,0.05,10,6529.98,6516.92,6539.85,0.00199961,-0.00151181,3604,6169,9914,1.71171,2.75083,46,46,36,2,3,2,10,6565.33,6533.7,6528.69,-0.00541295,-0.000570231,0.000198134,0.00481665,0.00558088,651,1034,1299,0.180633,0.286903,0.360433,1.58833,1.99539,48,48,47,2,4,2,4
200,10,0.05,10,9300.39,9276.3,9311.54,0.00259014,-0.00119805,3052,5802,11596,1.90105,3.79948,54,54,52,2,2,2,2,9330.77,9329.08,9368.25,-0.00326593,-0.00308425,-0.00729586,0.000181091,-0.00401681,686,750,890,0.224771,0.24574,0.291612,1.09329,1.29738,66,66,65,1,2,1,2
200,1,0.1,20,8007.81,7993.4,7993.4,0.00179938,0.00179938,4169,8333,16390,1.9988,3.9314,67,67,67,2,2,2,2,8007.81,7993.4,7993.4,0,0.00179938,0.00179938,0.00179938,0.00179938,405,671,799,0.0971456,0.16095,0.191653,1.65679,1.97284,67,67,67,2,3,2,2
200,2,0.1,20,5538.4,5517.52,5509.53,0.00376907,0.0052129,4191,8556,18348,2.04152,4.37795,53,53,55,3,2,3,2,5572.01,5551.14,5553.52,-0.00606955,-0.00230048,-0.00272965,0.00374633,0.00331975,725,998,1667,0.17299,0.238129,0.397757,1.37655,2.29931,53,53,57,4,5,4,3
200,3,0.1,20,7270.22,7267.87,7267.87,0.000322337,0.000322337,3324,6509,11813,1.95818,3.55385,38,38,38,1,1,1,1,7438.59,7434.88,7393.32,-0.0231592,-0.0226498,-0.016933,0.000497875,0.00608529,663,832,1350,0.199458,0.250301,0.406137,1.2549,2.0362,38,38,37,2,5,6,9
200,4,0.1,20,7048.26,7045.92,7042.38,0.000332487,0.000834779,2578,6050,11963,2.34678,4.64042,44,44,43,1,2,1,2,7076.69,7074.35,7074.35,-0.00403334,-0.00370085,-0.00370085,0.000331151,0.000331151,421,731,1063,0.163305,0.283553,0.412335,1.73634,2.52494,46,46,46,1,2,1,1
200,5,0.1,20,5949.67,5944.49,5911,0.000871741,0.00649943,3769,6575,13254,1.74449,3.51658,46,46,48,2,2,5,4,5939.5,5934.32,5928.54,0.00170931,0.00258105,0.00355268,0.000873234,0.00184653,894,963,1389,0.237198,0.255505,0.368533,1.07718,1.55369,48,48,49,2,3,5,5
200,6,0.1,20,5324.74,5322.4,5322.4,0.000440107,0.000440107,1709,4043,7512,2.36571,4.39555,43,43,43,1,1,1,1,5335.55,5332.12,5332.12,-0.00202952,-0.00138464,-0.00138464,0.000643575,0.000643575,276,558,668,0.161498,0.326507,0.390872,2.02174,2.42029,48,48,48,2,3,2,2
200,7,0.1,20,7943.36,7943.36,7943.36,0,0,3126,5631,10810,1.80134,3.45809,41,41,41,0,0,0,0,7948.4,7948.4,7948.4,-0.000633896,-0.000633896,-0.000633896,0,0,566,590,852,0.181062,0.18874,0.272553,1.0424,1.5053,46,46,47,0,2,0,0
200,8,0.1,20,5967.71,5949,5931.38,0.00313581,0.00608792,1724,3633,6612,2.10731,3.83527,31,31,28,1,2,2,2,5884.26,5851.35,5824.47,0.0139838,0.0194989,0.0240034,0.00559331,0.0101618,1604,1217,1489,0.930394,0.705916,0.863689,0.758728,0.928304,47,47,48,4,5,5,5
200,9,0.1,20,5842.58,5831.63,5785.47,0.0018746,0.00977532,2687,6144,11368,2.28656,4.23074,50,50,55,4,5,4,4,5841.06,5828.65,5827.43,0.0002614,0.00238451,0.00259409,0.00212366,0.0023333,507,593,779,0.188686,0.220692,0.289914,1.16963,1.53649,59,59,59,5,5,5,5
200,10,0.1,20,7803.55,7783.31,7596.82,0.00259411,0.026491,9681,16367,39539,1.69063,4.08419,72,72,84,4,6,7,5,7822.78,7774.94,7570.22,-0.00246466,0.00366586,0.0298998,0.00611545,0.0322849,2077,2021,5534,0.214544,0.208759,0.571635,0.973038,2.66442,76,76,93,4,8,7,4
200,1,0.2,40,8423.06,8404.02,8375.9,0.00226035,0.00559939,2271,5577,11486,2.45575,5.05768,46,46,44,5,7,5,7,8447.7,8428.66,8428.66,-0.00292549,-0.00066514,-0.00066514,0.00225376,0.00225376,219,442,703,0.0964333,0.194628,0.309555,2.01826,3.21005,48,48,48,5,5,5,5
200,2,0.2,40,7122.08,7106.29,7106.29,0.00221757,0.00221757,1484,3377,6342,2.27561,4.27358,28,28,28,2,2,2,2,7280.32,7277.98,7277.98,-0.0222186,-0.0218895,-0.0218895,0.000321889,0.000321889,184,585,784,0.123989,0.394205,0.528302,3.17935,4.26087,29,29,29,1,1,1,1
200,3,0.2,40,7512.09,7512.09,7512.09,0,0,4907,8901,15930,1.81394,3.24638,47,47,47,0,0,0,0,7475.19,7475.19,7475.19,0.00491176,0.00491176,0.00491176,0,0,514,516,774,0.104748,0.105156,0.157734,1.00389,1.50584,44,44,44,0,1,0,0
200,4,0.2,40,6741.29,6732.68,6732.68,0.00127706,0.00127706,2115,3871,9267,1.83026,4.38156,26,26,25,1,2,2,3,6781.68,6773.07,6758.52,-0.00599217,-0.00471511,-0.00255662,0.00126945,0.00341509,520,1105,990,0.245863,0.522459,0.468085,2.125,1.90385,27,27,25,1,5,1,4
200,5,0.2,40,6365.64,6358.89,6355.49,0.00106106,0.00159517,7855,10730,21721,1.36601,2.76525,43,43,44,2,2,2,2,6415.48,6408.72,6405.32,-0.00782918,-0.00676812,-0.00623401,0.00105282,0.00158278,592,1557,1764,0.075366,0.198218,0.22457,2.63007,2.97973,43,43,44,2,2,2,2
200,6,0.2,40,6890.26,6887.91,6882.06,0.000340112,0.00118987,4181,7894,14132,1.88807,3.38005,39,39,38,1,3,1,3,7025.02,7022.67,6920.78,-0.0195583,-0.0192182,-0.00443039,0.000333587,0.0148377,1067,937,1124,0.255202,0.224109,0.268835,0.878163,1.05342,43,43,43,1,3,1,3
200,7,0.2,40,7193.98,7179.27,7088.71,0.00204501,0.0146341,7467,12149,20464,1.62703,2.74059,56,56,59,2,3,5,3,7195.92,7181.21,7090.64,-0.00026954,0.00177547,0.0143646,0.00204446,0.0146302,723,690,1481,0.096826,0.0924066,0.198339,0.954357,2.04841,57,57,61,2,3,5,3
200,8,0.2,40,6475.72,6453.38,6432.97,0.00344957,0.00660123,6414,15070,26664,2.34955,4.15716,80,80,75,5,6,5,10,6597.32,6587.18,6572.23,-0.0187772,-0.0172121,-0.0149035,0.00153627,0.00380235,715,887,2109,0.111475,0.138291,0.328812,1.24056,2.94965,70,70,73,4,4,4,2
200,9,0.2,40,6424.53,6395.3,6378.62,0.0045495,0.00714585,3584,8169,15679,2.2793,4.37472,51,51,52,2,1,2,1,6424.53,6395.3,6378.62,0,0.0045495,0.00714585,0.0045495,0.00714585,335,631,1185,0.093471,0.17606,0.330636,1.88358,3.53731,51,51,54,2,1,2,1
200,10,0.2,40,6561.99,6552.83,6552.83,0.00139504,0.00139504,7217,10835,21366,1.50132,2.96051,61,61,61,2,2,2,2,6551.02,6539.52,6539.52,0.00167205,0.00342421,0.00342421,0.0017551,0.0017551,651,780,1194,0.0902037,0.108078,0.165443,1.19816,1.8341,62,62,62,3,3,4,4
210,1,0,0,6153.57,6153.57,6153.57,0,0,1656,4067,7657,2.45592,4.62379,42,42,42,0,0,0,0,6159.7,6159.7,6159.7,-0.000996522,-0.000996522,-0.000996522,0,0,236,494,496,0.142512,0.298309,0.299517,2.09322,2.10169,39,39,39,0,0,0,0
210,2,0,0,6564.17,6557.22,6498.4,0.00105843,0.0100191,1663,3970,8574,2.38725,5.15574,41,41,47,2,2,2,2,6650.07,6643.12,6584.3,-0.0130867,-0.0120283,-0.00306756,0.00104476,0.00988971,292,492,1099,0.175586,0.295851,0.660854,1.68493,3.7637,44,44,50,2,3,2,2
210,3,0,0,6217.27,6211.53,6216.39,0.00092374,0.000141386,2310,4188,7673,1.81299,3.32165,30,30,29,1,1,1,4,6237.96,6232.22,6232.22,-0.00332832,-0.00240458,-0.00240458,0.000920676,0.000920676,566,678,919,0.245022,0.293506,0.397835,1.19788,1.62367,33,33,32,1,3,1,1
210,4,0,0,6425.96,6413.39,6377.61,0.00195528,0.00752358,3362,7886,17519,2.34563,5.21089,64,64,67,5,5,10,7,6579.05,6570.99,6553.06,-0.0238238,-0.022569,-0.019779,0.00122558,0.00395064,779,1015,1725,0.231707,0.301904,0.513087,1.30295,2.21438,66,66,69,4,6,9,9
210,5,0,0,6457.87,6452.11,6456.11,0.000892849,0.000272837,3355,6890,13217,2.05365,3.93949,52,52,51,1,1,1,3,6584.19,6569.68,6466.07,-0.0195608,-0.0173134,-0.00126951,0.00220424,0.0179403,370,643,1278,0.110283,0.191654,0.380924,1.73784,3.45405,45,45,48,3,2,3,1
210,6,0,0,6461.67,6461.67,6461.67,0,0,1242,2278,4594,1.83414,3.69887,19,19,19,0,0,0,0,6461.67,6461.67,6461.67,0,0,0,0,0,341,499,756,0.274557,0.401771,0.608696,1.46334,2.21701,21,21,21,0,1,0,0
210,7,0,0,5067.55,5061.6,5013.89,0.00117338,0.0105876,1866,3828,8768,2.05145,4.69882,24,24,28,1,1,3,1,5155.78,5149.83,5102.12,-0.0174111,-0.0162378,-0.00682352,0.0011533,0.0104064,226,578,1044,0.121115,0.309753,0.559486,2.55752,4.61947,21,21,25,1,2,3,1
210,8,0,0,6071.51,6040.26,6040.26,0.00514699,0.00514699,1339,3478,5889,2.59746,4.39806,19,19,19,1,1,1,1,6107.36,6107.36,6107.36,-0.00590431,-0.00590431,-0.00590431,0,0,213,592,727,0.159074,0.442121,0.542942,2.77934,3.41315,20,20,20,0,0,0,0
210,9,0,0,6339.66,6322.18,6234.79,0.00275701,0.0165423,6958,12558,24414,1.80483,3.50877,62,62,61,3,2,5,1,6343.94,6326.46,6239.07,-0.00067483,0.00208218,0.0158674,0.00275515,0.0165311,542,886,2197,0.0778959,0.127335,0.315752,1.63469,4.05351,67,67,71,3,5,5,1
210,10,0,0,7969.83,7969.83,7969.83,0,0,2688,5285,10109,1.96615,3.76079,44,44,44,0,0,0,0,8185.73,8183.39,8183.39,-0.0270898,-0.0267958,-0.0267958,0.000286286,0.000286286,873,1069,1735,0.324777,0.397693,0.645461,1.22451,1.9874,47,47,47,1,1,1,1
210,1,0.05,11,7230.59,7220.02,7220.02,0.00146086,0.00146086,3839,7100,13437,1.84944,3.50013,54,54,53,2,1,2,2,7239.2,7228.64,7228.64,-0.00119187,0.000268983,0.000268983,0.00145912,0.00145912,408,553,586,0.106278,0.144048,0.152644,1.35539,1.43627,56,56,55,2,1,2,2
210,2,0.05,11,6652.22,6649.87,6649.87,0.000352282,0.000352282,2796,4490,9467,1.60587,3.38591,29,29,29,1,1,1,1,6771.92,6767.48,6735.03,-0.0179941,-0.0173277,-0.0124489,0.000654634,0.00544711,325,683,1027,0.116237,0.244278,0.36731,2.10154,3.16,30,30,31,1,2,1,2
210,3,0.05,11,5999.84,5999.84,5999.84,0,0,7199,11823,23284,1.64231,3.23434,75,75,75,0,0,0,0,6250.53,6250.53,6250.53,-0.041784,-0.041784,-0.041784,0,0,623,733,839,0.0865398,0.10182,0.116544,1.17657,1.34671,73,73,73,0,0,0,0
210,4,0.05,11,6705.39,6701.34,6645.38,0.000602894,0.00894971,6247,11206,21296,1.79382,3.409,84,84,84,3,3,3,3,6906.65,6902.61,6899.89,-0.0300156,-0.0294127,-0.0290077,0.000585325,0.000978471,633,907,991,0.101329,0.14519,0.158636,1.43286,1.56556,85,85,86,3,3,3,3
210,5,0.05,11,7199.41,7080.74,7071.47,0.0164838,0.017771,2112,4277,8155,2.02509,3.86127,25,25,26,2,2,2,2,7199.14,7080.47,7078.13,3.73379e-05,0.0165211,0.0168467,0.0164844,0.01681,448,648,1026,0.212121,0.306818,0.485795,1.44643,2.29018,28,28,29,2,2,2,2
210,6,0.05,11,7726.54,7676.52,7578.52,0.00647341,0.0191567,3413,7218,9821,2.11485,2.87753,36,36,35,4,3,7,3,7761.8,7711.79,7638.36,-0.00456436,0.00190905,0.0114125,0.006444,0.0159042,460,1119,833,0.134779,0.327864,0.244067,2.43261,1.81087,33,33,33,5,2,7,2
210,7,0.05,11,6829.72,6829.72,6829.72,0,0,1627,4186,7939,2.57283,4.87953,33,33,33,0,0,0,0,6978.85,6978.85,6978.85,-0.0218358,-0.0218358,-0.0218358,0,0,180,347,454,0.110633,0.213276,0.279041,1.92778,2.52222,32,32,32,0,0,0,0
210,8,0.05,11,5441.97,5437.28,5437.28,0.000861254,0.000861254,1248,3254,6144,2.60737,4.92308,26,26,26,2,2,2,2,5459.32,5454.63,5454.63,-0.00318897,-0.00232772,-0.00232772,0.000858516,0.000858516,413,627,899,0.330929,0.502404,0.720353,1.51816,2.17676,25,25,26,2,4,2,4
210,9,0.05,11,6105.87,6105.87,6105.87,0,0,1583,3239,6489,2.04611,4.09918,19,19,19,0,0,0,0,6105.87,6105.87,6104.7,0,0,0.000191764,0,0.000191764,283,666,1010,0.178774,0.42072,0.638029,2.35336,3.5689,21,21,20,0,2,0,1
210,10,0.05,11,5565.94,5565.94,5565.94,0,0,2665,5669,10440,2.1272,3.91745,49,49,49,0,0,0,0,5667.09,5665.51,5665.51,-0.0181725,-0.0178889,-0.0178889,0.000278565,0.000278565,360,680,746,0.135084,0.255159,0.279925,1.88889,2.07222,50,50,50,1,1,1,1
210,1,0.1,21,6791.22,6789.66,6734.83,0.000229103,0.00830231,3365,7750,14977,2.30312,4.45082,69,69,72,1,2,1,2,7009.05,7007.49,6952.24,-0.0320752,-0.0318461,-0.0237105,0.000221983,0.00810478,401,843,854,0.119168,0.25052,0.253789,2.10224,2.12968,71,71,72,1,2,1,1
210,2,0.1,21,6899.97,6866.21,6852.05,0.00489301,0.00694461,5001,9579,13415,1.91542,2.68246,52,52,49,2,2,2,2,6927.37,6893.61,6865.36,-0.00397205,0.000920954,0.00501611,0.00487365,0.0089526,826,1293,972,0.165167,0.258548,0.194361,1.56538,1.17676,54,54,51,2,3,2,2
210,3,0.1,21,6593.2,6579.97,6617.89,0.00200682,-0.00374549,7368,12823,15763,1.74036,2.13939,64,64,57,3,5,4,11,6666.91,6633.32,6633.32,-0.0111799,-0.00608472,-0.00608472,0.00503883,0.00503883,520,1025,1993,0.0705755,0.139115,0.270494,1.97115,3.83269,63,63,64,2,5,2,2
210,4,0.1,21,6972.32,6955.04,6870.21,0.00247812,0.0146448,1966,3972,8456,2.02035,4.30112,30,30,29,2,3,2,3,7062.42,7045.14,7044.11,-0.0129225,-0.0104443,-0.0102961,0.00244651,0.00259284,342,535,643,0.173957,0.272126,0.32706,1.56433,1.88012,29,29,30,2,2,2,1
210,5,0.1,21,8087.9,8050.64,8008.31,0.00460656,0.00984065,6983,12832,22610,1.83761,3.23786,62,62,62,5,4,5,5,8264.5,8258.5,8258.5,-0.0218359,-0.0210932,-0.0210932,0.000726886,0.000726886,535,772,947,0.0766146,0.110554,0.135615,1.44299,1.77009,63,63,63,4,4,4,4
210,6,0.1,21,6696.53,6643.87,6639.48,0.00786305,0.00851856,6584,12799,26177,1.94396,3.97585,74,74,75,2,1,4,1,6787.42,6787.42,6739.13,-0.0135734,-0.0135734,-0.00636148,0,0.00711532,850,766,2521,0.129101,0.116343,0.382898,0.901176,2.96588,81,81,82,0,5,0,4
210,7,0.1,21,6937.26,6911.38,6795.1,0.00372965,0.0204914,2554,4357,12880,1.70595,5.04307,30,30,30,4,4,10,13,6929.41,6862.39,6789.34,0.00113151,0.0107925,0.021323,0.00967191,0.0202143,551,878,1872,0.21574,0.343774,0.732968,1.59347,3.39746,35,35,42,7,9,12,8
210,8,0.1,21,8406.95,8395.49,8379.04,0.00136341,0.00331979,2578,5692,11630,2.20791,4.51125,42,42,44,3,2,3,1,8372.81,8371.23,8395,0.00406117,0.00424895,0.00142173,0.000188545,-0.0026502,1125,1026,1277,0.436385,0.397983,0.495345,0.912,1.13511,46,46,44,1,5,1,3
210,9,0.1,21,8009.29,8003.47,8003.47,0.000727006,0.000727006,3149,5877,11858,1.86631,3.76564,46,46,46,1,1,1,1,8109.19,8099.94,8092.65,-0.0124733,-0.0113175,-0.0104074,0.0011415,0.00204046,607,685,1329,0.19276,0.217529,0.422039,1.1285,2.18946,47,47,48,4,5,4,5
210,10,0.1,21,6486.49,6486.49,6486.49,0,0,4330,7620,14286,1.75982,3.29931,41,41,41,0,0,0,0,6496.48,6496.48,6496.48,-0.00154084,-0.00154084,-0.00154084,0,0,345,571,868,0.0796767,0.131871,0.200462,1.65507,2.51594,45,45,45,0,0,0,0
210,1,0.2,42,9469.48,9420.54,9357.09,0.00516847,0.0118687,2805,4833,11007,1.72299,3.92406,36,36,44,2,2,2,1,9494.83,9477.14,9461.48,-0.00267686,-0.000808467,0.000844323,0.0018634,0.00351178,339,681,1081,0.120856,0.242781,0.385383,2.00885,3.18879,36,36,38,2,2,2,1
210,2,0.2,42,7815.08,7773.36,7892.56,0.00533835,-0.00991442,7009,13044,21088,1.86104,3.0087,68,68,61,4,4,9,13,7864.41,7844.26,7844.26,-0.00631257,-0.00373423,-0.00373423,0.00256217,0.00256217,611,888,1328,0.0871736,0.126694,0.189471,1.45336,2.17349,77,77,77,5,6,8,6
210,3,0.2,42,7683.82,7637.92,7602.53,0.00597399,0.010579,7569,15511,31132,2.04928,4.11309,78,78,79,7,6,8,7,7829.03,7783.13,7740.55,-0.0188986,-0.0129247,-0.00738246,0.00586319,0.0113026,765,1230,1983,0.10107,0.162505,0.26199,1.60784,2.59216,82,82,88,7,7,7,6
210,4,0.2,42,6443.24,6437.56,6437.56,0.00088089,0.00088089,1943,3833,7696,1.97272,3.96089,22,22,22,2,2,2,2,6574.38,6568.7,6568.7,-0.0203532,-0.0194724,-0.0194724,0.000863319,0.000863319,340,655,797,0.174987,0.337108,0.41019,1.92647,2.34412,22,22,22,2,2,2,2
210,5,0.2,42,7803.57,7801.23,7801.23,0.000300306,0.000300306,3797,7416,14329,1.95312,3.77377,65,65,65,1,1,1,1,7781.11,7778.77,7778.77,0.00287875,0.00317905,0.00317905,0.000301173,0.000301173,385,702,774,0.101396,0.184883,0.203845,1.82338,2.01039,70,70,70,1,1,1,1
210,6,0.2,42,7395.32,7361.55,7512.11,0.0045664,-0.0157929,5824,12058,27388,2.0704,4.70261,73,73,69,9,8,10,8,7435.08,7401.31,7396.24,-0.00537688,-0.000810479,-0.000125055,0.00454198,0.00522374,1007,1318,1345,0.172905,0.226305,0.230941,1.30884,1.33565,75,75,73,9,14,10,13
210,7,0.2,42,6147.01,6112.16,6117.2,0.00566884,0.00484971,3787,9282,16562,2.45102,4.37338,83,83,76,6,6,9,9,6147.01,6112.16,6097.73,0,0.00566884,0.00801628,0.00566884,0.00801628,541,629,1185,0.142857,0.166095,0.312913,1.16266,2.19039,87,87,89,6,8,9,6
210,8,0.2,42,6572.82,6558.2,6542.94,0.00222444,0.00454528,5870,9744,19724,1.65997,3.36014,56,56,55,3,5,3,7,6535.35,6524.7,6524.7,0.00570084,0.00732163,0.00732163,0.00163009,0.00163009,894,935,1457,0.1523,0.159284,0.248211,1.04586,1.62975,59,59,59,3,3,3,3
210,9,0.2,42,7754.79,7745.42,7744.93,0.00120878,0.00127151,4566,7832,12495,1.71529,2.73653,43,43,38,2,3,2,3,7831.26,7826.57,7794.52,-0.00986077,-0.00925638,-0.00512267,0.000598488,0.00469183,488,809,779,0.106877,0.177179,0.170609,1.65779,1.59631,50,50,50,1,2,1,2
210,10,0.2,42,7165.94,7144.78,7116.2,0.00295298,0.00694213,5170,10579,20332,2.04623,3.93269,58,58,58,3,3,3,3,7186.28,7132.19,7112.57,-0.00283849,0.00471039,0.00744747,0.00752751,0.0102569,319,723,1488,0.0617021,0.139845,0.287814,2.26646,4.66458,69,69,75,9,14,11,9
220,1,0,0,6313.9,6313.9,6313.9,0,0,1847,4330,8587,2.34434,4.64916,28,28,28,0,0,0,0,6396.6,6396.6,6396.6,-0.0130971,-0.0130971,-0.0130971,0,0,478,520,759,0.258798,0.281538,0.410937,1.08787,1.58787,32,32,32,0,0,0,0
220,2,0,0,6899.54,6877.67,6877.67,0.00316943,0.00316943,4155,8792,18074,2.116,4.34994,68,68,67,2,2,2,2,6883.74,6881.39,6881.44,0.00228993,0.00262958,0.00262299,0.000340434,0.000333821,606,925,1376,0.145848,0.222623,0.331167,1.5264,2.27063,71,71,71,1,3,1,1
220,3,0,0,6780.25,6773.6,6755.06,0.0009805,0.00371393,3011,6405,11906,2.1272,3.95417,40,40,42,3,1,3,1,6799.43,6792.78,6774.25,-0.00282968,-0.00184918,0.000884252,0.000977734,0.00370345,398,644,967,0.132182,0.213882,0.321156,1.61809,2.42965,43,43,45,3,1,3,1
220,4,0,0,6323.75,6291.5,6225.85,0.00509988,0.0154809,2497,6702,12552,2.68402,5.02683,46,46,49,3,2,4,2,6380.07,6364.68,6316.44,-0.00890685,-0.00647185,0.0011557,0.0024135,0.00997372,372,857,1677,0.148979,0.343212,0.671606,2.30376,4.50806,49,49,52,2,4,5,4
220,5,0,0,5652.77,5652.77,5629.75,0,0.00407266,2948,5161,10310,1.75068,3.49729,32,32,28,0,2,0,2,5671.83,5669.49,5671.75,-0.00337263,-0.00295806,-0.00335799,0.000413174,1.45889e-05,1134,949,1376,0.384668,0.321913,0.466757,0.836861,1.2134,43,43,43,1,7,1,6
220,6,0,0,7581.54,7550.99,7560.02,0.00403042,0.0028381,6688,13358,25711,1.99731,3.84435,61,61,61,6,5,9,7,7767.98,7719.43,7721,-0.0245916,-0.0181874,-0.0183947,0.00625052,0.00604815,691,861,1074,0.103319,0.128738,0.160586,1.24602,1.55427,67,67,66,6,4,9,8
220,7,0,0,6464.07,6464.07,6464.07,0,0,1017,2176,4302,2.13963,4.23009,13,13,13,0,0,0,0,6439.38,6434.7,6392.93,0.00381942,0.00454449,0.0110064,0.000727851,0.00721455,256,651,1280,0.251721,0.640118,1.2586,2.54297,5,18,18,27,1,2,4,1
220,8,0,0,6818.9,6816.55,6740.83,0.000343671,0.0114491,1537,3369,7547,2.19193,4.91021,22,22,24,1,1,1,1,6630.06,6627.72,6602.08,0.0276929,0.0280366,0.0317962,0.000353459,0.00422009,363,804,858,0.236174,0.523097,0.55823,2.21488,2.36364,30,30,30,1,2,1,4
220,9,0,0,6285.8,6282.15,6282.15,0.000579412,0.000579412,3906,7447,15168,1.90655,3.88326,37,37,37,2,2,2,2,6321.49,6317.85,6317.85,-0.00567853,-0.00509912,-0.00509912,0.000576141,0.000576141,1095,1186,1495,0.280338,0.303635,0.382744,1.08311,1.3653,38,38,38,2,4,2,2
220,10,0,0,5902.35,5894.12,5884.05,0.00139324,0.00310017,2523,6881,13390,2.72731,5.30717,56,56,58,4,4,4,4,5966.36,5958.13,6102.91,-0.0108445,-0.00945122,-0.0339809,0.0013783,-0.0228882,721,850,1468,0.285771,0.336901,0.581847,1.17892,2.03606,58,58,57,4,5,4,5
220,1,0.05,11,5876.43,5859,5859,0.00296548,0.00296548,2938,8152,14887,2.77468,5.06705,66,66,66,4,4,4,4,5876.43,5859,5859,0,0.00296548,0.00296548,0.00296548,0.00296548,522,1032,1898,0.177672,0.351259,0.646018,1.97701,3.63602,68,68,68,4,5,4,4
220,2,0.05,11,7250.89,7211.19,7175.74,0.00547463,0.0103638,3789,8731,16827,2.3043,4.44101,55,55,53,3,2,3,2,7266.38,7217.46,7136.72,-0.00213575,0.00461001,0.015746,0.00673139,0.0178437,643,732,1506,0.169702,0.193191,0.397466,1.13841,2.34215,61,61,63,4,6,4,3
220,3,0.05,11,6655.75,6634.75,6607.68,0.00315626,0.00722347,3766,7407,14987,1.96681,3.97955,52,52,54,3,3,3,3,6665.11,6653.88,6631.56,-0.00140587,0.000280729,0.00363521,0.00168424,0.00503401,1291,948,1806,0.342804,0.251726,0.479554,0.734314,1.39892,67,67,68,3,4,3,2
220,4,0.05,11,6719.81,6717.46,6717.46,0.000348739,0.000348739,2514,6008,11133,2.38982,4.4284,46,46,46,1,1,1,1,6902.3,6899.95,6899.95,-0.0271571,-0.0268083,-0.0268083,0.000339518,0.000339518,709,979,1443,0.282021,0.389419,0.573986,1.38082,2.03526,44,44,45,1,4,1,1
220,5,0.05,11,7920.37,7865.79,7926.53,0.00689113,-0.00077781,3093,6076,9376,1.96444,3.03136,36,36,30,1,1,1,1,7922.42,7867.84,7883.23,-0.0002585,0.00663263,0.0046902,0.00688935,0.00494742,1208,969,1225,0.390559,0.313288,0.396056,0.802152,1.01407,36,36,34,1,1,1,1
220,6,0.05,11,6412.89,6412.89,6412.89,0,0,1084,2472,4679,2.28044,4.31642,20,20,20,0,0,0,0,6482.28,6482.28,6482.28,-0.01082,-0.01082,-0.01082,0,0,239,473,484,0.22048,0.436347,0.446494,1.97908,2.0251,21,21,21,0,0,0,0
220,7,0.05,11,8167.98,8149.38,8115.88,0.00227716,0.00637858,3417,8453,15695,2.47381,4.59321,69,69,69,4,4,4,4,8196.91,8179.91,8173.89,-0.00354156,-0.00146046,-0.000723637,0.00207376,0.00280798,647,742,1381,0.189347,0.21715,0.404156,1.14683,2.13447,72,72,74,3,5,3,3
220,8,0.05,11,6953.74,6944.21,6944.21,0.00137045,0.00137045,3629,7421,14489,2.04492,3.99256,47,47,47,3,3,3,3,6910.73,6898.86,6898.86,0.00618437,0.00789183,0.00789183,0.00171809,0.00171809,940,965,1306,0.259025,0.265913,0.359879,1.0266,1.38936,53,53,54,4,6,4,4
220,9,0.05,11,6184.65,6177.62,6177.62,0.00113674,0.00113674,5181,9475,18448,1.8288,3.5607,56,56,56,1,1,1,1,6301.04,6298.86,6298.86,-0.0188195,-0.0184669,-0.0184669,0.000346041,0.000346041,403,654,836,0.0777842,0.12623,0.161359,1.62283,2.07444,58,58,58,1,2,1,1
220,10,0.05,11,6902.13,6901.12,6901.12,0.000146623,0.000146623,4324,8631,16401,1.99607,3.79302,71,71,71,1,1,1,1,6842.7,6839.35,6873.32,0.00861018,0.00909633,0.00417406,0.000490372,-0.00447464,1150,1359,1744,0.265957,0.314292,0.40333,1.18174,1.51652,78,78,74,1,4,1,4
220,1,0.1,22,6541.55,6524.78,6445.25,0.0025639,0.0147216,7238,12923,21817,1.78544,3.01423,78,78,65,2,2,2,1,6535.24,6517.33,6525.96,0.000964405,0.00370258,0.00238389,0.00274082,0.00142085,1777,1189,1207,0.24551,0.164272,0.166759,0.669105,0.679235,82,82,81,3,7,3,3
220,2,0.1,22,6977.37,6943.35,6924.93,0.00487482,0.00751562,5012,8549,17154,1.70571,3.42259,46,46,49,3,3,3,3,7121.1,7097.63,7079.21,-0.0206007,-0.0172365,-0.0145957,0.0032963,0.0058838,848,1070,1445,0.169194,0.213488,0.288308,1.26179,1.70401,66,66,68,2,4,2,3
220,3,0.1,22,7060.22,7060.22,7060.22,0,0,5065,9612,18770,1.89773,3.70582,52,52,52,0,1,0,0,7223.37,7206.7,7199.01,-0.0231087,-0.0207481,-0.0196585,0.00230733,0.0033723,377,678,735,0.0744324,0.13386,0.145114,1.79841,1.9496,48,48,49,1,0,1,0
220,4,0.1,22,6394.07,6390.6,6390.6,0.000542373,0.000542373,3802,8963,17542,2.35744,4.61389,49,49,49,2,2,2,2,6470.77,6467.3,6467.3,-0.0119952,-0.0114529,-0.0114529,0.000535944,0.000535944,430,735,1165,0.113098,0.193319,0.306418,1.7093,2.7093,53,53,53,2,2,2,2
220,5,0.1,22,6303.67,6303.67,6303.67,0,0,8112,14003,26803,1.72621,3.30412,54,54,54,0,0,0,0,6327.89,6325.55,6325.55,-0.00384239,-0.00347063,-0.00347063,0.000370338,0.000370338,896,1209,1390,0.110454,0.149038,0.171351,1.34933,1.55134,58,58,58,1,1,1,1
220,6,0.1,22,5860.21,5817.82,5786.87,0.00723263,0.0125135,2014,4464,8127,2.21648,4.03525,30,30,30,2,1,2,1,5856.13,5848.72,5815.66,0.000695096,0.00195915,0.00760119,0.00126494,0.00691089,479,641,1010,0.237835,0.318272,0.50149,1.3382,2.10856,33,33,35,2,1,2,1
220,7,0.1,22,6418.93,6385.62,6381.83,0.00519039,0.00578116,4215,9036,17816,2.14377,4.22681,56,56,55,5,6,5,7,6418.93,6385.62,6379.48,0,0.00519039,0.00614625,0.00519039,0.00614625,482,612,1000,0.114353,0.145196,0.237248,1.26971,2.07469,56,56,57,5,6,5,9
220,8,0.1,22,6225.72,6149.44,6091.71,0.0122514,0.0215247,4329,8035,19270,1.85609,4.45137,49,49,46,4,5,8,8,6343.23,6332.47,6237.49,-0.0188754,-0.0171475,-0.00189063,0.00169587,0.0166701,1295,1039,3348,0.299145,0.240009,0.773389,0.802317,2.58533,67,67,70,3,8,5,4
220,9,0.1,22,10224.9,10220.2,10212.8,0.000458383,0.00118162,8110,13124,24980,1.61825,3.08015,59,59,59,1,2,3,6,10261.8,10257.1,10172.4,-0.00360954,-0.00315115,0.00513473,0.000456734,0.00871282,606,985,2377,0.0747226,0.121455,0.293095,1.62541,3.92244,61,61,69,1,3,3,2
220,10,0.1,22,7680.73,7678.39,7678.39,0.000305109,0.000305109,4409,8568,15716,1.9433,3.56453,53,53,53,1,1,1,1,7717.78,7715.43,7715.43,-0.00482333,-0.00451823,-0.00451823,0.000303644,0.000303644,706,791,1132,0.160127,0.179406,0.256748,1.1204,1.6034,57,57,57,1,1,1,1
220,1,0.2,44,7331.71,7313.49,7313.49,0.00248446,0.00248446,5945,14021,21215,2.35845,3.56854,52,52,52,1,1,1,1,7421.53,7403.31,7403.31,-0.0122509,-0.00976648,-0.00976648,0.00245439,0.00245439,962,1009,1405,0.161817,0.169722,0.236333,1.04886,1.4605,50,50,50,1,1,1,1
220,2,0.2,44,10614.3,10597.2,10597.2,0.00160469,0.00160469,5755,9520,25294,1.65421,4.39513,47,47,47,3,3,4,4,10657.5,10645.5,10645.5,-0.00407552,-0.00294542,-0.00294542,0.00112551,0.00112551,659,806,970,0.114509,0.140052,0.168549,1.22307,1.47193,49,49,50,4,3,5,3
220,3,0.2,44,7587.81,7520.86,7502.51,0.00882357,0.0112413,5689,8975,18293,1.57761,3.2155,37,37,39,6,6,9,8,7497.21,7425.69,7391.45,0.0119394,0.0213652,0.0258782,0.00953964,0.0141072,1020,950,1830,0.179293,0.166989,0.321673,0.931373,1.79412,49,49,54,8,8,11,9
220,4,0.2,44,7538.25,7514.4,7484.14,0.0031637,0.00717765,4308,8674,17887,2.01346,4.15204,60,60,65,4,4,4,4,7632.52,7608.67,7607.74,-0.0125056,-0.00934186,-0.00921774,0.00312462,0.0032472,651,915,1750,0.151114,0.212396,0.406221,1.40553,2.68817,68,68,70,4,5,4,5
220,5,0.2,44,9552.83,9299.38,9313.6,0.0265313,0.0250421,13415,23738,26479,1.76951,1.97384,83,83,80,10,6,11,6,9601.6,9348.15,9325.69,-0.00510597,0.0214254,0.0237774,0.0263966,0.0287366,1140,1906,2863,0.0849795,0.14208,0.213418,1.67193,2.5114,93,93,95,9,12,11,10
220,6,0.2,44,7241.22,7241.22,7241.22,0,0,3754,7987,11677,2.1276,3.11055,40,40,40,0,0,0,0,7322.56,7322.56,7322.56,-0.0112329,-0.0112329,-0.0112329,0,0,746,540,894,0.198721,0.143847,0.238146,0.723861,1.19839,41,41,41,0,1,0,0
220,7,0.2,44,7604.48,7573.09,7572.16,0.00412705,0.00424981,14334,22965,49231,1.60213,3.43456,73,73,74,3,3,3,3,7616.72,7583,7579.72,-0.00161056,0.00282466,0.00325559,0.00442809,0.00485832,2257,3303,3247,0.157458,0.230431,0.226524,1.46345,1.43864,73,73,74,4,6,4,6
220,8,0.2,44,7804.17,7804.17,7790.76,0,0.00171896,6362,10835,18683,1.70308,2.93666,36,36,35,0,1,0,1,7895.45,7895.45,7895.45,-0.0116963,-0.0116963,-0.0116963,0,0,894,805,1352,0.140522,0.126533,0.212512,0.900447,1.5123,37,37,37,0,0,0,0
220,9,0.2,44,8390.26,8385.45,8385.45,0.000573395,0.000573395,5086,9818,18600,1.9304,3.6571,60,60,60,2,2,2,2,8457.21,8450.99,8450.99,-0.00797907,-0.00723834,-0.00723834,0.000734871,0.000734871,878,961,1211,0.172631,0.18895,0.238105,1.09453,1.37927,73,73,73,2,3,2,2
220,10,0.2,44,7432.75,7427.17,7427.17,0.000750788,0.000750788,4664,8511,18019,1.82483,3.86342,45,45,45,2,2,2,2,7453.52,7449.02,7449.02,-0.00279437,-0.00218874,-0.00218874,0.000603934,0.000603934,1419,1349,1783,0.304245,0.289237,0.38229,0.950669,1.25652,52,52,52,3,3,3,3
230,1,0,0,7135.97,7135.97,7135.97,0,0,1609,3990,7936,2.4798,4.93226,28,28,28,0,0,0,0,7182.96,7182.96,7182.96,-0.00658411,-0.00658411,-0.00658411,0,0,598,522,823,0.371659,0.324425,0.511498,0.87291,1.37625,33,33,33,0,1,0,0
230,2,0,0,6264.99,6264.99,6141.4,0,0.0197274,2982,6638,13050,2.22602,4.37626,41,41,41,0,1,0,1,6257.61,6257.61,6257.61,0.00117812,0.00117812,0.00117812,0,0,290,672,819,0.0972502,0.225352,0.274648,2.31724,2.82414,42,42,42,0,0,0,0
230,3,0,0,5847.07,5843.68,5843.68,0.000579488,0.000579488,2064,5077,9566,2.45979,4.63469,30,30,30,1,1,1,1,5885.21,5881.82,5881.82,-0.00652308,-0.0059436,-0.0059436,0.000575732,0.000575732,246,694,885,0.119186,0.33624,0.428779,2.82114,3.59756,31,31,31,1,1,1,1
230,4,0,0,5796.64,5796.64,5796.64,0,0,1811,4055,6599,2.23909,3.64384,21,21,21,0,0,0,0,5834.51,5834.51,5834.51,-0.00653189,-0.00653189,-0.00653189,0,0,393,555,828,0.217007,0.306461,0.457206,1.41221,2.10687,28,28,28,0,0,0,0
230,5,0,0,6910.45,6910.45,6910.45,0,0,4891,9250,24071,1.89123,4.92149,47,47,47,0,0,0,0,6938.91,6938.91,6938.91,-0.00411769,-0.00411769,-0.00411769,0,0,774,839,1136,0.15825,0.17154,0.232263,1.08398,1.4677,47,47,47,0,0,0,0
230,6,0,0,5835.09,5835.09,5835.09,0,0,4209,7867,14937,1.86909,3.54882,46,46,46,0,0,0,0,5835.09,5835.09,5835.09,0,0,0,0,0,692,772,1227,0.16441,0.183416,0.291518,1.11561,1.77312,46,46,46,0,0,0,0
230,7,0,0,5666.79,5654.82,5644.94,0.00211242,0.00385609,4152,7741,15597,1.8644,3.7565,40,40,41,2,3,3,3,5656.06,5644.09,5631.01,0.00189367,0.00400608,0.00631292,0.00211642,0.00442764,349,1049,1565,0.0840559,0.252649,0.376927,3.00573,4.48424,42,42,44,2,2,3,2
230,8,0,0,6594.57,6594.57,6594.57,0,0,2629,4891,9962,1.8604,3.78927,27,27,27,0,0,0,0,6648.44,6648.44,6660.05,-0.00816791,-0.00816791,-0.0099293,0,-0.00174713,728,771,1082,0.276911,0.293267,0.411563,1.05907,1.48626,32,32,31,0,2,0,1
230,9,0,0,6819.33,6812.3,6812.3,0.00103095,0.00103095,4049,8224,16753,2.03112,4.13756,46,46,46,2,2,2,2,6868.64,6863.95,6863.95,-0.00723107,-0.00654377,-0.00654377,0.000682364,0.000682364,653,815,1012,0.161274,0.201284,0.249938,1.24809,1.54977,49,49,49,2,3,2,2
230,10,0,0,5823.52,5823.52,5823.52,0,0,2758,6345,11026,2.30058,3.99782,43,43,43,0,0,0,0,5823.52,5823.52,5826.24,0,0,-0.000466268,0,-0.000466268,674,655,943,0.24438,0.237491,0.341914,0.97181,1.39911,43,43,43,0,0,0,0
230,1,0.05,12,8217.86,8212.06,8209.53,0.000705972,0.00101405,4940,11416,21224,2.31093,4.29636,50,50,51,2,2,2,2,8212.11,8180.85,8158.51,0.000700175,0.00450372,0.0072219,0.00380621,0.0065263,732,917,1423,0.148178,0.185628,0.288057,1.25273,1.94399,55,55,57,3,3,3,1
230,2,0.05,12,7431.41,7429.74,7463.64,0.000224681,-0.00433757,2630,5257,8151,1.99886,3.09924,31,31,24,1,2,1,2,7720.46,7720.46,7665.65,-0.0388957,-0.0388957,-0.031521,0,0.00709855,1002,781,849,0.380989,0.296958,0.322814,0.779441,0.847305,30,30,25,0,2,0,4
230,3,0.05,12,6617.36,6612.67,6597.88,0.000708275,0.00294379,3982,6798,15934,1.70718,4.00151,36,36,34,1,3,1,3,6777.66,6772.97,6779.75,-0.0242238,-0.0235155,-0.0245395,0.000691524,-0.000308223,1923,1624,2103,0.482923,0.407835,0.528127,0.844514,1.0936,53,53,52,1,8,1,3
230,4,0.05,12,7506.4,7478.4,7415.18,0.00373066,0.0121532,7157,14023,26965,1.95934,3.76764,57,57,57,2,3,3,7,7454.88,7454.88,7454.88,0.00686392,0.00686392,0.00686392,0,0,1271,1138,2045,0.177588,0.159005,0.285734,0.895358,1.60897,66,66,64,0,2,0,2
230,5,0.05,12,7266.13,7252.63,7252.63,0.00185829,0.00185829,4678,11013,19077,2.35421,4.07802,64,64,64,2,2,2,2,7317,7303.5,7325.97,-0.007001,-0.00514271,-0.00823474,0.00184537,-0.00122516,917,985,1326,0.196024,0.21056,0.283454,1.07415,1.44602,76,76,74,2,4,2,3
230,6,0.05,12,7788.72,7788.72,7788.72,0,0,4199,7528,13574,1.79281,3.23267,33,33,33,0,0,0,0,7795.62,7795.62,7795.62,-0.000885149,-0.000885149,-0.000885149,0,0,317,603,852,0.0754942,0.143606,0.202905,1.90221,2.6877,33,33,33,0,0,0,0
230,7,0.05,12,7521.4,7516.72,7800.58,0.000623144,-0.037117,2928,5770,6511,1.97063,2.2237,25,25,19,1,3,1,5,7630.3,7590.93,7590.18,-0.0144788,-0.00924382,-0.0091446,0.00516029,0.00525809,480,887,1367,0.163934,0.302937,0.466872,1.84792,2.84792,19,19,23,2,2,2,2
230,8,0.05,12,5901.73,5901.73,5901.73,0,0,4738,8987,16955,1.89679,3.57851,58,58,58,0,0,0,0,5962.38,5962.38,5962.38,-0.0102763,-0.0102763,-0.0102763,0,0,732,799,1249,0.154496,0.168637,0.263613,1.09153,1.70628,62,62,62,0,0,0,0
230,9,0.05,12,5940.48,5916.26,5883.97,0.00407776,0.00951327,5515,12615,24092,2.2874,4.36845,56,56,56,3,5,3,4,5937.82,5919.22,5857.69,0.000447722,0.00357988,0.0139372,0.00313356,0.0134955,641,1117,1791,0.116228,0.202539,0.324751,1.74259,2.79407,67,67,75,4,5,4,3
230,10,0.05,12,6717.04,6717.04,6717.04,0,0,2508,4513,8090,1.79944,3.22568,26,26,26,0,0,0,0,6709.16,6709.16,6709.16,0.00117293,0.00117293,0.00117293,0,0,482,604,797,0.192185,0.240829,0.317783,1.25311,1.65353,33,33,33,0,0,0,0
230,1,0.1,23,9791.39,9791.39,9791.39,0,0,1909,5890,10703,3.08539,5.6066,29,29,29,0,0,0,0,9827.93,9796.68,9796.68,-0.00373176,-0.000540179,-0.000540179,0.00317971,0.00317971,464,858,874,0.243059,0.44945,0.457831,1.84914,1.88362,31,31,31,1,1,1,1
230,2,0.1,23,8819.67,8812.46,8778.47,0.000817341,0.00467192,2830,6076,12335,2.147,4.35866,39,39,41,3,3,3,4,8921.56,8912.01,8903.74,-0.0115528,-0.0104697,-0.00953201,0.00107068,0.00199767,353,755,851,0.124735,0.266784,0.300707,2.13881,2.41076,41,41,40,3,3,3,3
230,3,0.1,23,6473.04,6448.63,6519.79,0.0037707,-0.00722168,4599,7568,16461,1.64558,3.57926,33,33,26,1,1,1,1,6720.02,6720.02,6720.02,-0.0381555,-0.0381555,-0.0381555,0,0,2015,1396,2231,0.438139,0.303544,0.485105,0.692804,1.1072,35,35,33,0,2,0,2
230,4,0.1,23,7981.63,7979.29,7979.29,0.000293606,0.000293606,3075,7019,14081,2.2826,4.57919,59,59,59,1,1,1,1,7981.65,7979.3,7979.3,-1.74539e-06,0.000291861,0.000291861,0.000293606,0.000293606,601,732,1085,0.195447,0.238049,0.352846,1.21797,1.80532,60,60,60,1,1,1,1
230,5,0.1,23,7551.17,7550.28,7550.28,0.000118776,0.000118776,3116,6462,11431,2.07381,3.66849,39,39,39,1,1,1,1,7599.32,7594.88,7594.88,-0.00637605,-0.00578746,-0.00578746,0.000584859,0.000584859,713,854,1104,0.228819,0.274069,0.3543,1.19776,1.54839,38,38,38,1,1,1,1
230,6,0.1,23,7188.94,7180.3,7162.68,0.00120249,0.00365319,5814,11917,28403,2.04971,4.88528,45,45,46,3,3,3,3,7236.32,7227.67,7289.86,-0.00659001,-0.00538752,-0.0140382,0.00119462,-0.00739945,970,1027,1670,0.166839,0.176643,0.287238,1.05876,1.72165,46,46,48,3,3,3,3
230,7,0.1,23,7084.45,7080.19,7080.19,0.000601815,0.000601815,5794,10286,19302,1.77528,3.33138,39,39,39,2,2,2,2,7129.15,7109.52,7078.24,-0.00630946,-0.00353794,0.000876812,0.00275414,0.00714121,512,969,1280,0.0883673,0.167242,0.220918,1.89258,2.5,42,42,44,1,1,1,1
230,8,0.1,23,7932.54,7920.7,7920.7,0.00149366,0.00149366,4411,12169,20678,2.75878,4.68783,65,65,64,3,3,3,3,8053.48,8046.31,8046.31,-0.0152449,-0.0143421,-0.0143421,0.00088926,0.00088926,746,1067,1195,0.169123,0.241895,0.270914,1.43029,1.60188,61,61,61,1,2,1,1
230,9,0.1,23,8894.52,8844.18,8811.41,0.00565997,0.0093449,6213,12290,28138,1.97811,4.52889,60,60,59,3,3,5,3,8976.94,8909.57,8832.26,-0.00926541,-0.00169176,0.00700051,0.00750413,0.0161166,877,1262,1955,0.141156,0.203122,0.314663,1.439,2.22919,62,62,67,6,7,8,6
230,10,0.1,23,9526.31,9521.62,9465.09,0.000491997,0.00642615,8599,16202,36546,1.88417,4.25003,70,70,70,2,3,2,3,9533.19,9530.85,9566.6,-0.000722933,-0.000476935,-0.00422956,0.000245821,-0.00350409,974,1808,1649,0.113269,0.210257,0.191766,1.85626,1.69302,78,78,77,1,2,1,2
230,1,0.2,46,9024.49,9006.24,8984.36,0.00202176,0.00444593,6660,11796,24191,1.77117,3.63228,43,43,46,1,1,2,2,9025.58,9007.34,8985.46,-0.000121517,0.00190025,0.00432441,0.00202152,0.00444539,942,1262,2331,0.141441,0.189489,0.35,1.3397,2.47452,43,43,46,1,1,2,2
230,2,0.2,46,8047.98,8040.46,8040.46,0.000933808,0.000933808,7947,14687,26989,1.84812,3.39612,74,74,74,4,4,5,5,8073.04,8066.61,8066.61,-0.00311371,-0.00231539,-0.00231539,0.000795846,0.000795846,705,1113,1125,0.0887127,0.140053,0.141563,1.57872,1.59574,76,76,76,3,4,4,3
230,3,0.2,46,8307.53,8282.59,8282.59,0.00300184,0.00300184,10500,17143,32610,1.63267,3.10571,50,50,50,2,2,2,2,8354.78,8329.84,8329.84,-0.00568744,-0.0026856,-0.0026856,0.00298487,0.00298487,696,940,1168,0.0662857,0.0895238,0.111238,1.35057,1.67816,50,50,50,2,3,2,2
230,4,0.2,46,7407.81,7389.74,7361.36,0.00243816,0.00627033,6755,18310,32233,2.71058,4.77172,49,49,52,2,2,5,2,7440.97,7411.28,7387.17,-0.00447696,-0.000468957,0.00278536,0.00399013,0.00722995,1316,1765,3009,0.194819,0.261288,0.445448,1.34119,2.28647,58,58,62,5,3,8,3
230,5,0.2,46,9941.67,9933.54,9917.16,0.000817271,0.00246494,9454,17561,30702,1.85752,3.24751,50,50,53,4,5,4,6,10083.2,10075.1,10070.3,-0.0142369,-0.0134196,-0.0129343,0.000805799,0.00128431,806,1374,2251,0.0852549,0.145335,0.2381,1.70471,2.7928,51,51,53,4,4,4,3
230,6,0.2,46,8791.67,8789.33,8761.64,0.000266554,0.00341644,4838,6346,12256,1.3117,2.53328,34,34,36,2,2,2,2,8855.76,8853.42,8845.15,-0.0072897,-0.00702315,-0.00608247,0.000264625,0.0011985,725,892,1170,0.149855,0.184374,0.241835,1.23034,1.61379,37,37,39,1,2,1,1
230,7,0.2,46,9315.63,9303.24,9301.05,0.00133026,0.00156513,5237,9489,19832,1.81192,3.7869,43,43,43,2,2,6,6,9416.19,9411.51,9409.32,-0.0107951,-0.0102919,-0.0100571,0.00049775,0.000730107,664,946,1268,0.12679,0.180638,0.242123,1.4247,1.90964,46,46,47,1,2,5,5
230,8,0.2,46,7366.26,7359.97,7267.95,0.000853206,0.0133454,7909,15037,36914,1.90125,4.66734,56,56,60,3,4,3,4,7387.34,7382.66,7382.15,-0.00286132,-0.00222705,-0.0021567,0.000632462,0.000702611,1695,1634,2274,0.214313,0.2066,0.287521,0.964012,1.34159,57,57,58,3,5,3,4
230,9,0.2,46,8295.38,8264.66,8272.41,0.00370306,0.0027692,7726,13863,25160,1.79433,3.25654,66,66,63,5,5,9,4,8168.7,8147.7,8139.78,0.0152713,0.0178025,0.0187572,0.00257038,0.0035399,1741,2846,4064,0.225343,0.368367,0.526016,1.63469,2.33429,73,73,74,5,9,5,4
230,10,0.2,46,7951.43,7938.81,7938.81,0.00158741,0.00158741,15719,20403,39290,1.29798,2.49952,66,66,66,4,4,4,4,7945.16,7942.81,7942.81,0.000789268,0.00108399,0.00108399,0.000294954,0.000294954,1149,1418,1941,0.0730963,0.0902093,0.123481,1.23412,1.6893,76,76,76,1,2,1,1
240,1,0,0,6213.4,6213.4,6213.4,0,0,2912,7641,16302,2.62397,5.59821,35,35,35,0,0,0,0,6327.49,6327.49,6327.49,-0.0183621,-0.0183621,-0.0183621,0,0,287,674,1032,0.0985577,0.231456,0.354396,2.34843,3.59582,28,28,28,0,0,0,0
240,2,0,0,6730.74,6700.75,6676,0.00445557,0.0081338,5533,17904,33929,3.23586,6.13212,29,29,30,2,2,2,2,6628.28,6598.29,6573.53,0.0152236,0.0196792,0.0233574,0.00452445,0.00825954,1804,2703,4334,0.326044,0.488523,0.7833,1.49834,2.40244,34,34,35,2,2,2,2
240,3,0,0,6299.2,6299.2,6299.2,0,0,36070,54532,107117,1.51184,2.9697,62,62,62,0,0,0,0,6462.7,6462.7,6462.7,-0.0259567,-0.0259567,-0.0259567,0,0,7568,4670,7690,0.209814,0.12947,0.213197,0.617072,1.01612,70,70,70,0,4,0,0
240,4,0,0,7208.92,7208.92,7185.42,0,0.00325909,40142,22845,32855,0.569105,0.818469,62,62,62,0,1,0,1,7402.32,7395.95,7395.95,-0.0268287,-0.0259438,-0.0259438,0.000861807,0.000861807,3015,1714,2891,0.0751084,0.0426984,0.0720193,0.568491,0.958872,71,71,71,1,2,1,1
240,5,0,0,9037.03,9034.69,9034.69,0.000259317,0.000259317,15889,28352,41035,1.78438,2.5826,84,84,84,1,1,2,1,9039.34,9037,9039.34,-0.000255694,3.62279e-06,-0.000255694,0.000259251,0,2780,1588,2227,0.174964,0.0999434,0.14016,0.571223,0.801079,84,84,84,1,3,2,2
240,6,0,0,6836.47,6834.12,6834.12,0.000342788,0.000342788,3748,8176,14762,2.18143,3.93863,28,28,28,1,1,1,1,6818,6815.66,6815.66,0.00270098,0.00304377,0.00304377,0.000343716,0.000343716,518,998,1339,0.138207,0.266275,0.357257,1.92664,2.58494,30,30,30,1,1,1,1
240,7,0,0,6866.85,6866.85,6865.11,0,0.000253068,6144,13516,25679,2.19987,4.17952,64,64,63,0,1,0,1,6925.04,6924.01,6924.01,-0.00847303,-0.00832419,-0.00832419,0.000147593,0.000147593,695,1324,1669,0.113118,0.215495,0.271647,1.90504,2.40144,75,75,75,1,1,1,1
240,8,0,0,7711.52,7711.52,7711.52,0,0,3949,7953,14580,2.01393,3.69207,46,46,46,0,0,0,0,7640.79,7640.79,7640.79,0.00917229,0.00917229,0.00917229,0,0,951,746,1111,0.24082,0.188909,0.281337,0.784437,1.16824,48,48,48,0,1,0,0
240,9,0,0,6117.61,6075.06,6026.63,0.00695522,0.0148711,3835,9660,20173,2.5189,5.26023,58,58,62,5,2,5,2,6172.47,6130.44,6089.82,-0.00896889,-0.00209871,0.00454158,0.0068091,0.0133904,491,1042,1614,0.128031,0.271708,0.42086,2.1222,3.28717,60,60,63,4,4,4,4
240,10,0,0,7761.37,7761.37,7761.37,0,0,1327,3077,5961,2.31876,4.49209,22,22,22,0,0,0,0,7764.98,7764.98,7764.98,-0.000464946,-0.000464946,-0.000464946,0,0,369,561,844,0.278071,0.422758,0.636021,1.52033,2.28726,23,23,23,0,0,0,0
240,1,0.05,12,8123.29,8123.29,8123.29,0,0,3381,7949,15961,2.35108,4.72079,37,37,37,0,0,0,0,8123.29,8123.29,8123.29,0,0,0,0,0,718,852,1413,0.212363,0.251996,0.417924,1.18663,1.96797,39,39,39,0,1,0,0
240,2,0.05,12,7165.35,7162.23,7162.23,0.000435858,0.000435858,6480,14300,27693,2.20679,4.27361,56,56,55,2,2,2,2,7164.52,7161.39,7161.39,0.000116469,0.000552327,0.000552327,0.000435908,0.000435908,1336,1318,1853,0.206173,0.203395,0.285957,0.986527,1.38698,57,57,56,2,3,2,2
240,3,0.05,12,8986.55,8984.21,8984.21,0.000260774,0.000260774,5722,9475,24076,1.65589,4.20762,61,61,61,1,1,1,1,9012.74,9010.39,9010.39,-0.00291363,-0.00265285,-0.00265285,0.000260016,0.000260016,846,1211,1771,0.14785,0.211639,0.309507,1.43144,2.09338,63,63,63,1,1,1,1
240,4,0.05,12,9174.85,9168.1,9156.41,0.000736126,0.00201051,10635,19302,31700,1.81495,2.98072,59,59,62,3,3,3,3,9242.91,9235.11,9230.01,-0.00741779,-0.00656778,-0.0060117,0.000843749,0.00139574,543,1181,1677,0.0510578,0.111048,0.157687,2.17495,3.0884,57,57,60,3,4,3,3
240,5,0.05,12,7844.72,7832.84,7784.75,0.0015145,0.00764421,8620,16294,26218,1.89026,3.04153,50,50,53,2,2,2,1,8155.03,8143.15,8095.06,-0.0395569,-0.0380424,-0.0319127,0.00145687,0.00735333,1566,1124,2174,0.181671,0.130394,0.252204,0.717752,1.38825,52,52,57,2,3,2,1
240,6,0.05,12,7040.9,7024.59,7024.59,0.00231716,0.00231716,7392,14582,25706,1.97267,3.47754,44,44,44,1,1,1,1,7363.61,7347.3,7347.3,-0.0458334,-0.0435163,-0.0435163,0.00221562,0.00221562,1347,1452,1773,0.182224,0.196429,0.239854,1.07795,1.31626,44,44,44,1,4,1,1
240,7,0.05,12,8243.81,8243.81,8243.81,0,0,4933,8902,18132,1.80458,3.67565,45,45,45,0,0,0,0,8164.15,8164.15,8095.84,0.00966294,0.00966294,0.0179489,0,0.0083668,1561,1124,2827,0.31644,0.227853,0.573079,0.720051,1.81102,46,46,47,0,3,0,1
240,8,0.05,12,7391.78,7366.64,7324.13,0.0034004,0.00915206,4783,8356,16580,1.74702,3.46644,37,37,35,2,6,2,6,7518.17,7474.48,7471.47,-0.0170989,-0.0111888,-0.0107808,0.00581072,0.00621187,1517,1171,1727,0.317165,0.244825,0.36107,0.771918,1.13843,44,44,46,2,3,2,2
240,9,0.05,12,7052.04,7052.04,7052.04,0,0,4147,9014,17103,2.17362,4.12419,52,52,52,0,0,0,0,7117.49,7101.52,7053.79,-0.00928062,-0.00701569,-0.000247428,0.00224411,0.00895013,352,811,1319,0.0848806,0.195563,0.318061,2.30398,3.74716,56,56,57,3,3,3,2
240,10,0.05,12,7639.38,7585.74,7558.15,0.00702071,0.010633,3615,7505,18144,2.07607,5.01909,43,43,44,2,3,3,3,7680.33,7655.34,7559.84,-0.00536101,-0.00208986,0.0104122,0.00325371,0.0156891,1080,885,1257,0.298755,0.244813,0.347718,0.819444,1.16389,47,47,49,2,2,3,2
240,1,0.1,24,7390.58,7373.93,7301.24,0.00225207,0.0120884,2970,8022,16831,2.70101,5.667,52,52,55,2,1,5,4,7423.12,7406.48,7375.09,-0.0044034,-0.00215134,0.00209543,0.00224219,0.00647034,484,799,1665,0.162963,0.269024,0.560606,1.65083,3.44008,55,55,61,2,3,5,5
240,2,0.1,24,9011.91,8961.71,8931.29,0.00557044,0.00894602,5569,11947,22004,2.14527,3.95116,54,54,49,4,7,9,9,8994.76,8966.98,8960.82,0.00190312,0.00498591,0.00567014,0.00308867,0.0037742,1346,1450,2220,0.241695,0.26037,0.398635,1.07727,1.64933,63,63,62,4,5,4,4
240,3,0.1,24,6715.33,6715.33,6714.09,0,0.000183838,6554,12919,24971,1.97116,3.81004,40,40,39,0,1,0,1,6782.01,6782.01,6782.01,-0.00993028,-0.00993028,-0.00993028,0,0,526,844,979,0.0802563,0.128776,0.149374,1.60456,1.86122,38,38,38,0,0,0,0
240,4,0.1,24,6852.26,6848.29,6814.51,0.000579025,0.00550968,5450,12978,19537,2.38128,3.58477,57,57,53,1,2,1,2,7056.02,7034.03,7013.22,-0.0297367,-0.0265266,-0.0234905,0.00311738,0.00606578,2432,1146,1749,0.446239,0.210275,0.320917,0.471217,0.719161,60,60,61,3,4,4,2
240,5,0.1,24,7812.78,7769.02,7769.02,0.00560036,0.00560036,6537,13174,21808,2.0153,3.33609,63,63,65,4,4,9,10,7899.51,7851.07,7791.27,-0.0111013,-0.00490101,0.00275288,0.00613218,0.013702,1632,1557,2999,0.249656,0.238183,0.458773,0.954044,1.83762,72,72,75,5,8,5,5
240,6,0.1,24,6883.49,6883.49,6845.6,0,0.00550395,3956,9358,15703,2.36552,3.96941,48,48,40,0,2,0,2,6867.37,6867.37,6867.37,0.0023414,0.0023414,0.0023414,0,0,903,1055,1840,0.228261,0.266684,0.465116,1.16833,2.03765,50,50,50,0,0,0,0
240,7,0.1,24,7123.21,7105.77,7091.92,0.00244906,0.0043929,9856,24350,37564,2.47058,3.81128,77,77,80,6,6,9,8,7110.03,7090.39,7097.54,0.00185047,0.00460728,0.00360445,0.00276191,0.00175723,1551,1677,2842,0.157366,0.17015,0.288352,1.08124,1.83237,84,84,84,6,7,9,10
240,8,0.1,24,9457.09,9451.77,9451.77,0.000563305,0.000563305,2341,6289,13075,2.68646,5.58522,40,40,40,1,1,1,1,9486.2,9479.71,9479.71,-0.00307809,-0.00239106,-0.00239106,0.000684918,0.000684918,380,737,1162,0.162324,0.314823,0.496369,1.93947,3.05789,49,49,51,2,2,2,2
240,9,0.1,24,8441.66,8433.7,8425.34,0.000943197,0.00193301,8070,17364,27573,2.15167,3.41673,63,63,62,3,3,3,3,8475.2,8467.6,8438.45,-0.00397283,-0.00307327,0.000379484,0.000896001,0.00433509,849,1051,2612,0.105204,0.130235,0.323668,1.23793,3.07656,65,65,68,2,2,2,2
240,10,0.1,24,7735.58,7729.72,7729.72,0.000756836,0.000756836,7296,13853,26049,1.89871,3.57031,64,64,63,3,3,3,3,7759.54,7753.82,7753.82,-0.00309705,-0.00235756,-0.00235756,0.000737206,0.000737206,1294,1495,2210,0.177357,0.204907,0.302906,1.15533,1.70788,68,68,68,2,2,2,2
240,1,0.2,48,8386.69,8356.42,8290.85,0.00360906,0.0114273,8203,17996,33914,2.19383,4.13434,59,59,62,12,11,14,13,8419.87,8391.94,8364.25,-0.00395622,-0.000626585,0.00267485,0.00331651,0.00660494,1312,1538,2249,0.159941,0.187492,0.274168,1.17226,1.71418,63,63,65,11,12,11,11
240,2,0.2,48,8285.38,8238.77,8121.33,0.00562581,0.0198001,14168,26555,40769,1.87429,2.87754,64,64,62,5,3,9,3,8301.58,8290.3,8218.75,-0.00195536,-0.000594159,0.00804186,0.00135854,0.00997771,2027,1330,2939,0.143069,0.0938735,0.207439,0.656142,1.44993,67,67,74,4,7,7,6
240,3,0.2,48,7640.61,7630.33,7604.09,0.0013453,0.00477881,5744,11704,20638,2.0376,3.59297,41,41,43,2,1,2,0,7578.45,7550.98,7565.52,0.00813452,0.0117308,0.00982682,0.00362576,0.00170618,2450,1759,2599,0.426532,0.306233,0.452472,0.717959,1.06082,53,53,53,2,4,2,4
240,4,0.2,48,10139,10131.7,10103.6,0.000726629,0.00349718,9656,15823,33528,1.63867,3.47225,69,69,71,3,3,5,3,10360.6,10342.5,10342.5,-0.0218491,-0.020069,-0.020069,0.00174202,0.00174202,1545,1405,2121,0.160004,0.145505,0.219656,0.909385,1.37282,71,71,72,3,5,3,3
240,5,0.2,48,9166.28,9138.02,9104.22,0.00308362,0.00677093,6212,12996,24034,2.09208,3.86896,75,75,72,4,5,4,5,9174.64,9172.29,9167.25,-0.000911476,-0.000655815,-0.000106255,0.000255428,0.000804487,1312,1138,2057,0.211204,0.183194,0.331133,0.867378,1.56784,88,88,90,1,5,1,4
240,6,0.2,48,9374.24,9371.9,9371.38,0.000249989,0.000304954,5846,9261,18076,1.58416,3.09203,45,45,44,1,2,1,2,9524.55,9518.71,9518.71,-0.0160344,-0.0154108,-0.0154108,0.000613737,0.000613737,392,800,958,0.0670544,0.136846,0.163873,2.04082,2.44388,49,49,49,1,1,1,1
240,7,0.2,48,7801.35,7787.3,7808.45,0.00180089,-0.000910256,17084,21922,45867,1.28319,2.68479,82,82,78,7,7,7,8,8065.26,8051.2,8084.92,-0.0338284,-0.032026,-0.0363479,0.00174337,-0.00243708,1946,1460,2641,0.113908,0.0854601,0.154589,0.750257,1.35714,84,84,81,6,9,7,8
240,8,0.2,48,9226.15,9221.29,9195.27,0.000527164,0.00334771,9922,13572,30247,1.36787,3.04848,47,47,48,3,3,3,3,9315.69,9304.72,9262.04,-0.00970489,-0.0085153,-0.00388995,0.00117816,0.00575905,983,1314,1939,0.0990728,0.132433,0.195424,1.33672,1.97253,52,52,55,6,6,6,5
240,9,0.2,48,7631.67,7579.31,7579.26,0.00686089,0.00686798,4984,10808,19628,2.16854,3.9382,58,58,59,1,1,1,1,7815.62,7760.91,7757.67,-0.0241027,-0.0169348,-0.0165092,0.00699926,0.00741479,1534,1338,2071,0.307785,0.268459,0.41553,0.872229,1.35007,58,58,56,3,3,3,5
240,10,0.2,48,9451.32,9441.42,9441.42,0.00104747,0.00104747,6877,10385,18541,1.51011,2.69609,46,46,46,2,2,2,2,9652.28,9639.1,9639.1,-0.0212632,-0.0198686,-0.0198686,0.00136555,0.00136555,499,994,1291,0.0725607,0.14454,0.187727,1.99198,2.58717,44,44,44,5,5,5,5
250,1,0,0,7011.01,7011.01,7011.01,0,0,2015,4738,9215,2.35136,4.5732,30,30,30,0,0,0,0,7175.7,7173.36,7173.36,-0.0234911,-0.0231569,-0.0231569,0.000326582,0.000326582,307,750,916,0.152357,0.372208,0.454591,2.443,2.98371,31,31,31,1,1,1,1
250,2,0,0,6771.1,6768.75,6747.89,0.000346097,0.00342733,3070,5603,11671,1.82508,3.80163,29,29,31,1,1,1,1,6998.8,6991.79,6976.19,-0.0336284,-0.0325937,-0.0302901,0.0010011,0.00322973,620,977,1285,0.201954,0.318241,0.418567,1.57581,2.07258,42,42,45,2,2,2,2
250,3,0,0,6672.16,6667.5,6655.81,0.00069854,0.00245078,3442,9400,18288,2.73097,5.31319,58,58,59,2,2,4,3,6758.47,6753.81,6742.12,-0.012936,-0.0122375,-0.0104853,0.000689619,0.00241948,490,874,1374,0.142359,0.253922,0.399187,1.78367,2.80408,68,68,69,2,3,4,2
250,4,0,0,7340.58,7340.58,7340.58,0,0,2594,5494,9648,2.11796,3.71935,29,29,29,0,0,0,0,7340.58,7340.58,7340.58,0,0,0,0,0,1784,981,1645,0.687741,0.37818,0.634156,0.549888,0.922085,35,35,31,0,1,0,0
250,5,0,0,7064.48,7064.48,7051.18,0,0.00188273,1487,3448,6838,2.31876,4.59852,23,23,23,0,1,0,1,7105.01,7105.01,7091.71,-0.00573738,-0.00573738,-0.00385465,0,0.00187199,386,649,692,0.259583,0.436449,0.465367,1.68135,1.79275,32,32,30,0,1,0,1
250,6,0,0,8385.06,8380.38,8452.56,0.00055896,-0.00805017,6382,11859,22365,1.85819,3.50439,42,42,33,1,3,1,3,8641.77,8641.77,8641.77,-0.0306152,-0.0306152,-0.0306152,0,0,1123,1180,1944,0.175964,0.184895,0.304607,1.05076,1.73108,58,58,58,0,0,0,0
250,7,0,0,8608.11,8597.49,8571.84,0.00123276,0.00421293,6390,13663,26790,2.13818,4.19249,78,78,74,2,5,2,5,8767.52,8744.24,8685.9,-0.0185191,-0.0158147,-0.00903737,0.00265519,0.00930931,735,1407,2151,0.115023,0.220188,0.33662,1.91429,2.92653,77,77,80,5,9,5,6
250,8,0,0,6364.92,6356.13,6353.24,0.00138118,0.00183558,4206,9374,17767,2.22872,4.2242,31,31,32,2,2,2,2,6398.98,6390.18,6387.29,-0.00535072,-0.00396954,-0.00351514,0.00137383,0.00182581,731,1108,1649,0.173799,0.263433,0.392059,1.51573,2.25581,36,36,37,2,3,2,2
250,9,0,0,8490.67,8483.54,8447.73,0.000839439,0.00505743,3122,6870,11905,2.20051,3.81326,24,24,24,2,2,2,2,8511.52,8509.18,8509.18,-0.00245589,-0.00217988,-0.00217988,0.000275328,0.000275328,383,914,1120,0.122678,0.292761,0.358744,2.38642,2.92428,28,28,28,1,1,1,1
250,10,0,0,7289.19,7265.35,7164.86,0.00327082,0.0170572,5086,9388,20816,1.84585,4.0928,47,47,53,2,1,2,1,7291.41,7271.27,7152.24,-0.000305369,0.00245774,0.0187873,0.00276227,0.0190869,1335,1441,3616,0.262485,0.283327,0.710971,1.0794,2.70861,51,51,64,2,3,2,1
250,1,0.05,13,7154.17,7142.06,7086.38,0.00169288,0.00947614,4084,10573,20004,2.58888,4.89814,62,62,57,3,3,3,3,7219.71,7212.29,7156.6,-0.0091606,-0.00812285,-0.000339587,0.00102833,0.00874094,1112,835,1026,0.272282,0.204456,0.251224,0.750899,0.922662,67,67,64,2,7,2,3
250,2,0.05,13,8628.59,8626.24,8626.24,0.000271592,0.000271592,2766,5986,13944,2.16414,5.04121,33,33,33,1,1,1,1,8805.06,8805.06,8805.06,-0.0204516,-0.0204516,-0.0204516,0,0,379,679,1193,0.137021,0.245481,0.431309,1.79156,3.14776,37,37,37,0,1,0,0
250,3,0.05,13,8483.76,8483.76,8413.64,0,0.00826491,4507,8289,21159,1.83914,4.6947,52,52,56,0,3,0,2,8521.19,8519.95,8519.95,-0.00441157,-0.00426521,-0.00426521,0.00014572,0.00014572,540,1189,1833,0.119814,0.263812,0.406701,2.20185,3.39444,56,56,56,1,1,1,1
250,4,0.05,13,8473.03,8464.79,8433.55,0.000972429,0.00465884,8945,16822,29204,1.8806,3.26484,61,61,59,1,2,1,2,8514.88,8506.65,8495.25,-0.00493993,-0.0039675,-0.00262307,0.000967648,0.00230547,1356,1359,1727,0.151593,0.151928,0.193069,1.00221,1.2736,63,63,63,1,1,1,1
250,5,0.05,13,7864.1,7857.07,7849.69,0.000893983,0.00183254,3805,12514,21691,3.28883,5.70066,52,52,53,2,2,3,2,7875.96,7873.62,7866.24,-0.0015076,-0.0012096,-0.000271051,0.000297546,0.00123469,383,753,1069,0.100657,0.197898,0.280946,1.96606,2.79112,48,48,50,1,2,2,1
250,6,0.05,13,9565.85,9516.03,9499.51,0.00520813,0.00693547,6307,11463,22890,1.8175,3.6293,58,58,56,2,2,2,2,9606.14,9556.32,9556.32,-0.00421194,0.000996184,0.000996184,0.00518628,0.00518628,411,795,1138,0.0651657,0.12605,0.180434,1.93431,2.76886,57,57,57,2,2,2,2
250,7,0.05,13,7269.39,7223.97,7271.13,0.00624796,-0.000240056,4259,10062,16268,2.36253,3.81968,39,39,35,4,3,8,8,7285.36,7239.94,7207.54,-0.00219712,0.00405084,0.00850818,0.00623427,0.0106818,413,1218,2267,0.0969711,0.285983,0.532285,2.94915,5.4891,42,42,44,4,5,8,6
250,8,0.05,13,7603.03,7600.12,7600.12,0.000382927,0.000382927,5530,9116,16499,1.64846,2.98354,47,47,47,1,1,1,1,7689.86,7682.53,7682.53,-0.0114194,-0.0104563,-0.0104563,0.000952167,0.000952167,660,1227,1620,0.119349,0.221881,0.292948,1.85909,2.45455,49,49,49,2,2,4,4
250,9,0.05,13,7032.07,6999.26,6817.73,0.00466554,0.0304803,3747,8548,19954,2.28129,5.32533,40,40,50,6,4,10,4,7031.19,7000.72,6888.73,0.000125156,0.00445744,0.0203831,0.00433283,0.0202605,541,1460,3089,0.144382,0.389645,0.824393,2.69871,5.7098,40,40,49,5,7,9,5
250,10,0.05,13,8057.63,8055.29,8055.29,0.000290837,0.000290837,1982,4332,8020,2.18567,4.04642,23,23,23,1,1,1,1,8090.79,8088.44,8061.6,-0.00411513,-0.00382429,-0.000492994,0.000289645,0.00360729,1410,1141,1799,0.711403,0.575681,0.907669,0.80922,1.27589,28,28,29,1,4,1,3
250,1,0.1,25,8018.18,8004.42,7998.84,0.00171586,0.00241131,5249,10956,24223,2.08725,4.61478,63,63,64,4,3,4,3,8131.63,8114.48,8091.01,-0.0141493,-0.0120109,-0.00908408,0.0021086,0.00499454,1389,1339,2322,0.264622,0.255096,0.44237,0.964003,1.67171,85,85,85,6,8,6,6
250,2,0.1,25,7449.68,7444.42,7403.22,0.000706232,0.00623685,5922,14572,22780,2.46066,3.84667,62,62,63,1,3,1,3,7366.91,7344.39,7335.08,0.0111109,0.0141329,0.015383,0.00305604,0.00432018,1380,1959,2682,0.233029,0.3308,0.452888,1.41957,1.94348,77,77,81,5,8,5,4
250,3,0.1,25,7288.96,7288.96,7288.96,0,0,5598,10893,21665,1.94587,3.87013,50,50,50,0,0,0,0,7375.11,7295.83,7302.67,-0.0118192,-0.000942092,-0.00188078,0.01075,0.00982228,959,1206,1732,0.171311,0.215434,0.309396,1.25756,1.80605,61,61,60,4,5,5,6
250,4,0.1,25,7757.61,7752.57,7752.57,0.000649665,0.000649665,5575,9012,16388,1.6165,2.93955,34,34,34,2,2,2,2,8039.45,8038.67,8038.67,-0.0363306,-0.0362307,-0.0362307,9.64116e-05,9.64116e-05,557,1022,1267,0.0999103,0.183318,0.227265,1.83483,2.27469,49,49,49,1,1,1,1
250,5,0.1,25,7317.5,7289.74,7257.46,0.00379457,0.00820526,6795,12458,22686,1.83341,3.33863,49,49,46,4,4,5,5,7308.26,7280.5,7248.22,0.00126257,0.00505714,0.00946783,0.00379937,0.00821563,1701,1279,1670,0.250331,0.188227,0.245769,0.751911,0.981775,50,50,49,4,7,5,4
250,6,0.1,25,8422.9,8400.62,8342.41,0.00264444,0.00955537,16417,28098,56755,1.71152,3.45709,90,90,89,5,6,7,7,8636.71,8614.49,8570.64,-0.0253845,-0.0227468,-0.01754,0.00257239,0.00765031,1691,2030,3863,0.103003,0.123652,0.235305,1.20047,2.28445,92,92,94,6,9,8,7
250,7,0.1,25,11424.9,11422.5,11422.5,0.000205119,0.000205119,5447,9221,18228,1.69286,3.34643,31,31,31,1,1,1,1,11667.1,11667.1,11667.1,-0.0211965,-0.0211965,-0.0211965,0,0,1737,1443,2104,0.318891,0.264916,0.386268,0.830743,1.21128,41,41,41,0,0,0,0
250,8,0.1,25,8631.34,8631.34,8631.34,0,0,5472,9688,18531,1.77047,3.38651,47,47,47,0,0,0,0,8660.87,8635.02,8654.1,-0.00342196,-0.000426876,-0.00263668,0.00298487,0.000782598,1135,1127,2067,0.20742,0.205958,0.377741,0.992952,1.82115,46,46,46,2,4,2,3
250,9,0.1,25,7904.93,7817.2,7786.56,0.0110983,0.0149744,6342,13104,24673,2.06623,3.89041,57,57,58,5,4,10,9,7879.22,7815.27,7845.36,0.00325235,0.0113428,0.00753647,0.00811685,0.00429809,1766,1288,2403,0.278461,0.203091,0.378903,0.729332,1.3607,66,66,62,5,7,8,5
250,10,0.1,25,7606.5,7599.47,7622.07,0.000924258,-0.00204643,7562,13997,24924,1.85097,3.29595,71,71,64,3,4,3,9,7598.3,7591.27,7593.85,0.00107862,0.00200287,0.0016638,0.000925256,0.000585812,1269,1484,1874,0.167813,0.196244,0.247818,1.16942,1.47675,71,71,70,3,3,3,3
250,1,0.2,50,7986.49,7949.18,7822.51,0.00467251,0.0205323,7618,15415,32415,2.0235,4.25505,73,73,78,8,10,10,10,8028.4,7992.02,7965.94,-0.00524672,-0.000691771,0.00257344,0.00453117,0.00777934,702,1097,2390,0.0921502,0.144001,0.313731,1.56268,3.40456,79,79,80,8,13,9,10
250,2,0.2,50,8683.93,8681.58,8681.58,0.000269861,0.000269861,2772,4997,10372,1.80267,3.7417,34,34,34,1,1,1,1,8804.2,8804.2,8804.2,-0.0138499,-0.0138499,-0.0138499,0,0,337,622,747,0.121573,0.224387,0.269481,1.8457,2.21662,36,36,36,0,0,0,0
250,3,0.2,50,9303.07,9287.62,9182.86,0.00166033,0.0129221,6428,12775,29094,1.9874,4.52614,55,55,60,6,6,7,6,9365.67,9339.53,9270.12,-0.00672845,-0.00391914,0.00354232,0.00279054,0.0102021,771,831,2755,0.119944,0.129278,0.428594,1.07782,3.57328,58,58,63,6,8,6,8
250,4,0.2,50,10312.3,10300.2,10300.2,0.00117995,0.00117995,13247,22144,42378,1.67162,3.19906,83,83,83,5,5,5,5,10325.1,10312.9,10312.9,-0.0012335,-5.35524e-05,-5.35524e-05,0.0011785,0.0011785,1392,1657,1865,0.10508,0.125085,0.140787,1.19037,1.3398,85,85,85,5,5,5,5
250,5,0.2,50,8194.04,8182.32,8147.44,0.00142998,0.00568644,3820,7740,15077,2.02618,3.94686,42,42,45,4,3,7,4,8129.09,8117.37,8082.49,0.00792635,0.00935633,0.0136128,0.0014414,0.00573187,703,782,1181,0.184031,0.204712,0.309162,1.11238,1.67994,44,44,47,4,4,7,3
250,6,0.2,50,7577.02,7558.65,7493.09,0.00242382,0.0110764,6778,11898,22949,1.75539,3.38581,46,46,46,6,6,10,6,7530.56,7509.5,7493.85,0.00613171,0.00891079,0.0109764,0.00279622,0.00487456,1094,1208,2215,0.161405,0.178224,0.326793,1.1042,2.02468,50,50,53,6,11,7,6
250,7,0.2,50,7776.7,7752.74,7731.76,0.00308054,0.0057789,6260,13415,26919,2.14297,4.30016,74,74,73,9,10,9,10,7864.87,7752.38,7755.39,-0.0113381,0.00312683,0.00274045,0.0143028,0.0139207,905,1322,1980,0.144569,0.211182,0.316294,1.46077,2.18785,78,78,78,8,10,9,8
250,8,0.2,50,8064.65,8039.23,8026.16,0.00315284,0.00477304,8470,15058,27559,1.7778,3.25372,73,73,72,3,4,3,4,8153.23,8132.05,8132.05,-0.0109838,-0.00835719,-0.00835719,0.00259807,0.00259807,610,1177,1656,0.0720189,0.138961,0.195514,1.92951,2.71475,83,83,83,5,5,5,5
250,9,0.2,50,7690.03,7687.68,7705.67,0.00030474,-0.0020344,4737,8752,15618,1.84758,3.29702,52,52,46,1,2,2,2,7696.58,7691.93,7674.81,-0.000852185,-0.000247055,0.00197854,0.000604615,0.00282831,1059,1295,1569,0.223559,0.27338,0.331222,1.22285,1.48159,59,59,60,2,3,2,3
250,10,0.2,50,7650.74,7616.69,7529.31,0.00445082,0.0158718,5609,11156,25529,1.98895,4.55144,55,55,62,5,7,8,8,7671.17,7625.27,7595.16,-0.00267031,0.00332964,0.007265,0.00598398,0.00990886,982,962,1818,0.175076,0.17151,0.324122,0.979633,1.85132,63,63,68,9,10,10,10
260,1,0,0,7261.3,7259.08,7258.28,0.000306467,0.000416787,3850,8315,15350,2.15974,3.98701,44,44,43,1,1,2,2,7339.48,7337.25,7336.45,-0.0107655,-0.010459,-0.0103487,0.000303203,0.000412348,1060,1029,1415,0.275325,0.267273,0.367532,0.970755,1.33491,46,46,47,1,2,2,2
260,2,0,0,6582.66,6579.27,6579.27,0.000514732,0.000514732,4138,7960,15169,1.92363,3.66578,38,38,38,1,1,1,1,6756.37,6751.68,6751.68,-0.0263891,-0.0256771,-0.0256771,0.000693703,0.000693703,474,811,1250,0.114548,0.195988,0.302078,1.71097,2.63713,40,40,42,2,2,2,2
260,3,0,0,8320.48,8317.47,8310.11,0.000362351,0.00124651,2767,5713,10529,2.06469,3.8052,30,30,30,1,1,1,1,8362.69,8344.75,8344.75,-0.00507271,-0.0029163,-0.0029163,0.00214553,0.00214553,682,900,1501,0.246476,0.325262,0.542465,1.31965,2.20088,35,35,35,1,2,1,1
260,4,0,0,6153.82,6149.14,6149.14,0.000761626,0.000761626,4684,8256,16490,1.7626,3.5205,31,31,31,2,2,2,2,6346.13,6341.44,6334.35,-0.0312496,-0.030488,-0.0293358,0.000738547,0.00185585,1626,1243,1450,0.347139,0.265371,0.309564,0.764453,0.891759,31,31,30,2,3,2,3
260,5,0,0,6683.65,6679.39,6679.39,0.000637786,0.000637786,3322,7584,13865,2.28296,4.17369,49,49,48,1,1,1,1,6721.6,6717.33,6717.33,-0.00567728,-0.00503949,-0.00503949,0.000634186,0.000634186,418,866,943,0.125828,0.260686,0.283865,2.07177,2.25598,54,54,54,1,2,1,1
260,6,0,0,6502.09,6502.09,6502.09,0,0,1701,4102,7114,2.41152,4.18225,19,19,19,0,0,0,0,6534.18,6534.18,6534.18,-0.00493451,-0.00493451,-0.00493451,0,0,776,721,1397,0.456202,0.423868,0.821282,0.929124,1.80026,19,19,19,0,0,0,0
260,7,0,0,8043.47,7996.38,7921.57,0.00585378,0.0151546,3127,6012,12311,1.92261,3.937,31,31,32,3,2,4,2,8068.91,8018.49,7930.4,-0.00316368,0.0031045,0.0140564,0.00624841,0.0171658,599,1099,1722,0.191557,0.351455,0.550688,1.83472,2.87479,31,31,34,4,4,5,2
260,8,0,0,7986.45,7984.1,7932.46,0.000293429,0.00675976,3554,7373,13660,2.07456,3.84356,25,25,26,1,1,1,1,7986.45,7984.1,7932.46,0,0.000293429,0.00675976,0.000293429,0.00675976,675,808,1016,0.189927,0.227349,0.285875,1.19704,1.50519,25,25,26,1,1,1,1
260,9,0,0,9214.68,9181.73,9147.15,0.00357563,0.00732915,6537,21153,34401,3.23589,5.26251,71,71,73,4,4,5,4,9218.57,9209.69,9177.6,-0.000421515,0.000542398,0.00402441,0.000963508,0.00444405,1751,1112,1686,0.26786,0.170109,0.257916,0.635066,0.962878,74,74,79,3,4,4,2
260,10,0,0,7826.43,7778.7,7774.4,0.00609914,0.00664824,7805,16166,30837,2.07124,3.95093,69,69,69,3,2,6,5,7847.07,7826.1,7814.9,-0.00263682,4.24767e-05,0.00147362,0.00267225,0.00409963,652,987,1650,0.0835362,0.126457,0.211403,1.5138,2.53067,69,69,69,3,5,6,5
260,1,0.05,13,7557.29,7557.29,7516.16,0,0.00544229,5361,12196,24986,2.27495,4.6607,67,67,66,0,2,0,6,7624.62,7624.62,7624.62,-0.00890928,-0.00890928,-0.00890928,0,0,956,781,1478,0.178325,0.145682,0.275695,0.816946,1.54603,69,69,69,0,1,0,1
260,2,0.05,13,9570.55,9538.01,9494.1,0.00339961,0.00798776,7564,17303,26876,2.28755,3.55315,60,60,61,3,3,3,3,9597,9549.09,9556.11,-0.00276421,0.00224169,0.00150824,0.00499211,0.00426068,1341,1068,1287,0.177287,0.141195,0.170148,0.796421,0.959732,69,69,68,4,5,4,4
260,3,0.05,13,7867.64,7865.3,7854.15,0.00029786,0.00171537,3801,7856,15774,2.06682,4.14996,37,37,38,1,1,2,1,7882.67,7880.33,7869.17,-0.00191018,-0.00161232,-0.000194817,0.000297292,0.0017121,699,910,1400,0.183899,0.239411,0.368324,1.30186,2.00286,42,42,44,1,3,2,1
260,4,0.05,13,9396.27,9390.4,9390.4,0.000624538,0.000624538,5095,10685,21261,2.09715,4.17291,64,64,63,2,3,2,8,9393.37,9387.5,9387.5,0.00030893,0.000933468,0.000933468,0.000624731,0.000624731,1129,1549,2329,0.22159,0.304024,0.457115,1.37201,2.06289,71,71,70,2,6,2,3
260,5,0.05,13,7811.7,7800.75,7716.11,0.00140206,0.0122363,9206,11338,28212,1.23159,3.06452,51,51,56,2,3,3,3,7731.57,7719.98,7723.18,0.0102575,0.011742,0.0113318,0.00149992,0.0010855,1424,1424,2286,0.154682,0.154682,0.248316,1,1.60534,61,61,59,3,4,8,8
260,6,0.05,13,7436.24,7436.24,7436.24,0,0,11278,20654,42214,1.83135,3.74304,53,53,53,0,0,0,0,7541.13,7540.26,7535.44,-0.0141052,-0.013988,-0.0133394,0.000115553,0.000755188,1223,1721,1802,0.108441,0.152598,0.15978,1.4072,1.47343,56,56,57,1,2,1,1
260,7,0.05,13,9148.22,9148.22,9148.22,0,0,5674,11539,21813,2.03366,3.84438,59,59,59,0,0,0,0,9280.83,9280.83,9280.83,-0.0144961,-0.0144961,-0.0144961,0,0,1013,990,1787,0.178534,0.17448,0.314945,0.977295,1.76407,54,54,54,0,2,0,0
260,8,0.05,13,7736.06,7724.98,7682.74,0.00143342,0.00689359,3426,12094,16409,3.53006,4.78955,57,57,59,2,1,3,1,7767.37,7756.28,7714.04,-0.00404714,-0.00261371,0.00284645,0.00142764,0.0068658,464,797,1297,0.135435,0.232633,0.378576,1.71767,2.79526,60,60,62,2,2,3,1
260,9,0.05,13,9154.91,9130.01,9053.24,0.00272075,0.0111056,13706,23924,43419,1.74551,3.16788,71,71,75,2,3,2,3,9182.55,9178.17,9139.71,-0.00301875,-0.00254048,0.00166066,0.000476824,0.00466532,1089,1214,2441,0.0794543,0.0885743,0.178097,1.11478,2.24151,81,81,87,1,2,1,2
260,10,0.05,13,7574.43,7540.39,7515.59,0.00449379,0.00776767,11841,24293,36756,2.0516,3.10413,76,76,70,6,5,6,6,7774.53,7726.35,7726.35,-0.0264188,-0.0200569,-0.0200569,0.00619815,0.00619815,1073,1304,1922,0.0906173,0.110126,0.162317,1.21528,1.79124,94,94,95,4,4,4,3
260,1,0.1,26,9267.34,9254.8,9147.83,0.00135248,0.0128952,5691,11667,26888,2.05008,4.72465,60,60,65,3,3,3,5,9274.91,9267.38,9264.34,-0.000817134,-4.96472e-06,0.000323829,0.000811506,0.00114003,654,943,1178,0.114918,0.1657,0.206993,1.4419,1.80122,66,66,67,1,1,1,1
260,2,0.1,26,7388.33,7372.38,7337.28,0.00215919,0.00691008,4247,9123,18368,2.1481,4.32494,46,46,49,4,3,4,3,7401.46,7387.13,7355.78,-0.00177753,0.000161828,0.00440544,0.00193591,0.00617199,679,999,1640,0.159878,0.235225,0.386155,1.47128,2.41532,49,49,52,5,4,5,4
260,3,0.1,26,7446.74,7435.02,7413.79,0.00157348,0.00442408,5054,10341,20182,2.0461,3.99327,68,68,68,3,4,3,4,7542.59,7530.87,7520.61,-0.0128709,-0.0112974,-0.00992054,0.00155348,0.00291285,1060,1516,2712,0.209735,0.29996,0.536605,1.43019,2.55849,62,62,64,3,3,3,3
260,4,0.1,26,9049.76,9029.94,9025.55,0.00219045,0.00267516,7292,14294,28995,1.96023,3.97628,44,44,46,3,3,3,3,9015.07,9008.37,9008.37,0.00383345,0.00457393,0.00457393,0.000743336,0.000743336,929,1498,1574,0.1274,0.205431,0.215853,1.61249,1.69429,53,53,53,4,5,4,4
260,5,0.1,26,8529.18,8521.05,8448.45,0.000953333,0.0094654,6738,11258,25280,1.67082,3.75186,45,45,50,3,2,5,2,8631.28,8617.18,8472.11,-0.0119707,-0.0103182,0.00669048,0.00163289,0.0184404,1036,1405,3252,0.153755,0.208519,0.482636,1.35618,3.139,53,53,61,4,7,5,4
260,6,0.1,26,7260.3,7239.02,7146.81,0.00293153,0.0156323,6714,11931,22002,1.77703,3.27703,50,50,49,2,1,2,1,7331.27,7331.27,7331.27,-0.00977497,-0.00977497,-0.00977497,0,0,397,691,951,0.0591302,0.102919,0.141644,1.74055,2.39547,52,52,51,0,1,0,1
260,7,0.1,26,11201.9,11188.5,11178.8,0.00120013,0.00205966,3335,6680,11561,2.003,3.46657,33,33,30,1,2,1,4,11204.6,11191.1,11191.1,-0.000235603,0.000964528,0.000964528,0.00119985,0.00119985,670,947,1201,0.2009,0.283958,0.36012,1.41343,1.79254,35,35,35,1,2,1,1
260,8,0.1,26,7075.47,7063.8,7057.77,0.00164915,0.00250156,22259,34408,67210,1.5458,3.01945,82,82,83,3,2,3,2,7187.63,7164.06,7099.62,-0.0158522,-0.0125204,-0.00341231,0.00327981,0.0122458,2854,2703,4363,0.128218,0.121434,0.196011,0.947092,1.52873,89,89,95,4,4,4,3
260,9,0.1,26,9746.63,9731.56,9599.16,0.00154632,0.0151309,5951,12216,25024,2.05276,4.20501,73,73,78,2,2,7,2,9746.63,9731.56,9599.16,0,0.00154632,0.0151309,0.00154632,0.0151309,597,909,2310,0.100319,0.152747,0.38817,1.52261,3.86935,75,75,81,2,4,7,2
260,10,0.1,26,8772.44,8766.18,8766.18,0.000714233,0.000714233,7228,12129,26452,1.67806,3.65966,48,48,47,2,3,2,4,8792.27,8786,8787.06,-0.00225971,-0.00154548,-0.00166588,0.000712622,0.000592491,960,1065,1602,0.132817,0.147344,0.221638,1.10938,1.66875,46,46,46,2,2,2,4
260,1,0.2,52,8355.71,8338.64,8311.68,0.00204334,0.00526976,9559,18627,33337,1.94863,3.4875,64,64,67,2,2,4,2,8521.44,8514.46,8461.49,-0.0198339,-0.0189991,-0.0126589,0.000818614,0.00703546,631,1014,1804,0.0660111,0.106078,0.188723,1.60697,2.85895,68,68,76,3,5,3,2
260,2,0.2,52,8443.95,8367.52,8288.89,0.00905088,0.0183629,5815,17113,30477,2.94291,5.2411,102,102,100,9,8,12,8,8563.85,8471.69,8309.29,-0.0141999,-0.00328615,0.0159468,0.010761,0.0297246,546,1027,2610,0.0938951,0.176612,0.448839,1.88095,4.78022,82,82,90,13,13,13,11
260,3,0.2,52,7732.48,7712.54,7721.18,0.00257835,0.00146166,7376,13452,23909,1.82375,3.24146,53,53,53,6,4,6,4,7795.24,7785.66,7792.51,-0.00811695,-0.00687686,-0.00776318,0.00123011,0.000350921,2135,1415,1975,0.289452,0.191838,0.26776,0.662763,0.925059,61,61,59,5,7,5,5
260,4,0.2,52,8388.8,8381.06,8381.06,0.000923289,0.000923289,8295,15989,28974,1.92755,3.49295,64,64,64,4,4,4,4,8498.22,8398.82,8421.29,-0.0130433,-0.00119361,-0.00387258,0.0116971,0.00905268,4172,2333,2937,0.502954,0.281254,0.354069,0.559204,0.703979,69,69,62,11,7,11,5
260,5,0.2,52,9159.86,9151.18,9120.78,0.000947319,0.00426688,4408,9327,20631,2.11593,4.68035,55,55,57,4,4,4,4,9298.07,9284.7,9267.04,-0.0150882,-0.0136292,-0.0117007,0.00143731,0.00333717,644,1254,1647,0.146098,0.284483,0.373639,1.9472,2.55745,57,57,59,6,5,6,4
260,6,0.2,52,8128.78,8119.22,8074.71,0.00117632,0.0066519,12931,21196,38806,1.63916,3.00101,78,78,82,3,2,5,3,8107.89,8089.41,8058.08,0.00256983,0.00484288,0.00869701,0.00227891,0.00614296,1998,1816,2696,0.154512,0.140438,0.208491,0.908909,1.34935,83,83,86,4,4,6,2
260,7,0.2,52,9453.52,9439.79,9438.32,0.00145293,0.00160752,3618,7667,15541,2.11913,4.29547,37,37,37,6,6,6,7,9462.24,9448.5,9446.89,-0.000921921,0.000531009,0.000701605,0.00145159,0.00162203,806,1047,1594,0.222775,0.289386,0.440575,1.29901,1.97767,38,38,39,6,7,6,7
260,8,0.2,52,11261.7,11253,11249.1,0.000770241,0.00112186,10653,17374,36920,1.6309,3.46569,70,70,71,4,4,4,4,11308.6,11298.2,11273.6,-0.0041622,-0.00324626,-0.00105988,0.000912149,0.00308946,1025,1283,2028,0.096217,0.120436,0.190369,1.25171,1.97854,69,69,71,3,5,3,4
260,9,0.2,52,9748.82,9740.1,9707.17,0.000894757,0.00427255,9426,17136,32518,1.81795,3.44982,65,65,65,3,3,3,3,9797.89,9789.17,9789.17,-0.00503272,-0.00413797,-0.00413797,0.000890277,0.000890277,1248,1429,1662,0.1324,0.151602,0.176321,1.14503,1.33173,68,68,68,3,4,3,3
260,10,0.2,52,8216.9,8214.11,8188.22,0.000339782,0.00349095,6696,12797,25356,1.91114,3.78674,59,59,62,2,2,4,2,8293.89,8291.55,8291.55,-0.00936923,-0.00908403,-0.00908403,0.000282552,0.000282552,936,1525,2138,0.139785,0.227748,0.319295,1.62927,2.28419,63,63,64,1,2,1,1
270,1,0,0,8530.38,8529.32,8529.32,0.000125154,0.000125154,4451,11728,22482,2.63491,5.051,63,63,63,1,1,1,1,8557.17,8556.1,8556.1,-0.00314006,-0.00301491,-0.00301491,0.000124762,0.000124762,1213,1374,1668,0.272523,0.308695,0.374747,1.13273,1.3751,70,70,70,1,1,1,1
270,2,0,0,7255.18,7255.18,7259.25,0,-0.000561409,1180,3540,6505,3,5.51271,22,22,20,0,1,0,3,7282.12,7282.12,7282.12,-0.00371408,-0.00371408,-0.00371408,0,0,185,604,808,0.15678,0.511864,0.684746,3.26486,4.36757,26,26,26,0,0,0,0
270,3,0,0,7326.63,7326.63,7326.63,0,0,7732,12902,24977,1.66865,3.23034,43,43,43,0,0,0,0,7379.97,7379.97,7379.97,-0.00728009,-0.00728009,-0.00728009,0,0,959,1024,1487,0.12403,0.132437,0.192318,1.06778,1.55057,45,45,43,0,2,0,2
270,4,0,0,9023.78,9023.78,9023.78,0,0,1156,2445,4783,2.11505,4.13754,10,10,10,0,0,0,0,8999.03,8999.03,8891.89,0.00274337,0.00274337,0.0146161,0,0.0119054,765,1062,1972,0.661765,0.918685,1.70588,1.38824,2.57778,12,12,22,0,3,0,0
270,5,0,0,8108.15,8103.46,8075.41,0.00057805,0.00403696,5630,13958,27330,2.47922,4.85435,74,74,74,1,2,2,2,8096.88,8092.19,8067.89,0.00138966,0.00196771,0.00496457,0.000578854,0.00357988,470,914,1413,0.0834813,0.162345,0.250977,1.94468,3.00638,80,80,81,1,2,2,1
270,6,0,0,7044.69,7044.69,7095.05,0,-0.00714906,3477,7012,9544,2.01668,2.7449,24,24,22,0,1,0,3,7033.19,7022.95,7022.95,0.00163236,0.00308497,0.00308497,0.00145499,0.00145499,1146,1545,1805,0.329594,0.444349,0.519126,1.34817,1.57504,49,49,49,2,2,2,2
270,7,0,0,7964.34,7964.34,7964.34,0,0,1748,4361,8082,2.49485,4.62357,18,18,18,0,0,0,0,8184.32,8184.32,8210.44,-0.0276196,-0.0276196,-0.0308993,0,-0.00319155,1199,868,1355,0.685927,0.496568,0.775172,0.723937,1.13011,34,34,29,0,3,0,1
270,8,0,0,7872.61,7861.26,7850.02,0.00144154,0.00286914,4377,11476,21062,2.62189,4.81197,50,50,51,3,1,5,1,8097.29,8085.94,8067.3,-0.02854,-0.0270984,-0.0247311,0.00140154,0.0037032,804,1022,1909,0.183687,0.233493,0.436143,1.27114,2.37438,55,55,62,3,4,5,2
270,9,0,0,7448.63,7445.53,7390.5,0.000416838,0.00780436,3555,7357,14919,2.06948,4.19662,30,30,33,2,1,3,1,7508.25,7503.16,7512.26,-0.00800452,-0.00732032,-0.00854206,0.000678767,-0.000533274,883,1315,1573,0.248383,0.369902,0.442475,1.48924,1.78143,32,32,30,2,2,3,4
270,10,0,0,8107.55,8076.03,8056.31,0.003888,0.00631977,3395,8828,17163,2.60029,5.05538,52,52,53,3,2,3,2,8308.55,8282.11,8282.11,-0.0247922,-0.0215308,-0.0215308,0.00318252,0.00318252,505,817,1120,0.148748,0.240648,0.329897,1.61782,2.21782,70,70,70,3,3,5,5
270,1,0.05,14,7802.41,7772.99,7731.1,0.00377032,0.00913914,3941,8381,16275,2.12662,4.12966,37,37,40,2,2,4,2,8045.97,8038.62,8038.62,-0.0312169,-0.0302745,-0.0302745,0.000913839,0.000913839,345,1004,1211,0.0875412,0.254758,0.307282,2.91014,3.51014,37,37,37,2,3,2,2
270,2,0.05,14,8292.12,8289.78,8289.78,0.000282613,0.000282613,2942,6333,11736,2.15262,3.98912,30,30,30,1,1,1,1,8292.12,8289.78,8289.78,0,0.000282613,0.000282613,0.000282613,0.000282613,600,1139,1156,0.203943,0.387152,0.39293,1.89833,1.92667,30,30,30,1,1,1,1
270,3,0.05,14,8916.43,8914.09,8901.27,0.000262824,0.00170045,4549,9663,19049,2.1242,4.18751,53,53,55,1,1,3,1,9063.88,9031.93,9033.95,-0.0165369,-0.0129534,-0.0131798,0.00352524,0.00330245,514,923,1584,0.112992,0.202902,0.348208,1.79572,3.08171,57,57,63,4,5,4,3
270,4,0.05,14,8264.75,8262.41,8212.49,0.000283548,0.00632324,6166,11809,22885,1.91518,3.71148,57,57,61,1,1,1,1,8276.73,8274.39,8241.2,-0.00144931,-0.00116576,0.00284983,0.000283138,0.00429292,803,1112,1958,0.13023,0.180344,0.317548,1.38481,2.43836,61,61,65,1,3,1,2
270,5,0.05,14,8886.05,8859.67,8807.71,0.00296857,0.00881551,7027,13584,26340,1.93312,3.7484,52,52,53,6,6,6,6,9032.52,9018.9,9015.67,-0.0164834,-0.0149506,-0.0145868,0.0015079,0.0018658,1385,1522,1965,0.197097,0.216593,0.279636,1.09892,1.41877,54,54,55,5,6,5,5
270,6,0.05,14,7350.55,7339.57,7319.23,0.00149312,0.00426011,5497,13293,26250,2.41823,4.77533,69,69,70,2,2,3,2,7355,7338.79,7327.18,-0.0006058,0.0015994,0.0031781,0.00220387,0.0037816,526,819,1356,0.0956886,0.14899,0.24668,1.55703,2.57795,67,67,67,2,4,3,3
270,7,0.05,14,8639.16,8639.16,8639.16,0,0,1980,4059,7769,2.05,3.92374,22,22,22,0,0,0,0,8639.16,8639.16,8639.16,0,0,0,0,0,437,777,1149,0.220707,0.392424,0.580303,1.77803,2.62929,23,23,23,0,1,0,0
270,8,0.05,14,8109.27,8106.93,7963.88,0.000288985,0.0179291,4928,10790,18915,2.18953,3.83827,54,54,46,1,3,1,3,8493.44,8483.63,8286.53,-0.0473743,-0.0461642,-0.0218587,0.00115539,0.0243616,1208,1324,1583,0.24513,0.268669,0.321226,1.09603,1.31043,51,51,49,3,6,4,7
270,9,0.05,14,9868.87,9866.53,9866.53,0.00023746,0.00023746,5169,10380,20411,2.00813,3.94873,59,59,59,1,1,1,1,9884.89,9884.89,9884.89,-0.00162295,-0.00162295,-0.00162295,0,0,523,855,1084,0.10118,0.165409,0.209712,1.6348,2.07266,58,58,58,0,1,0,0
270,10,0.05,14,8395.76,8376.59,8360.21,0.00228352,0.00423429,7901,15956,30639,2.01949,3.87786,66,66,68,5,3,5,3,8347.82,8330.99,8318.62,0.00571058,0.00771498,0.0091879,0.00201591,0.00349728,624,1144,1845,0.0789773,0.144792,0.233515,1.83333,2.95673,76,76,80,4,7,4,7
270,1,0.1,27,9182.01,9164.85,9085.17,0.00186819,0.0105464,7875,16558,31900,2.1026,4.05079,73,73,75,4,3,9,3,9244.67,9240,9236.76,-0.0068249,-0.00631525,-0.00596318,0.000506192,0.000855881,1054,1301,1789,0.133841,0.165206,0.227175,1.23435,1.69734,74,74,74,3,3,8,2
270,2,0.1,27,8405.69,8395.85,8423.75,0.00117016,-0.00214844,8805,16382,29913,1.86053,3.39727,78,78,72,1,3,1,3,8410.73,8379.32,8411.65,-0.000599504,0.00313679,-0.000708965,0.00373406,-0.000109395,1457,1417,1406,0.165474,0.160931,0.159682,0.972546,0.964997,77,77,70,3,5,3,5
270,3,0.1,27,10180,10170.6,10095.7,0.000920811,0.00827333,8549,15305,28571,1.79027,3.34203,59,59,57,3,3,6,3,10177,10165.2,10115.8,0.000294759,0.00144577,0.00629973,0.00115135,0.00600675,1700,1243,1818,0.198854,0.145397,0.212656,0.731176,1.06941,60,60,62,3,3,6,5
270,4,0.1,27,8892.73,8885.79,8885.79,0.000780337,0.000780337,7317,13372,25904,1.82752,3.54025,58,58,58,3,3,3,3,8894,8887.07,8887.07,-0.000143684,0.000636653,0.000636653,0.000780225,0.000780225,553,901,1257,0.0755774,0.123138,0.171792,1.62929,2.27306,64,64,64,3,3,3,3
270,5,0.1,27,11470.9,11453.4,11396.3,0.00152017,0.00649537,5737,11110,23219,1.93655,4.04724,48,48,54,5,3,5,2,11611.9,11596.8,11490.8,-0.0122929,-0.010977,-0.00174077,0.0012999,0.0104239,470,1244,2340,0.0819244,0.216838,0.407879,2.64681,4.97872,47,47,54,5,3,6,2
270,6,0.1,27,10825.4,10786.2,10722.9,0.00361678,0.00946605,8850,15741,35179,1.77864,3.97503,58,58,57,4,7,7,9,10881.9,10842.8,10817.3,-0.0052242,-0.00160743,0.000745708,0.00359798,0.00593888,1406,1443,2345,0.15887,0.163051,0.264972,1.02632,1.66785,63,63,66,4,7,7,6
270,7,0.1,27,7837.84,7830.81,7830.81,0.000896978,0.000896978,6807,14515,27921,2.13236,4.10181,77,77,77,2,2,2,2,7878.57,7871.54,7871.54,-0.00519622,-0.00429925,-0.00429925,0.000892341,0.000892341,803,956,1548,0.117967,0.140444,0.227413,1.19054,1.92777,78,78,78,2,2,2,2
270,8,0.1,27,7963.84,7961.5,7961.5,0.000294262,0.000294262,8005,14319,28027,1.78876,3.50119,61,61,61,1,1,1,1,8163.93,8157.57,8117.74,-0.0251242,-0.024326,-0.0193244,0.000778622,0.00565766,2466,2000,2595,0.308057,0.249844,0.324172,0.81103,1.05231,64,64,60,2,7,2,5
270,9,0.1,27,7508.37,7484.08,7427.4,0.00323513,0.0107841,3781,10609,20432,2.80587,5.40386,69,69,71,5,4,7,4,7530.15,7505.86,7452.57,-0.00290018,0.000334952,0.00743113,0.00322577,0.0103014,836,925,1799,0.221106,0.244644,0.4758,1.10646,2.15191,77,77,81,5,7,7,4
270,10,0.1,27,7158.57,7130.66,7082.49,0.00389962,0.0106281,15051,23782,49234,1.58009,3.27114,80,80,83,6,6,9,6,7263.01,7235.1,7157.43,-0.01459,-0.0106904,0.000159983,0.00384354,0.0145378,1877,1746,3480,0.124709,0.116006,0.231214,0.930208,1.85402,78,78,80,6,9,9,7
270,1,0.2,54,8579.82,8572.34,8572.34,0.000871944,0.000871944,8086,17077,33022,2.11192,4.08385,66,66,66,3,3,3,3,8759.2,8746.73,8746.73,-0.0209072,-0.0194537,-0.0194537,0.00142379,0.00142379,519,1056,1240,0.064185,0.130596,0.153351,2.03468,2.38921,61,61,61,4,5,5,5
270,2,0.2,54,8312.44,8303.07,8308.35,0.00112769,0.000492267,11105,22534,33847,2.02918,3.04791,86,86,85,4,4,4,3,8350.96,8341.59,8234.52,-0.00463383,-0.00350614,0.00937385,0.00112248,0.0139431,2239,2145,4357,0.201621,0.193156,0.392346,0.958017,1.94596,94,94,99,4,11,4,5
270,3,0.2,54,8411.47,8400.7,8369.31,0.00128069,0.00501282,10488,19000,36455,1.81159,3.47588,75,75,73,3,6,3,6,8400.39,8389.61,8376.01,0.00131808,0.00259877,0.00421599,0.00128238,0.00290173,2641,1990,3101,0.251812,0.189741,0.295671,0.753502,1.17418,77,77,79,3,3,3,2
270,4,0.2,54,8679.84,8672.99,8672.99,0.000788597,0.000788597,14416,24250,46116,1.68216,3.19895,62,62,62,2,2,2,2,8703.98,8670.39,8670.39,-0.00278132,0.00108897,0.00108897,0.00385955,0.00385955,2168,1866,2903,0.150388,0.12944,0.201373,0.860701,1.33902,64,64,64,2,4,2,2
270,5,0.2,54,11179.7,11142.1,11154.4,0.00336082,0.00225706,6781,14088,23216,2.07757,3.42368,66,66,58,6,4,8,4,11218.2,11202,11202,-0.00345005,-0.00199391,-0.00199391,0.00145113,0.00145113,787,1136,1653,0.11606,0.167527,0.243769,1.44346,2.10038,67,67,68,4,5,4,4
270,6,0.2,54,11266,11266,11266,0,0,5454,10595,19619,1.94261,3.59718,42,42,42,0,0,0,0,11345.9,11345.9,11345.9,-0.00709066,-0.00709066,-0.00709066,0,0,586,859,1184,0.107444,0.157499,0.217088,1.46587,2.02048,46,46,46,0,0,0,0
270,7,0.2,54,7719.12,7700.55,7625.92,0.00240633,0.0120739,11748,20349,37019,1.73212,3.15109,73,73,79,6,5,7,5,7802.01,7783.44,7712.15,-0.0107382,-0.00833184,0.000902857,0.00238077,0.0115173,1181,1626,3762,0.100528,0.138407,0.320225,1.3768,3.18544,74,74,85,6,7,7,6
270,8,0.2,54,11221.1,11180.9,10943.9,0.0035816,0.0246986,3139,8656,16645,2.75757,5.30264,36,36,40,8,6,8,5,11295.5,11268.6,11232,-0.00663118,-0.00423558,-0.000972537,0.00237982,0.00562136,1340,1030,2230,0.426888,0.32813,0.710417,0.768657,1.66418,50,50,58,8,15,8,11
270,9,0.2,54,10219,10209.7,10219.8,0.000909501,-8.1505e-05,16027,27545,52532,1.71866,3.27772,88,88,81,4,8,4,8,10309.9,10296.2,10358.7,-0.00889958,-0.00755626,-0.0136706,0.00133147,-0.00472889,2357,2175,2684,0.147064,0.135708,0.167467,0.922783,1.13874,97,97,91,7,10,7,10
270,10,0.2,54,8160.69,8156.27,8156.27,0.000540526,0.000540526,2982,6846,12205,2.29577,4.09289,35,35,35,1,1,2,2,8160.69,8156.27,8156.27,0,0.000540526,0.000540526,0.000540526,0.000540526,248,821,1056,0.0831657,0.275319,0.354125,3.31048,4.25806,35,35,35,1,2,2,2
280,1,0,0,9780.57,9780.57,9780.57,0,0,1817,4550,8596,2.50413,4.73088,24,24,24,0,1,0,0,9780.57,9780.57,9780.57,0,0,0,0,0,523,796,1136,0.287837,0.438085,0.625206,1.52199,2.17208,25,25,25,0,1,0,0
280,2,0,0,8179.49,8168.08,8092.97,0.00139589,0.0105779,6534,12849,24541,1.96648,3.75589,48,48,48,5,5,11,9,8195.47,8181.92,8089.57,-0.00195327,-0.000296335,0.0109941,0.0016537,0.0129222,994,1022,1586,0.152127,0.156413,0.24273,1.02817,1.59557,52,52,55,4,6,9,7
280,3,0,0,7797.08,7797.08,7797.08,0,0,5962,11889,22379,1.99413,3.75361,52,52,52,0,0,0,0,8000.98,8000.98,8000.98,-0.0261516,-0.0261516,-0.0261516,0,0,725,783,1047,0.121603,0.131332,0.175612,1.08,1.44414,61,61,61,0,1,0,0
280,4,0,0,8458.37,8458.37,8458.37,0,0,2682,5344,9987,1.99254,3.72371,27,27,27,0,0,0,0,8606.54,8606.54,8606.54,-0.0175174,-0.0175174,-0.0175174,0,0,1254,849,1729,0.467562,0.316555,0.644668,0.677033,1.37879,41,41,40,0,3,0,1
280,5,0,0,8149.93,8149.93,8149.93,0,0,447,1261,1933,2.82103,4.32438,3,3,3,0,0,0,0,8149.93,8149.93,8149.93,0,0,0,0,0,279,686,732,0.624161,1.53468,1.63758,2.45878,2.62366,3,3,3,0,0,0,0
280,6,0,0,7703.73,7703.73,7703.73,0,0,2509,5134,10374,2.04623,4.13472,29,29,29,0,0,0,0,7680.03,7678.29,7678.29,0.00307651,0.00330211,0.00330211,0.000226299,0.000226299,498,909,958,0.198485,0.362296,0.381825,1.8253,1.92369,33,33,33,1,2,1,1
280,7,0,0,9167.29,9166.06,9110.64,0.000133579,0.00617885,6251,12492,23457,1.9984,3.75252,58,58,48,1,1,1,2,9241.04,9214.98,9219.46,-0.00804478,-0.00520224,-0.00569083,0.00281985,0.00233517,1440,1590,3012,0.230363,0.254359,0.481843,1.10417,2.09167,56,56,57,3,5,3,4
280,8,0,0,9459.41,9433.54,9407.49,0.00273402,0.00548816,9917,19029,37811,1.91883,3.81275,56,56,59,3,3,5,3,9612.27,9586.41,9578.82,-0.0161603,-0.0134263,-0.0126239,0.00269054,0.00348015,885,1670,2312,0.0892407,0.168398,0.233135,1.88701,2.61243,63,63,66,3,3,5,3
280,9,0,0,8686.09,8686.09,8686.09,0,0,2994,7161,13270,2.39178,4.4322,33,33,33,0,0,0,0,8635.66,8635.66,8635.66,0.00580586,0.00580586,0.00580586,0,0,462,779,1238,0.154309,0.260187,0.413494,1.68615,2.67965,41,41,41,0,0,0,0
280,10,0,0,8324.89,8324.89,8324.89,0,0,3399,7247,13441,2.1321,3.9544,35,35,35,0,0,0,0,8412.9,8412.9,8412.9,-0.0105721,-0.0105721,-0.0105721,0,0,580,915,1245,0.170638,0.269197,0.366284,1.57759,2.14655,34,34,34,0,0,0,0
280,1,0.05,14,8313.74,8306.71,8306.71,0.000845632,0.000845632,2809,7587,13278,2.70096,4.72695,36,36,36,3,3,3,3,8315.18,8310.5,8310.5,-0.000173092,0.000390663,0.000390663,0.000563657,0.000563657,550,1102,1373,0.195799,0.39231,0.488786,2.00364,2.49636,43,43,43,2,2,2,2
280,2,0.05,14,9052.89,9037.48,9037.48,0.00170204,0.00170204,5952,14327,27087,2.40709,4.55091,68,68,68,1,1,1,1,9158.11,9138.78,9121.83,-0.0116226,-0.00948733,-0.00761504,0.00211075,0.00396153,618,1102,1815,0.103831,0.185148,0.30494,1.78317,2.93689,70,70,72,3,3,3,2
280,3,0.05,14,7765.18,7740.33,7721.53,0.00319963,0.0056212,4979,10854,24650,2.17996,4.95079,49,49,48,2,3,4,4,7794.96,7770.12,7733.12,-0.00383618,-0.000636556,0.00412802,0.0031874,0.00793377,1245,1406,2585,0.25005,0.282386,0.519181,1.12932,2.07631,54,54,58,2,3,4,1
280,4,0.05,14,9353.68,9353.68,9353.68,0,0,8153,15918,30251,1.95241,3.71041,67,67,67,0,0,0,0,9277.53,9275.18,9275.18,0.00814122,0.00839176,0.00839176,0.000252595,0.000252595,1132,1056,1335,0.138845,0.129523,0.163743,0.932862,1.17933,74,74,74,1,1,1,1
280,5,0.05,14,10416.8,10355,10351.5,0.00592899,0.00626969,6664,11637,23032,1.74625,3.45618,40,40,41,2,2,3,1,10563.8,10512.2,10464.9,-0.0141152,-0.00916317,-0.00462315,0.00488312,0.00935995,1280,1364,2241,0.192077,0.204682,0.336285,1.06563,1.75078,56,56,59,2,5,3,2
280,6,0.05,14,7419.84,7417.49,7417.49,0.000315837,0.000315837,4304,8573,17089,1.99187,3.97049,41,41,41,1,1,5,5,7617.12,7593.09,7563.94,-0.0265887,-0.0233502,-0.0194218,0.0031547,0.00698129,3344,2094,4530,0.776952,0.486524,1.05251,0.626196,1.35467,70,70,78,3,11,4,4
280,7,0.05,14,8083.95,8060.57,8054.15,0.00289245,0.00368703,6689,11695,22053,1.74839,3.29691,43,43,41,1,2,1,2,8024.1,8013.79,8016,0.00740398,0.0086797,0.00840573,0.00128524,0.00100923,1178,1549,1779,0.17611,0.231574,0.265959,1.31494,1.51019,50,50,52,2,3,2,2
280,8,0.05,14,9558.03,9515.01,9507.82,0.00450082,0.00525334,5624,12203,24080,2.16981,4.28165,59,59,60,4,4,4,4,9558.22,9515.2,9508.01,-2.02998e-05,0.00448052,0.00523304,0.00450073,0.00525323,1098,1221,2086,0.195235,0.217105,0.37091,1.11202,1.89982,65,65,66,4,5,4,4
280,9,0.05,14,10300.9,10292.4,10279.7,0.000824408,0.00206399,7083,13448,26019,1.89863,3.67344,57,57,58,3,2,3,2,10309.4,10299.3,10286.5,-0.000820615,0.000159255,0.00139883,0.000979067,0.00221763,1188,1114,1925,0.167726,0.157278,0.271777,0.93771,1.62037,63,63,64,4,3,5,4
280,10,0.05,14,8709.85,8676.26,8676.26,0.00385695,0.00385695,2234,5156,10131,2.30797,4.53491,15,15,15,2,2,2,2,8710.19,8707.85,8707.85,-3.89577e-05,0.0002301,0.0002301,0.000269048,0.000269048,1118,1763,1744,0.500448,0.789167,0.780662,1.57692,1.55993,17,17,17,1,1,1,1
280,1,0.1,28,7701.6,7699.26,7699.26,0.000304282,0.000304282,18629,31880,63849,1.71131,3.4274,85,85,85,1,2,1,1,7707.72,7705.37,7699.65,-0.000794105,-0.000489823,0.000252773,0.00030404,0.00104605,3356,2900,4177,0.180149,0.155671,0.22422,0.864124,1.24464,95,95,95,1,4,1,2
280,2,0.1,28,9995.83,9982.47,9982.47,0.00133698,0.00133698,7789,14258,26880,1.83053,3.45102,51,51,50,4,4,4,4,9752.24,9729.77,9675.9,0.0243693,0.0266178,0.0320064,0.00230465,0.00782786,574,1250,2239,0.0736937,0.160483,0.287457,2.1777,3.9007,51,51,56,5,6,6,4
280,3,0.1,28,9599.53,9580.64,9580.64,0.00196812,0.00196812,12555,22717,43685,1.8094,3.47949,74,74,74,4,4,4,4,9599.53,9580.64,9605.2,0,0.00196812,-0.000589951,0.00196812,-0.000589951,1265,1563,1679,0.100757,0.124492,0.133732,1.23557,1.32727,80,80,77,4,5,4,5
280,4,0.1,28,11100.5,11098.1,11098.1,0.000211113,0.000211113,12521,19853,37681,1.58558,3.00942,77,77,77,1,1,1,1,11063.9,11059.2,11059.2,0.00329443,0.00371666,0.00371666,0.000423622,0.000423622,838,1514,1883,0.0669276,0.120917,0.150387,1.80668,2.24702,82,82,82,2,2,2,2
280,5,0.1,28,9192.5,9183.13,9077.47,0.00101973,0.0125139,5734,10511,25583,1.8331,4.46163,44,44,55,2,2,11,2,9347.69,9312.33,9160.87,-0.0168819,-0.0130354,0.00344059,0.00378259,0.0199851,823,974,2571,0.14353,0.169864,0.448378,1.18348,3.12394,48,48,54,5,7,6,6
280,6,0.1,28,6438.63,6429.48,6420.59,0.00142,0.00280044,7756,13952,28212,1.79887,3.63744,53,53,55,3,4,3,4,6510.22,6499.48,6456.92,-0.0111199,-0.00945121,-0.00284086,0.00165036,0.00818802,1369,1328,2389,0.176509,0.171222,0.30802,0.970051,1.74507,53,53,57,4,5,5,5
280,7,0.1,28,9142.11,9131.83,9071.62,0.00112433,0.00771012,15595,24682,41342,1.58269,2.65098,65,65,59,2,4,2,5,9192.53,9177.76,9163.7,-0.00551539,-0.00389992,-0.00236195,0.00160661,0.00313614,2843,2624,2837,0.182302,0.168259,0.181917,0.922969,0.99789,71,71,73,3,7,3,4
280,8,0.1,28,10390.3,10383.3,10375.5,0.000676629,0.0014193,3047,7327,13216,2.40466,4.33738,37,37,38,1,1,1,1,10412,10404.9,10375.5,-0.00208704,-0.00141041,0.0014193,0.00067522,0.00349904,493,1098,1503,0.161798,0.360354,0.493272,2.22718,3.04868,39,39,40,1,2,1,1
280,9,0.1,28,10055.6,9996.44,9981.14,0.00588539,0.00740699,5950,11713,23777,1.96857,3.99613,48,48,50,4,4,5,4,10043.6,10041.2,10033.3,0.00119869,0.00143174,0.00221933,0.000233329,0.00102186,378,855,1159,0.0635294,0.143697,0.19479,2.2619,3.06614,53,53,54,1,1,1,1
280,10,0.1,28,10376.8,10362.8,10356.9,0.00134842,0.00191957,5719,11899,22739,2.08061,3.97604,51,51,52,3,3,3,3,10376.8,10362.8,10356.9,0,0.00134842,0.00191957,0.00134842,0.00191957,755,1149,1604,0.132016,0.200909,0.280469,1.52185,2.1245,51,51,52,3,3,3,3
280,1,0.2,56,9204.24,9195.08,9193.27,0.0009958,0.00119191,5540,10901,20915,1.96769,3.77527,46,46,47,4,4,4,4,9325.95,9317.82,9308.83,-0.0132234,-0.0123399,-0.0113624,0.000871988,0.00183674,682,927,1815,0.123105,0.167329,0.327617,1.35924,2.66129,52,52,53,4,5,7,6
280,2,0.2,56,9098.57,9075.03,8975.49,0.0025871,0.0135277,6452,12890,26905,1.99783,4.17002,45,45,48,5,6,6,5,8968.8,8954.64,8954.64,0.0142626,0.0158195,0.0158195,0.00157938,0.00157938,1095,1316,1708,0.169715,0.203968,0.264724,1.20183,1.55982,51,51,51,4,5,4,5
280,3,0.2,56,8154.06,8130.39,8090.29,0.00290282,0.00782077,9811,23644,48902,2.40995,4.98441,79,79,82,7,5,9,7,8184.67,8155.26,8119.38,-0.00375407,-0.00014662,0.00425267,0.00359396,0.0079768,1106,1730,2512,0.112731,0.176333,0.256039,1.5642,2.27125,86,86,85,6,8,8,7
280,4,0.2,56,8908.15,8841.43,8787.81,0.00748964,0.0135093,8426,17457,35407,2.0718,4.20211,83,83,85,6,5,8,5,8958.13,8811.63,8735.47,-0.00561037,0.0108355,0.019385,0.0163541,0.0248559,1263,1389,3329,0.149893,0.164847,0.395087,1.09976,2.63579,92,92,98,8,14,11,10
280,5,0.2,56,11119.7,11107.1,11138.6,0.00112726,-0.00170466,11577,21870,39955,1.88909,3.45124,79,79,71,6,8,6,8,11055.6,11039.1,11021.5,0.00576317,0.0072418,0.00882798,0.0014872,0.00308258,3495,2616,4045,0.301892,0.225965,0.3494,0.748498,1.15737,87,87,91,6,15,6,8
280,6,0.2,56,9622.02,9611.09,9672.07,0.00113614,-0.00520091,15164,23454,35886,1.54669,2.36653,72,72,67,2,4,2,4,9622.7,9620.35,9624.48,-7.03e-05,0.000173251,-0.000255147,0.000243534,-0.000184834,2765,2507,2606,0.18234,0.165326,0.171854,0.906691,0.942495,80,80,78,1,2,1,2
280,7,0.2,56,11463.2,11454.6,11434.7,0.000748733,0.00248535,10425,17117,34541,1.64192,3.31329,68,68,70,2,1,2,0,11463.2,11454.6,11434.7,0,0.000748733,0.00248535,0.000748733,0.00248535,1154,1440,2001,0.110695,0.138129,0.191942,1.24783,1.73397,68,68,70,2,3,2,1
280,8,0.2,56,9030.13,9001.76,8936.18,0.0031423,0.0104042,4864,10712,20532,2.2023,4.22122,47,47,48,5,4,6,4,9099.45,9064.05,8989.66,-0.00767669,-0.00375584,0.00448213,0.00389098,0.0120662,368,958,1901,0.0756579,0.196957,0.390831,2.60326,5.16576,61,61,67,8,8,11,9
280,9,0.2,56,9890.22,9876.54,9805.29,0.0013829,0.0085874,7690,17597,34356,2.2883,4.46762,81,81,80,4,7,4,7,10026.6,10015.6,10015,-0.0137935,-0.0126732,-0.0126152,0.00110505,0.00116227,719,1243,1808,0.093498,0.161638,0.235111,1.72879,2.5146,69,69,70,3,4,3,4
280,10,0.2,56,10152.6,10145.3,10123.4,0.000721173,0.00287831,5826,10340,20432,1.7748,3.50704,42,42,44,3,2,3,1,10142.4,10126.6,10126.6,0.00100799,0.00255997,0.00255997,0.00155355,0.00155355,529,1191,1199,0.0907999,0.204428,0.205802,2.25142,2.26654,44,44,44,4,4,4,4
290,1,0,0,10336.2,10336.2,10336.2,0,0,4935,9836,19159,1.99311,3.88227,42,42,42,0,0,0,0,10363.2,10363.2,10363.2,-0.00261472,-0.00261472,-0.00261472,0,0,639,828,1402,0.129483,0.167781,0.284093,1.29577,2.19405,41,41,41,0,0,0,0
290,2,0,0,8830.24,8827.24,8799.6,0.000339163,0.00346894,6084,11133,21614,1.82988,3.5526,40,40,39,2,3,2,3,8923.72,8920.73,8903.5,-0.010587,-0.0102479,-0.00829749,0.00033561,0.00226555,1959,1777,2777,0.321992,0.292078,0.456443,0.907095,1.41756,49,49,51,2,2,2,5
290,3,0,0,7949.21,7946.87,7946.87,0.000294804,0.000294804,2221,5350,9336,2.40882,4.20351,20,20,20,1,1,1,1,8010.87,8008.53,8008.53,-0.0077568,-0.00746199,-0.00746199,0.000292535,0.000292535,784,1368,1534,0.352994,0.615939,0.69068,1.7449,1.95663,21,21,21,1,2,1,1
290,4,0,0,9227.58,9212.88,9212.88,0.0015925,0.0015925,4367,8761,17331,2.00618,3.96863,30,30,30,3,3,3,3,9421.53,9419.45,9419.45,-0.021019,-0.0207937,-0.0207937,0.000220592,0.000220592,372,820,1230,0.0851843,0.187772,0.281658,2.2043,3.30645,30,30,30,2,2,2,2
290,5,0,0,9302.26,9299.92,9238.41,0.000251923,0.00686426,2494,5201,10896,2.0854,4.36889,20,20,21,1,1,1,1,9595.31,9594.23,9594.23,-0.0315032,-0.0313873,-0.0313873,0.00011245,0.00011245,731,1298,1681,0.293103,0.520449,0.674018,1.77565,2.29959,59,59,59,1,1,1,1
290,6,0,0,8478.53,8478.53,8478.53,0,0,5088,9341,18129,1.83589,3.56309,28,28,28,0,1,0,0,8567.71,8567.71,8571.42,-0.0105182,-0.0105182,-0.0109556,0,-0.00043285,1978,1283,2308,0.388758,0.252162,0.453616,0.648635,1.16684,35,35,34,0,2,0,4
290,7,0,0,6749.17,6745.61,6745.61,0.000527815,0.000527815,2550,5778,10791,2.26588,4.23176,25,25,25,1,1,1,1,6782.44,6778.88,6778.88,-0.00492957,-0.00440175,-0.00440175,0.000525226,0.000525226,750,1292,1531,0.294118,0.506667,0.600392,1.72267,2.04133,26,26,26,1,1,1,1
290,8,0,0,9097.81,9097.81,9078.56,0,0.00211597,2993,5833,11186,1.94888,3.73739,22,22,20,0,1,0,1,9172.09,9172.09,9125.81,-0.00816494,-0.00816494,-0.00307786,0,0.00504589,1148,907,1385,0.383562,0.30304,0.462746,0.79007,1.20645,23,23,24,0,2,0,2
290,9,0,0,11253.9,11253.9,11253.9,0,0,7574,14733,28372,1.94521,3.74597,68,68,68,0,0,0,0,11270.9,11270.9,11270.9,-0.00150857,-0.00150857,-0.00150857,0,0,1534,1523,2772,0.202535,0.201083,0.365989,0.992829,1.80704,72,72,72,0,2,0,0
290,10,0,0,6697.58,6692.89,6692.89,0.000699792,0.000699792,3598,8178,15241,2.27293,4.23596,33,33,33,1,1,1,1,6708.84,6701.81,6708.46,-0.00168218,-0.000632489,-0.00162479,0.00104793,5.72907e-05,1630,1405,1785,0.453029,0.390495,0.496109,0.861963,1.09509,41,41,35,2,3,2,3
290,1,0.05,15,7755.53,7753.18,7753.18,0.000302166,0.000302166,4126,8604,15656,2.08531,3.79447,32,32,32,1,1,1,1,7696.71,7689.92,7689.92,0.00758404,0.0084591,0.0084591,0.00088174,0.00088174,1104,1428,1511,0.267571,0.346098,0.366214,1.29348,1.36866,61,61,61,1,1,1,1
290,2,0.05,15,8903.78,8862.86,8830.4,0.00459654,0.00824151,15286,25472,50661,1.66636,3.31421,65,65,68,5,5,8,6,8865.98,8829.26,8833.58,0.00424541,0.00836968,0.00788508,0.00414186,0.00365518,1730,1540,3673,0.113175,0.100746,0.240285,0.890173,2.12312,74,74,76,6,8,8,6
290,3,0.05,15,9804,9796.9,9796.9,0.000724637,0.000724637,15159,25390,49541,1.67491,3.26809,70,70,70,4,4,4,4,9855.6,9848.49,9848.49,-0.005263,-0.00453836,-0.00453836,0.000720843,0.000720843,1238,2003,1981,0.0816677,0.132133,0.130681,1.61793,1.60016,73,73,73,4,4,4,4
290,4,0.05,15,9804.58,9789.72,9754.51,0.00151584,0.00510638,4804,9931,18228,2.06724,3.79434,35,35,35,2,2,4,4,9804.58,9789.72,9718.2,0,0.00151584,0.0088103,0.00151584,0.0088103,338,1022,1787,0.070358,0.212739,0.371982,3.02367,5.28698,36,36,38,2,3,4,5
290,5,0.05,15,8277.46,8272.41,8275.53,0.000609682,0.000233283,9880,19826,38306,2.00668,3.87713,70,70,68,2,3,2,6,8263.57,8258.52,8244.62,0.00167836,0.00228805,0.00396721,0.000610707,0.0022927,1337,1561,1928,0.135324,0.157996,0.195142,1.16754,1.44203,84,84,85,2,5,2,3
290,6,0.05,15,8976.75,8976.75,8944.83,0,0.00355569,2901,5181,10058,1.78594,3.46708,24,24,21,0,1,0,1,9023.17,8927.89,8927.89,-0.00517084,0.00544309,0.00544309,0.0105593,0.0105593,385,854,1097,0.132713,0.294381,0.378145,2.21818,2.84935,23,23,23,2,2,2,2
290,7,0.05,15,8312.65,8310.31,8310.31,0.000281915,0.000281915,8076,14230,27287,1.76201,3.37878,49,49,49,1,1,1,1,8366.84,8366.84,8379.89,-0.00651888,-0.00651888,-0.00808932,0,-0.00156027,2389,1752,2600,0.295815,0.216939,0.321942,0.733361,1.08832,60,60,58,0,3,0,2
290,8,0.05,15,9217.31,9201.06,9201.06,0.00176207,0.00176207,3527,9156,17140,2.59597,4.85965,51,51,51,3,3,3,3,9302.91,9286.67,9286.67,-0.00928718,-0.00752512,-0.00752512,0.00174586,0.00174586,450,875,1419,0.127587,0.248086,0.402325,1.94444,3.15333,54,54,54,3,3,3,3
290,9,0.05,15,9400.74,9388.61,9222.35,0.00129084,0.0189767,5958,11854,26882,1.98959,4.51192,46,46,54,3,3,3,1,9400.74,9388.61,9222.35,0,0.00129084,0.0189767,0.00129084,0.0189767,995,1262,3520,0.167002,0.211816,0.590802,1.26834,3.53769,47,47,54,3,3,3,1
290,10,0.05,15,9330.75,9324.1,9302.87,0.000713496,0.00298848,5508,10753,21480,1.95225,3.89978,42,42,44,3,3,5,3,9367.6,9363.12,9356.2,-0.00394864,-0.00346865,-0.00272669,0.000478103,0.00121714,2324,2284,3797,0.421932,0.41467,0.689361,0.982788,1.63382,51,51,50,2,3,3,2
290,1,0.1,29,8437.61,8424.69,8529.45,0.00153186,-0.010885,14578,23779,42946,1.63116,2.94595,62,62,68,4,9,4,10,8718.56,8714.48,8714.48,-0.0332968,-0.0328139,-0.0328139,0.000467261,0.000467261,2297,1656,2735,0.157566,0.113596,0.187611,0.72094,1.19068,67,67,67,2,3,2,2
290,2,0.1,29,9190.82,9183.79,9183.79,0.000764934,0.000764934,7891,14129,27533,1.79052,3.48916,55,55,55,3,3,3,3,9199.51,9193.62,9193.62,-0.000945746,-0.000304501,-0.000304501,0.000640638,0.000640638,743,1341,1733,0.0941579,0.16994,0.219617,1.80485,2.33244,59,59,59,2,2,2,2
290,3,0.1,29,8936.15,8931.46,8930.2,0.000524489,0.000666444,7404,15234,25240,2.05754,3.40897,41,41,40,2,3,2,3,8897.29,8892.13,8901.54,0.00434868,0.00492654,0.00387351,0.000580381,-0.000477253,3575,2137,3198,0.482847,0.288628,0.431929,0.597762,0.894545,68,68,65,2,5,2,3
290,4,0.1,29,10235.2,10235.2,10235.2,0,0,6377,15705,36756,2.46276,5.76384,77,77,77,0,0,0,0,10524.5,10524.5,10524.5,-0.0282639,-0.0282639,-0.0282639,0,0,2068,1622,2466,0.32429,0.254352,0.386702,0.784333,1.19246,80,80,80,0,0,0,0
290,5,0.1,29,8768.07,8763.38,8747.54,0.000534543,0.00234174,6089,12114,22835,1.98949,3.75021,51,51,51,2,3,2,3,8788.58,8786.24,8786.24,-0.00233951,-0.00207223,-0.00207223,0.000266648,0.000266648,1121,1433,1629,0.184102,0.235342,0.267532,1.27832,1.45317,52,52,52,1,1,1,1
290,6,0.1,29,11159,11139.7,11054.2,0.00172195,0.00938479,7281,15784,31611,2.16783,4.34157,65,65,69,6,5,6,5,11202.8,11183.5,11068.6,-0.00392477,-0.00220282,0.0080963,0.00171522,0.0119741,653,1264,3518,0.0896855,0.173603,0.483175,1.93568,5.38744,67,67,76,6,7,6,5
290,7,0.1,29,11708.3,11706,11688.8,0.000200153,0.00166343,11316,19352,38113,1.71014,3.36806,70,70,72,1,1,1,0,11826.5,11821.9,11750.8,-0.010098,-0.00969766,-0.00363034,0.000396305,0.00640297,1130,1209,2540,0.0998586,0.10684,0.224461,1.06991,2.24779,66,66,69,2,2,3,1
290,8,0.1,29,9476.88,9439.7,9472.76,0.00392255,0.00043438,8681,17310,34431,1.99401,3.96625,80,80,78,8,7,8,12,9568.76,9548.6,9541.4,-0.00969519,-0.00756815,-0.00680918,0.00210662,0.00285829,1691,1755,3386,0.194793,0.202166,0.390047,1.03785,2.00237,106,106,107,6,8,6,5
290,9,0.1,29,9021.48,9013.21,9013.21,0.000916427,0.000916427,6095,14962,29307,2.4548,4.80837,65,65,65,4,5,4,4,9138.94,9131.91,9131.91,-0.0130205,-0.0122412,-0.0122412,0.000769276,0.000769276,791,1202,1374,0.129779,0.197211,0.225431,1.5196,1.73704,62,62,62,3,5,3,4
290,10,0.1,29,9216.91,9204.57,9118.41,0.00133892,0.0106867,15124,24617,51432,1.62768,3.40069,74,74,79,4,8,4,7,9248.82,9233.95,9190.35,-0.00346228,-0.00184856,0.00288171,0.00160815,0.00632211,1273,1598,2542,0.0841709,0.10566,0.168077,1.2553,1.99686,74,74,78,4,11,4,11
290,1,0.2,58,9199.41,9189.49,9134.83,0.00107861,0.0070197,12206,21557,42924,1.7661,3.51663,87,87,88,3,5,5,5,9218.14,9202.29,9115.55,-0.00203657,-0.000312751,0.00911602,0.00172032,0.0111299,999,1558,4548,0.081845,0.127642,0.372604,1.55956,4.55255,85,85,96,6,7,6,7
290,2,0.2,58,9182.91,9175.93,9175.93,0.000760267,0.000760267,7354,13010,26778,1.76911,3.64128,46,46,46,2,2,2,2,9524.68,9522.33,9510.43,-0.0372176,-0.0369624,-0.0356664,0.000246041,0.00149552,2020,1638,3100,0.27468,0.222736,0.421539,0.810891,1.53465,52,52,53,2,3,2,2
290,3,0.2,58,10697.4,10688.7,10688.7,0.000815696,0.000815696,9870,18728,36341,1.89747,3.68197,70,70,69,3,3,3,3,10780,10780,10780,-0.00771782,-0.00771782,-0.00771782,0,0,1104,1153,1952,0.111854,0.116819,0.197771,1.04438,1.76812,70,70,70,0,1,0,1
290,4,0.2,58,12394,12389.3,12349.7,0.00037816,0.00357314,11122,19951,40268,1.79383,3.62057,64,64,66,2,5,4,6,12455.2,12445.8,12430.8,-0.0049365,-0.00418006,-0.00296934,0.000752729,0.0019575,1122,1655,2082,0.100881,0.148804,0.187197,1.47504,1.85561,64,64,67,5,3,5,3
290,5,0.2,58,10791.5,10787.7,10787.7,0.000356251,0.000356251,12740,24023,45152,1.88564,3.54411,82,82,81,4,4,4,4,10800.2,10791.7,10791.7,-0.000804549,-1.39828e-05,-1.39828e-05,0.000789931,0.000789931,1526,1546,1968,0.11978,0.12135,0.154474,1.01311,1.28965,88,88,87,5,6,5,5
290,6,0.2,58,10360.8,10291.9,10277.3,0.00665314,0.00805882,12895,22998,43791,1.78348,3.39597,84,84,87,6,5,6,4,10467.2,10396.9,10387.8,-0.0102645,-0.00348385,-0.00260349,0.00671178,0.00758321,1704,2077,3380,0.132144,0.16107,0.262117,1.2189,1.98357,89,89,92,7,7,9,8
290,7,0.2,58,10332.8,10308.1,10323,0.00239396,0.000953138,6819,15994,35030,2.34551,5.13712,73,73,73,4,6,4,5,10370.4,10360.8,10392.3,-0.0036352,-0.00270201,-0.00575017,0.000929809,-0.0021073,781,1068,1501,0.114533,0.156621,0.22012,1.36748,1.9219,88,88,83,2,5,2,5
290,8,0.2,58,9875.16,9867.1,9774.04,0.000816235,0.0102397,8470,17783,33708,2.09953,3.97969,75,75,75,3,3,3,3,10228.4,10222.6,10222.6,-0.0357659,-0.0351869,-0.0351869,0.000558936,0.000558936,965,1426,1855,0.113932,0.168359,0.219008,1.47772,1.92228,72,72,72,2,2,2,2
290,9,0.2,58,10339.9,10259.7,10292.4,0.00776313,0.00459964,18583,30482,61357,1.64032,3.30178,80,80,77,7,10,7,10,10387.5,10304.9,10291.5,-0.00459959,0.00339018,0.00468629,0.00795319,0.00924337,2444,2194,4675,0.131518,0.118065,0.251574,0.897709,1.91285,82,82,87,7,10,7,9
290,10,0.2,58,10171.3,10153.4,10114.1,0.00175657,0.00562369,7042,14620,28739,2.07611,4.08108,69,69,72,2,2,2,2,10150.4,10142.3,10142.3,0.00205863,0.00285143,0.00285143,0.000794438,0.000794438,962,1343,1802,0.136609,0.190713,0.255893,1.39605,1.87318,81,81,81,3,5,5,5
300,1,0,0,9183.17,9180.83,9190.98,0.00025519,-0.00085033,12037,22509,42297,1.86998,3.51392,82,82,77,1,4,1,6,9343.69,9318.81,9294.57,-0.0174798,-0.0147702,-0.0121305,0.00266307,0.00525741,1291,1826,2296,0.107253,0.151699,0.190745,1.41441,1.77847,98,98,99,7,9,8,9
300,2,0,0,8336.46,8336.46,8336.46,0,0,8807,15754,30057,1.7888,3.41285,55,55,55,0,0,0,0,8438.65,8438.65,8438.65,-0.012258,-0.012258,-0.012258,0,0,1954,1544,2433,0.221869,0.175315,0.276258,0.790174,1.24514,59,59,59,0,0,0,0
300,3,0,0,9690.95,9674.19,9656.15,0.00173008,0.00359189,9081,16620,31865,1.83019,3.50897,50,50,49,3,4,3,4,9976.83,9972.14,9942.55,-0.0294993,-0.0290157,-0.0259624,0.00046978,0.00343563,777,1272,3355,0.0855633,0.140073,0.369453,1.63707,4.31789,60,60,67,2,3,2,2
300,4,0,0,9528.77,9525.31,9562.78,0.000363951,-0.00356901,10538,18889,36569,1.79247,3.4702,61,61,57,1,2,1,2,9528.77,9525.31,9525.31,0,0.000363951,0.000363951,0.000363951,0.000363951,2960,2261,3635,0.280888,0.214557,0.344942,0.763851,1.22804,65,65,65,1,1,1,1
300,5,0,0,9359.89,9359.89,9359.89,0,0,6860,12605,25260,1.83746,3.68222,33,33,33,0,0,0,0,9316.39,9316.39,9425.45,0.00464755,0.00464755,-0.00700435,0,-0.0117063,1502,1709,2767,0.21895,0.249125,0.403353,1.13782,1.84221,38,38,36,0,2,0,1
300,6,0,0,9493.84,9442.65,9421.39,0.00539196,0.00763131,7669,15969,31127,2.08228,4.05881,62,62,65,4,4,7,5,9861.12,9800.89,9796.42,-0.0386861,-0.0323419,-0.0318711,0.00610792,0.00656116,1078,1486,1786,0.140566,0.193767,0.232886,1.37848,1.65677,83,83,83,5,5,7,4
300,7,0,0,9621.74,9619.39,9619.39,0.000243559,0.000243559,8404,15030,28566,1.78843,3.3991,48,48,48,1,1,1,1,9640.9,9638.56,9638.56,-0.00199168,-0.00174813,-0.00174813,0.000243075,0.000243075,1059,1574,1885,0.126011,0.187292,0.224298,1.48631,1.77998,50,50,50,1,2,1,1
300,8,0,0,8459.85,8451.83,8451.83,0.000949153,0.000949153,10694,20678,40348,1.93361,3.77296,58,58,58,2,2,3,3,8467.6,8459.57,8440.42,-0.000915223,3.39297e-05,0.00229675,0.000948285,0.00320903,3300,2770,4147,0.308584,0.259024,0.387788,0.839394,1.25667,64,64,60,2,5,3,4
300,9,0,0,8978.56,8976.22,8976.22,0.000261006,0.000261006,5127,11527,22149,2.24829,4.32007,40,40,40,1,1,1,1,8760.94,8760.74,8746.68,0.0242385,0.0242604,0.0258265,2.23732e-05,0.00162744,2646,2363,3589,0.516091,0.460893,0.70002,0.893046,1.35639,64,64,65,1,2,1,1
300,10,0,0,8400.23,8397.89,8397.89,0.000278975,0.000278975,8260,17433,33383,2.11053,4.04153,69,69,69,1,1,1,1,8412.87,8410.52,8410.52,-0.0015044,-0.00122543,-0.00122543,0.000278556,0.000278556,1246,1514,1874,0.150847,0.183293,0.226877,1.21509,1.50401,71,71,71,1,3,1,1
300,1,0.05,15,9312.14,9311.09,9311.09,0.000112203,0.000112203,13632,21995,41545,1.61348,3.04761,59,59,59,1,1,1,1,9328.04,9327,9327,-0.00170796,-0.00159576,-0.00159576,0.000112011,0.000112011,1141,1468,2403,0.0837001,0.107688,0.176276,1.28659,2.10605,59,59,59,1,1,1,1
300,2,0.05,15,9521.83,9521.83,9521.83,0,0,9258,17505,33424,1.8908,3.61028,57,57,57,0,0,0,0,9337.63,9336.74,9326.84,0.0193453,0.0194392,0.0204788,9.56892e-05,0.00115581,1260,1699,1880,0.136099,0.183517,0.203068,1.34841,1.49206,63,63,63,1,3,1,2
300,3,0.05,15,10241,10234.7,10240.5,0.000616258,5.0703e-05,10312,19257,35861,1.86744,3.4776,67,67,64,1,4,2,4,10300.8,10286.6,10283.1,-0.00583835,-0.0044528,-0.00411425,0.00137751,0.00171409,1453,1776,2266,0.140904,0.172227,0.219744,1.2223,1.55953,72,72,72,3,7,4,4
300,4,0.05,15,10468.7,10420.9,10271.8,0.00457007,0.0188091,15350,25046,48749,1.63166,3.17583,66,66,68,4,5,9,7,10549.6,10488.9,10521.2,-0.00773199,-0.00192764,-0.00501295,0.00575981,0.00269818,1462,1460,1870,0.0952443,0.095114,0.121824,0.998632,1.27907,63,63,65,4,5,9,4
300,5,0.05,15,8489.66,8488.02,8481.36,0.000193993,0.000977746,5053,11811,22627,2.33742,4.47793,43,43,44,1,1,1,1,8545.26,8545.26,8540.72,-0.0065485,-0.0065485,-0.0060144,0,0.000530634,695,846,1341,0.137542,0.167425,0.265387,1.21727,1.9295,49,49,48,0,2,0,1
300,6,0.05,15,9169.59,9167.24,9167.24,0.000255568,0.000255568,12626,21511,40939,1.70371,3.24244,56,56,56,1,1,1,1,9111.15,9108.8,9108.8,0.00637344,0.00662901,0.00662901,0.000257208,0.000257208,1410,1787,2551,0.111674,0.141533,0.202043,1.26738,1.80922,67,67,67,1,2,1,1
300,7,0.05,15,8537.07,8531.96,8519.97,0.00059872,0.0020031,12741,21681,41742,1.70167,3.27619,58,58,55,2,6,2,8,8532,8526.89,8518.46,0.000593695,0.00119242,0.00218044,0.000599076,0.00158769,2793,2341,3518,0.219214,0.183738,0.276116,0.838167,1.25958,63,63,60,2,3,2,3
300,8,0.05,15,10045.3,10034.9,10034.9,0.00103717,0.00103717,6938,14941,28873,2.1535,4.16157,51,51,51,4,4,4,4,10145.5,10133,10125,-0.0099679,-0.00872479,-0.0079364,0.00123084,0.00201145,1214,1912,2317,0.174978,0.275584,0.333958,1.57496,1.90857,57,57,59,5,4,5,4
300,9,0.05,15,10951.8,10951.8,10951.8,0,0,7284,13690,25621,1.87946,3.51744,50,50,50,0,0,0,0,11093.1,11090.8,11090.8,-0.0129074,-0.0126934,-0.0126934,0.000211253,0.000211253,535,1139,1541,0.0734487,0.15637,0.21156,2.12897,2.88037,59,59,59,1,1,3,3
300,10,0.05,15,7948.27,7893.19,7912.7,0.00692922,0.00447485,20697,38940,77707,1.88143,3.75451,92,92,90,6,6,6,6,8105.74,8024.12,7898.11,-0.0198128,-0.00954289,0.00630982,0.0100704,0.0256151,1006,1760,4236,0.0486061,0.0850365,0.204667,1.7495,4.21074,94,94,103,8,10,8,6
300,1,0.1,30,9785.63,9747.21,9711.85,0.00392662,0.00754009,9895,20632,41575,2.08509,4.20162,85,85,89,5,5,5,5,9892.83,9862.25,9830.28,-0.0109547,-0.00782966,-0.00456232,0.0030912,0.00632314,1027,1515,2459,0.10379,0.153108,0.248509,1.47517,2.39435,89,89,92,4,5,4,4
300,2,0.1,30,9163.48,9135.63,9065.76,0.00303832,0.0106637,16812,31354,54893,1.86498,3.26511,83,83,84,4,10,4,11,9242.45,9190.95,9116.56,-0.00861854,-0.0029978,0.00511977,0.00557271,0.0136209,1671,1884,3121,0.0993933,0.112063,0.185641,1.12747,1.86774,84,84,88,6,5,6,4
300,3,0.1,30,11397.6,11392.9,11379.8,0.00041122,0.00156457,7224,13972,27339,1.93411,3.78447,51,51,52,1,1,3,1,11434.8,11430.1,11416.9,-0.00326073,-0.00284951,-0.00169617,0.000409883,0.00155948,1310,1492,1828,0.18134,0.206534,0.253045,1.13893,1.39542,54,54,55,1,3,3,1
300,4,0.1,30,10055.5,10036.5,9930.14,0.0018864,0.0124615,9826,20657,39992,2.10228,4.07002,89,89,90,4,4,9,4,10011.1,9997.97,9984.37,0.00440812,0.00571658,0.00706892,0.00131426,0.00267258,928,1673,1955,0.0944433,0.170263,0.198962,1.8028,2.10668,94,94,94,2,6,7,5
300,5,0.1,30,10404.9,10397.9,10397.9,0.000675677,0.000675677,7598,14480,29333,1.90576,3.86062,54,54,54,2,2,4,4,10475.9,10468.9,10468.9,-0.00681995,-0.00614428,-0.00614428,0.0006711,0.0006711,604,1229,1433,0.0794946,0.161753,0.188602,2.03477,2.37252,57,57,57,2,2,4,4
300,6,0.1,30,11312.4,11300.6,11287.2,0.0010378,0.00222373,11518,21860,44571,1.8979,3.86968,87,87,90,3,3,4,4,11355.8,11344,11305.9,-0.00383533,-0.00279754,0.000575911,0.00103383,0.00439439,1263,1699,3288,0.109654,0.147508,0.285466,1.34521,2.60333,93,93,98,3,5,4,5
300,7,0.1,30,10284.9,10155.5,10033.7,0.0125786,0.0244245,13393,23359,56505,1.74412,4.21899,61,61,59,5,3,7,3,10294.2,10166.8,10085.5,-0.000909566,0.0114781,0.0193891,0.0123764,0.0202802,1332,2060,5154,0.0994549,0.153812,0.384828,1.54655,3.86937,72,72,78,6,7,8,7
300,8,0.1,30,11340.9,11340.9,11340.9,0,0,11403,18961,36502,1.66281,3.20109,74,74,74,0,0,0,0,11535.3,11533.4,11533.4,-0.0171362,-0.0169709,-0.0169709,0.000162506,0.000162506,1501,1955,2072,0.131632,0.171446,0.181707,1.30247,1.38041,71,71,71,1,1,1,1
300,9,0.1,30,9923.99,9919.31,9909.77,0.000472281,0.00143319,6743,14153,27154,2.09892,4.02699,59,59,60,2,2,2,2,10106.5,10101.8,10101.8,-0.0183933,-0.017921,-0.017921,0.000463751,0.000463751,802,1112,1772,0.118938,0.164912,0.262791,1.38653,2.20948,63,63,63,2,3,2,4
300,10,0.1,30,9539,9535.03,9535.03,0.000415938,0.000415938,6017,12857,24356,2.13678,4.04786,56,56,56,1,1,1,1,9544.82,9540.85,9540.85,-0.000609664,-0.000193726,-0.000193726,0.000415684,0.000415684,386,1161,1192,0.0641516,0.192953,0.198105,3.00777,3.08808,60,60,60,1,1,1,1
300,1,0.2,60,10614.5,10612.1,10612.1,0.000220779,0.000220779,10158,18600,35760,1.83107,3.52038,66,66,66,1,1,1,1,10655.2,10652.8,10652.8,-0.0038356,-0.00361482,-0.00361482,0.000219936,0.000219936,2029,1869,2526,0.199744,0.183993,0.248671,0.921143,1.24495,69,69,69,1,3,1,1
300,2,0.2,60,11784.2,11776.1,11773,0.000686222,0.000952818,15062,26088,51177,1.73204,3.39776,75,75,75,1,2,1,2,11929.1,11918.7,11912,-0.0122895,-0.0114115,-0.0108469,0.000867379,0.00142516,1441,1916,3153,0.0956712,0.127208,0.209335,1.32963,2.18806,81,81,82,1,2,2,2
300,3,0.2,60,9949.76,9914.97,9908.86,0.00349603,0.00411062,9911,17243,34488,1.73978,3.47977,58,58,59,1,2,1,2,9939.5,9900.95,9882.9,0.00103124,0.00490486,0.00671893,0.00387762,0.00569356,1477,1564,2137,0.149026,0.157804,0.215619,1.0589,1.44685,57,57,58,2,3,2,2
300,4,0.2,60,10658.2,10631.1,10626.3,0.00254547,0.00299607,13999,25890,51059,1.84942,3.64733,85,85,87,5,5,7,7,10681.6,10599.7,10567.5,-0.00219339,0.0054905,0.00851183,0.00766708,0.0106818,1258,1950,3115,0.0898636,0.139296,0.222516,1.55008,2.47615,89,89,93,9,9,9,7
300,5,0.2,60,11757.1,11711.4,11589.7,0.00389214,0.0142395,10195,19032,37218,1.8668,3.65061,54,54,63,4,5,4,5,11848.4,11802.7,11682.4,-0.00776663,-0.00387448,0.00635776,0.00386215,0.0140155,1087,1968,5981,0.106621,0.193036,0.58666,1.81049,5.5023,60,60,75,3,11,3,8
300,6,0.2,60,11359.8,11333.6,11333.6,0.00230259,0.00230259,23727,44112,88020,1.85915,3.7097,87,87,87,9,9,9,9,11466.1,11443.5,11438.8,-0.00935775,-0.00736996,-0.00695843,0.00196936,0.00237708,1347,2071,2619,0.0567708,0.0872845,0.110381,1.53749,1.94432,91,91,91,8,9,8,8
300,7,0.2,60,11289.6,11287.2,11287.2,0.000207577,0.000207577,7737,15157,29017,1.95903,3.75042,54,54,54,1,1,1,1,11345.4,11345.4,11355.1,-0.00495011,-0.00495011,-0.00580911,0,-0.000854765,588,867,1447,0.0759984,0.112059,0.187023,1.47449,2.46088,49,49,48,0,2,0,2
300,8,0.2,60,9585.29,9575.49,9539.34,0.00102259,0.00479398,11923,22738,45917,1.90707,3.85113,71,71,75,5,5,5,3,9647.6,9637.8,9601.65,-0.00650043,-0.00547784,-0.00170645,0.00101599,0.00476302,1463,1359,3293,0.122704,0.113981,0.276189,0.928913,2.25085,71,71,74,5,6,5,4
300,9,0.2,60,9534.07,9470.69,9428.78,0.00664848,0.0110438,31793,48992,94294,1.54097,2.96587,95,95,101,9,9,11,8,9558.36,9528.57,9489.58,-0.00254769,0.000577269,0.00466681,0.00311702,0.00719617,3806,3355,5859,0.119712,0.105526,0.184286,0.881503,1.53941,103,103,108,7,9,9,5
300,10,0.2,60,10532.3,10513.1,10476.6,0.00182066,0.00528919,16767,30251,60574,1.8042,3.61269,88,88,92,7,4,8,5,10715.4,10697.9,10661.4,-0.0173893,-0.0157272,-0.0122587,0.00163371,0.00504297,1666,2100,3809,0.0993618,0.125246,0.227172,1.2605,2.28631,92,92,96,7,5,8,6
310,1,0,0,8493.27,8488.58,8455.79,0.000551839,0.00441296,2103,4646,9328,2.20922,4.43557,17,17,18,2,3,2,6,8625.48,8625.48,8621.8,-0.0155669,-0.0155669,-0.0151332,0,0.000427027,1021,962,1592,0.485497,0.457442,0.757014,0.942214,1.55926,24,24,21,0,3,0,3
310,2,0,0,8193.88,8193.88,8193.88,0,0,3625,6745,12883,1.86069,3.55393,20,20,20,0,0,0,0,8193.88,8193.88,8193.88,0,0,0,0,0,449,1086,1188,0.123862,0.299586,0.327724,2.41871,2.64588,20,20,20,0,0,0,0
310,3,0,0,10505.3,10493.6,10493.6,0.00111536,0.00111536,10981,23141,43446,2.10737,3.95647,67,67,65,3,4,3,4,10555.3,10543.6,10543.6,-0.00475937,-0.00364401,-0.00364401,0.00111008,0.00111008,1871,1938,2837,0.170385,0.176487,0.258355,1.03581,1.5163,69,69,67,3,5,3,4
310,4,0,0,10101.5,10101.5,10100.3,0,0.000124466,4702,9449,18030,2.00957,3.83454,31,31,30,0,1,0,2,10436,10436,10436,-0.0331134,-0.0331134,-0.0331134,0,0,486,1001,1084,0.10336,0.212888,0.23054,2.05967,2.23045,27,27,27,0,0,0,0
310,5,0,0,9558.47,9479.38,9529.08,0.00827399,0.00307477,8286,19091,35168,2.30401,4.24427,71,71,69,5,4,8,12,9615.85,9552.09,9550.95,-0.00600258,0.000667214,0.000786302,0.00662999,0.00674837,668,1493,2864,0.0806179,0.180183,0.345643,2.23503,4.28743,82,82,87,5,7,5,7
310,6,0,0,9936.48,9929.45,9733.2,0.000707531,0.0204584,10040,19596,43566,1.95179,4.33924,73,73,80,2,3,2,3,10012.4,10005.4,10005.4,-0.0076431,-0.00693557,-0.00693557,0.000702164,0.000702164,2551,1960,3914,0.254084,0.195219,0.389841,0.768326,1.5343,80,80,81,2,3,2,2
310,7,0,0,9640.22,9621.66,9420.49,0.00192549,0.0227926,4364,9576,21296,2.19432,4.87993,36,36,43,4,3,10,7,9670.98,9614.45,9495.31,-0.00319121,0.00267358,0.0150317,0.00584614,0.0181649,612,1182,3443,0.140238,0.270852,0.788955,1.93137,5.62582,39,39,48,5,6,9,5
310,8,0,0,8367.37,8335.73,8265,0.00378141,0.0122344,5142,9995,22222,1.9438,4.32166,29,29,35,2,2,5,4,8446.25,8439.37,8375.28,-0.00942698,-0.00860485,-0.000945475,0.000814449,0.0084023,595,1480,1876,0.115714,0.287826,0.364839,2.48739,3.15294,34,34,37,2,2,5,2
310,9,0,0,8118.5,8116.16,8116.16,0.000288656,0.000288656,1162,2599,5275,2.23666,4.53959,9,9,9,1,1,1,1,8168.18,8165.83,8165.83,-0.00611895,-0.0058303,-0.0058303,0.000286901,0.000286901,295,869,1167,0.253873,0.747849,1.0043,2.94576,3.95593,10,10,10,1,1,1,1
310,10,0,0,8541.13,8520.32,8519.32,0.00243639,0.00255339,3307,6857,11635,2.07348,3.51829,19,19,18,3,2,3,2,8562.01,8540.44,8512.64,-0.00244452,8.03072e-05,0.00333561,0.00251867,0.00576604,615,1413,1708,0.185969,0.427275,0.51648,2.29756,2.77724,19,19,22,5,4,5,2
310,1,0.05,16,11175,11159.8,11139.2,0.00136405,0.00320648,7551,14331,27504,1.89789,3.64243,49,49,50,3,2,3,2,11331.3,11318.9,11298.3,-0.013988,-0.0128733,-0.0110309,0.0010993,0.00291632,1260,1912,2233,0.166865,0.253211,0.295722,1.51746,1.77222,66,66,65,2,2,2,1
310,2,0.05,16,11395.5,11388.5,11388.5,0.000616944,0.000616944,9287,19039,36171,2.05007,3.8948,65,65,65,2,2,2,2,11518.2,11508.9,11492.5,-0.0107731,-0.00995049,-0.0085119,0.000813824,0.00223708,310,938,1836,0.03338,0.101001,0.197696,3.02581,5.92258,59,59,63,3,3,3,3
310,3,0.05,16,9531.96,9488.08,9382.05,0.00460285,0.0157268,7671,16280,33460,2.12228,4.36188,64,64,70,5,4,6,4,9579.82,9537.43,9439.87,-0.00502135,-0.000574194,0.00966142,0.00442493,0.0146094,1973,2171,3972,0.257202,0.283014,0.517794,1.10035,2.01318,73,73,82,5,5,6,4
310,4,0.05,16,8395.8,8382.68,8371.66,0.00156239,0.00287534,11276,21315,41246,1.8903,3.65786,68,68,67,1,1,1,1,8399.28,8386.17,8377.44,-0.000414747,0.00114765,0.00218701,0.00156174,0.00260068,776,1338,1557,0.0688187,0.118659,0.138081,1.72423,2.00644,75,75,76,1,3,1,2
310,5,0.05,16,9198.6,9182.99,9154.3,0.0016971,0.004816,12447,22939,45178,1.84293,3.62963,70,70,72,2,2,2,1,9516.49,9494.61,9465.92,-0.034558,-0.0321797,-0.0290608,0.0022988,0.00531352,1760,1906,3036,0.1414,0.153129,0.243914,1.08295,1.725,78,78,79,4,4,4,4
310,6,0.05,16,9604.16,9601.81,9601.81,0.000244004,0.000244004,21738,41771,82793,1.92157,3.80868,105,105,105,1,1,1,1,9787.5,9782.45,9772.99,-0.0190895,-0.018564,-0.0175795,0.000515619,0.0014817,1072,1839,2284,0.0493146,0.0845984,0.105069,1.71549,2.1306,91,91,94,2,4,2,1
310,7,0.05,16,9212.1,9172.77,9118.61,0.00426887,0.010148,9853,18436,39686,1.87111,4.02781,52,52,57,4,5,5,4,9156.48,9145.94,9119.16,0.00603735,0.00718191,0.0100889,0.00115152,0.00407615,1407,1709,2292,0.142799,0.17345,0.23262,1.21464,1.629,55,55,57,4,5,5,3
310,8,0.05,16,10628.8,10628.8,10628.8,0,0,5865,11643,22052,1.98517,3.75993,36,36,36,0,0,0,0,10615.2,10615.2,10671.3,0.00127563,0.00127563,-0.00400582,0,-0.00528819,1248,1070,1530,0.212788,0.182438,0.26087,0.857372,1.22596,41,41,34,0,2,0,1
310,9,0.05,16,10068.6,10052.5,9929.68,0.0015958,0.0137935,18667,33066,68720,1.77136,3.68136,96,96,103,5,5,10,5,10091.8,10068.7,9945.87,-0.00230528,-1.12337e-05,0.0121865,0.00228877,0.0144584,1031,2266,5667,0.0552312,0.121391,0.303584,2.19787,5.49661,97,97,104,7,7,13,8
310,10,0.05,16,9423.34,9408.93,9392.33,0.00152886,0.00329127,10267,21032,41664,2.0485,4.05805,81,81,80,3,5,3,5,9489.63,9475.22,9459.2,-0.0070343,-0.00550544,-0.00380504,0.00151818,0.00320671,1014,1431,2343,0.098763,0.139379,0.228207,1.41124,2.31065,78,78,82,3,3,3,3
310,1,0.1,31,11543,11543,11519.1,0,0.0020651,5411,11589,21831,2.14175,4.03456,46,46,43,0,2,0,2,11683.3,11677.4,11514.7,-0.0121602,-0.0116447,0.00244778,0.00050939,0.0144325,1140,1568,3263,0.210682,0.28978,0.603031,1.37544,2.86228,49,49,62,2,3,2,2
310,2,0.1,31,11475.2,11453.7,11444.2,0.00187951,0.00270222,7512,16131,31551,2.14736,4.20008,62,62,64,3,3,3,3,11715.5,11690.3,11642.6,-0.0209396,-0.0187427,-0.0145864,0.00215184,0.0062229,935,1382,2188,0.124468,0.183972,0.291267,1.47807,2.34011,63,63,67,5,6,5,4
310,3,0.1,31,9580.21,9522.21,9513.89,0.00605429,0.00692203,17458,30868,60202,1.76813,3.44839,83,83,77,2,4,2,4,9703.53,9673.82,9673.82,-0.0128725,-0.00977176,-0.00977176,0.00306136,0.00306136,527,1086,1432,0.0301867,0.0622064,0.0820254,2.06072,2.71727,78,78,80,1,1,1,1
310,4,0.1,31,10373.9,10366.3,10283.1,0.000734641,0.00874916,4795,12478,24501,2.60229,5.1097,57,57,62,3,2,17,3,10438.8,10425.5,10369.5,-0.00626132,-0.00497322,0.00042386,0.00128008,0.00664358,746,1179,3048,0.155579,0.245881,0.635662,1.58043,4.08579,59,59,64,4,5,18,11
310,5,0.1,31,9933.87,9913.51,9866.65,0.00204938,0.00676587,12093,23633,43776,1.95427,3.61995,70,70,67,7,6,9,6,10003.4,9980.38,9904.06,-0.00700285,-0.0046827,0.00300058,0.00230401,0.00993386,1823,1935,2982,0.150748,0.16001,0.246589,1.06144,1.63577,80,80,84,6,8,8,7
310,6,0.1,31,10220,10216.6,10216.6,0.000337104,0.000337104,10565,18240,35808,1.72646,3.3893,59,59,59,1,1,1,1,10203.7,10200.2,10200.2,0.00159746,0.00193456,0.00193456,0.000337643,0.000337643,1578,1626,1813,0.149361,0.153904,0.171604,1.03042,1.14892,60,60,60,1,2,1,1
310,7,0.1,31,10929.8,10907.4,10899.9,0.00205737,0.00273873,6581,14020,28778,2.13038,4.37289,51,51,54,4,4,4,4,11023.3,11002.1,10999.9,-0.00855431,-0.0066095,-0.00641407,0.00192831,0.00212208,758,1214,1756,0.11518,0.18447,0.266829,1.60158,2.31662,50,50,51,3,3,3,3
310,8,0.1,31,9450.41,9447.35,9447.35,0.000324085,0.000324085,11337,19499,38074,1.71994,3.35838,61,61,60,2,2,2,2,9450.41,9447.35,9447.35,0,0.000324085,0.000324085,0.000324085,0.000324085,619,1463,1584,0.0546,0.129046,0.13972,2.36349,2.55897,62,62,61,2,3,2,2
310,9,0.1,31,9850.19,9831.79,9831.79,0.00186802,0.00186802,6384,15313,29190,2.39865,4.57237,56,56,56,1,1,1,1,9916.54,9898.14,9898.14,-0.00673618,-0.00486816,-0.00486816,0.00185552,0.00185552,805,1360,1604,0.126096,0.213033,0.251253,1.68944,1.99255,58,58,58,1,1,1,1
310,10,0.1,31,10429.3,10424.6,10378.8,0.000449399,0.00484001,7562,16560,29702,2.1899,3.9278,64,64,61,2,2,2,2,10500.9,10489.4,10478,-0.00686507,-0.00576154,-0.00466879,0.00109601,0.00218131,1812,1830,2191,0.239619,0.241999,0.289738,1.00993,1.20916,65,65,67,3,6,3,3
310,1,0.2,62,11608,11593.4,11584.4,0.00125993,0.00203278,10560,20788,40393,1.96856,3.82509,64,64,66,5,6,6,7,11719.7,11705.1,11696.1,-0.009624,-0.00836406,-0.00759122,0.00124792,0.0020134,1787,1810,3246,0.169223,0.171402,0.307386,1.01287,1.81645,70,70,71,5,7,6,7
310,2,0.2,62,9793.95,9731.58,9758.93,0.00636814,0.00357546,16410,30842,61556,1.87946,3.75113,73,73,72,9,8,12,8,9858.59,9808.12,9744.19,-0.00659961,-0.00144699,0.00508042,0.00511884,0.0116034,1386,1943,4129,0.0844607,0.118403,0.251615,1.40188,2.97908,73,73,78,10,13,13,11
310,3,0.2,62,11136.2,11090.1,11009.7,0.00413835,0.0113519,25455,46392,90024,1.82251,3.53659,95,95,102,12,6,12,5,11074.8,11045.7,10953.1,0.00551305,0.00812476,0.0164341,0.00262619,0.0109816,2172,3132,5759,0.085327,0.123041,0.226242,1.44199,2.65147,109,109,116,10,10,10,6
310,4,0.2,62,11283.5,11259,11184.9,0.00217654,0.0087454,22211,35422,69944,1.5948,3.14907,75,75,76,4,5,5,5,11299,11276.8,11283.1,-0.00137252,0.000596327,4.23195e-05,0.00196615,0.00141291,2352,2023,3355,0.105893,0.091081,0.151051,0.860119,1.42645,79,79,83,4,6,5,5
310,5,0.2,62,12689.1,12678,12618.1,0.000870583,0.00559612,9390,19656,42849,2.09329,4.56326,75,75,84,3,5,4,6,12637.7,12624.3,12533.8,0.00405323,0.0051085,0.0122352,0.00105956,0.00821525,1060,1702,5366,0.112886,0.181257,0.571459,1.60566,5.06226,81,81,93,4,7,5,7
310,6,0.2,62,10194.8,10176.2,10182.1,0.00182461,0.00124206,7368,16226,31668,2.20223,4.29805,58,58,56,4,6,4,6,10252.3,10230.4,10230.4,-0.0056422,-0.00349597,-0.00349597,0.00213419,0.00213419,782,1388,1487,0.106135,0.188382,0.201819,1.77494,1.90153,67,67,66,5,5,5,5
310,7,0.2,62,9597.63,9573.68,9573.68,0.00249515,0.00249515,5940,12427,23387,2.09209,3.93721,42,42,42,3,3,4,4,9613.25,9596.43,9608.68,-0.00162688,0.000124776,-0.00115075,0.00174882,0.000475357,1114,1658,1993,0.187542,0.279125,0.335522,1.48833,1.78905,46,46,44,1,2,1,4
310,8,0.2,62,11971.5,11967.6,12001.3,0.00032762,-0.00248946,11577,23257,43456,2.0089,3.75365,94,94,87,1,4,1,4,11989.2,11985.3,12070.3,-0.00147941,-0.00115179,-0.0082518,0.000327136,-0.00676239,2009,1802,2130,0.173534,0.155653,0.183985,0.896964,1.06023,96,96,91,1,2,1,1
310,9,0.2,62,9787.84,9780.81,9722.4,0.000718276,0.00668569,6218,13018,25598,2.0936,4.11676,37,37,39,3,2,3,2,9696.81,9692.12,9692.12,0.00930049,0.00977934,0.00977934,0.000483346,0.000483346,2308,2021,2429,0.37118,0.325024,0.39064,0.87565,1.05243,56,56,51,2,5,2,2
310,10,0.2,62,13925.8,13871.8,13861.2,0.00387654,0.00463869,12828,25803,50141,2.01146,3.90872,78,78,79,8,6,9,6,13923.8,13865.1,13837.4,0.000146811,0.00435991,0.0063485,0.00421372,0.0062026,1851,2006,4620,0.144294,0.156377,0.36015,1.08374,2.49595,80,80,84,11,16,12,11
320,1,0,0,10646.9,10644.5,10644.5,0.000220107,0.000220107,4975,11113,20299,2.23377,4.0802,43,43,43,1,1,1,1,10743.8,10741.4,10741.4,-0.0091004,-0.00888029,-0.00888029,0.000218122,0.000218122,792,1185,1971,0.159196,0.238191,0.396181,1.49621,2.48864,51,51,51,1,1,1,1
320,2,0,0,9920.49,9920.49,9920.49,0,0,5344,11289,22138,2.11246,4.14259,44,44,44,0,0,0,0,9889.99,9887.65,9846.74,0.00307434,0.00331057,0.00743357,0.000236952,0.00437266,1096,1881,2896,0.20509,0.351984,0.541916,1.71624,2.64234,55,55,58,2,3,2,1
320,3,0,0,11045.4,11045.4,11045.4,0,0,7645,14812,28903,1.93748,3.78064,52,52,52,0,0,0,0,11259.2,11259.2,11270.9,-0.0193607,-0.0193607,-0.0204192,0,-0.00103842,875,1291,1848,0.114454,0.168869,0.241727,1.47543,2.112,63,63,62,0,1,0,3
320,4,0,0,9095.2,9095.2,9095.2,0,0,3701,7502,13845,2.02702,3.74088,21,21,21,0,0,0,0,9258.17,9258.17,9258.17,-0.0179187,-0.0179187,-0.0179187,0,0,723,1184,1504,0.195353,0.319914,0.406377,1.63762,2.08022,20,20,20,0,0,0,0
320,5,0,0,8930.54,8916.67,8916.67,0.00155241,0.00155241,7736,13966,27208,1.80533,3.51706,39,39,39,2,2,2,2,8996.07,8965.34,8965.34,-0.00733836,-0.0038975,-0.0038975,0.0034158,0.0034158,1200,1486,2600,0.155119,0.192089,0.336091,1.23833,2.16667,42,42,42,3,5,3,3
320,6,0,0,9170.99,9168.65,9168.65,0.000255529,0.000255529,10109,19069,37449,1.88634,3.70452,61,61,61,1,1,1,1,9390.85,9388.51,9388.51,-0.0239732,-0.0237177,-0.0237177,0.000249547,0.000249547,562,1366,1802,0.055594,0.135127,0.178257,2.4306,3.20641,61,61,61,1,2,1,1
320,7,0,0,9975,9942.48,9942.48,0.00326006,0.00326006,7754,14572,28279,1.87929,3.64702,50,50,50,1,1,1,1,10037.3,9999.39,9989.64,-0.00624972,-0.00244513,-0.00146804,0.00378096,0.00475198,1718,1790,2501,0.221563,0.230849,0.322543,1.04191,1.45576,64,64,65,4,4,4,3
320,8,0,0,11074.7,11053.3,11046.3,0.00192539,0.00255881,6838,15344,29488,2.24393,4.31237,58,58,60,6,5,6,5,11228.6,11219.3,11212.3,-0.0138961,-0.0130623,-0.0124289,0.000822356,0.00144709,859,1233,1991,0.125622,0.180316,0.291167,1.43539,2.31781,57,57,59,4,5,4,3
320,9,0,0,9423.17,9423.17,9423.17,0,0,2831,5896,10572,2.08266,3.73437,21,21,21,0,0,0,0,9448.7,9448.7,9448.7,-0.00270861,-0.00270861,-0.00270861,0,0,655,1179,1832,0.231367,0.416461,0.647121,1.8,2.79695,33,33,33,0,1,0,0
320,10,0,0,9927.27,9927.27,9927.27,0,0,5057,10661,20503,2.10817,4.05438,35,35,35,0,0,0,0,10084.3,10084.3,10084.3,-0.0158172,-0.0158172,-0.0158172,0,0,1302,1220,1663,0.257465,0.24125,0.328851,0.93702,1.27727,47,47,47,0,0,0,0
320,1,0.05,16,10644.6,10597.5,10597.5,0.0044242,0.0044242,9882,18095,33922,1.83111,3.43271,50,50,50,1,1,1,1,10737.1,10690,10690,-0.00868561,-0.00426141,-0.00426141,0.0043861,0.0043861,1019,1818,2080,0.103117,0.183971,0.210484,1.7841,2.04122,55,55,55,1,2,1,1
320,2,0.05,16,8679.06,8619.98,8565.76,0.00680645,0.0130545,21711,35958,71359,1.65621,3.28677,102,102,105,6,5,7,4,8754.98,8709.67,8746.74,-0.00874752,-0.00352684,-0.00779853,0.00517541,0.000940759,2769,2502,3792,0.127539,0.115241,0.174658,0.903575,1.36945,106,106,103,5,7,6,8
320,3,0.05,16,9268.32,9260.34,9205.17,0.000861082,0.00681408,10035,19482,39129,1.94141,3.89925,75,75,77,2,2,2,2,9390,9382.02,9334.21,-0.0131283,-0.0122672,-0.0071085,0.000849924,0.00594175,1119,1444,2447,0.11151,0.143896,0.243847,1.29044,2.18677,79,79,81,2,4,2,2
320,4,0.05,16,9498.33,9498.33,9498.33,0,0,7262,13638,26306,1.878,3.62242,51,51,51,0,0,0,0,9547.7,9544.1,9486.91,-0.00519692,-0.00481827,0.001203,0.000376692,0.00636683,1452,2071,2685,0.199945,0.285183,0.369733,1.42631,1.84917,55,55,56,3,4,3,1
320,5,0.05,16,10620.3,10586.8,10493,0.00315314,0.0119838,10403,23197,49976,2.22984,4.804,67,67,76,7,4,9,2,10624.5,10603.6,10583.8,-0.000390124,0.00157827,0.00344251,0.00196763,0.00383114,1837,1760,3473,0.176584,0.169182,0.333846,0.958084,1.89058,69,69,69,4,5,6,5
320,6,0.05,16,11643.2,11611.4,11577.7,0.00272891,0.0056194,19353,34686,71136,1.79228,3.67571,105,105,109,6,7,6,5,11648.5,11616.7,11583,-0.000455695,0.00227322,0.00516371,0.00272767,0.00561684,1374,1727,3404,0.0709967,0.0892368,0.17589,1.25691,2.47744,110,110,114,6,8,6,5
320,7,0.05,16,9229.94,9229.54,9204,4.37724e-05,0.00281077,11753,20238,33591,1.72194,2.85808,57,57,56,1,2,1,2,9258.09,9257.68,9257.68,-0.00304928,-0.00300551,-0.00300551,4.36394e-05,4.36394e-05,1754,1517,2721,0.149238,0.129073,0.231515,0.86488,1.55131,62,62,62,1,2,1,1
320,8,0.05,16,10485.9,10477.7,10470,0.000783126,0.00152044,6043,14854,28895,2.45805,4.78157,67,67,68,2,2,2,2,10565.8,10557.6,10533.7,-0.00762194,-0.00683794,-0.00455772,0.000778068,0.00304104,493,1041,1833,0.081582,0.172265,0.303326,2.11156,3.71805,65,65,65,3,3,3,5
320,9,0.05,16,9630.24,9612.44,9597.16,0.00184897,0.00343574,4485,8530,17365,1.9019,3.87179,22,22,23,2,2,2,2,9630.24,9612.44,9609.39,0,0.00184897,0.00216507,0.00184897,0.00216507,913,1349,2509,0.203567,0.30078,0.55942,1.47755,2.74808,22,22,24,2,2,2,2
320,10,0.05,16,11147.2,11140.1,11140.1,0.000630686,0.000630686,6922,16898,31972,2.4412,4.6189,64,64,64,3,3,3,3,11246.2,11243.8,11243.8,-0.00888143,-0.0086712,-0.0086712,0.000208378,0.000208378,932,1354,1915,0.134643,0.195608,0.276654,1.45279,2.05472,69,69,69,1,3,1,3
320,1,0.1,32,11286.9,11283.5,11201.7,0.000303223,0.0075457,9326,17055,35526,1.82876,3.80935,58,58,61,1,3,1,4,11361.4,11359.4,11540.7,-0.00659972,-0.00642197,-0.0224884,0.000176585,-0.0157845,1836,2163,2631,0.196869,0.231932,0.282115,1.1781,1.43301,70,70,67,1,1,3,1
320,2,0.1,32,9685.17,9672.88,9708.25,0.00126954,-0.00238255,7789,16192,29618,2.07883,3.80254,58,58,53,2,4,2,6,9684.39,9683.36,9691.82,8.03692e-05,0.000187075,-0.000686267,0.000106715,-0.000766697,4984,4396,7392,0.639877,0.564386,0.949031,0.882022,1.48315,81,81,78,1,4,1,2
320,3,0.1,32,11932.6,11851.8,11882,0.00677183,0.00423323,14659,27367,51039,1.86691,3.48175,82,82,78,6,5,7,5,11979.1,11949.1,11906.8,-0.00390293,-0.00138311,0.00215972,0.00251002,0.00603908,4894,4038,7617,0.333856,0.275462,0.519613,0.825092,1.5564,100,100,104,8,10,8,4
320,4,0.1,32,10639.3,10633.6,10613.2,0.000540873,0.00245107,9459,19795,37702,2.09272,3.98583,71,71,70,2,3,3,4,10886.7,10883.3,10863,-0.0232557,-0.0229351,-0.0210249,0.000313323,0.00218011,2471,1870,3408,0.261233,0.197695,0.360292,0.756779,1.3792,80,80,81,2,6,3,4
320,5,0.1,32,10281.1,10257.7,10127.7,0.00227679,0.0149192,16392,30785,61371,1.87805,3.74396,85,85,89,8,6,12,6,10273.2,10165.2,10158.7,0.000769659,0.011276,0.0119034,0.0105145,0.0111423,1078,1610,2576,0.0657638,0.0982186,0.15715,1.49351,2.38961,88,88,90,8,8,8,8
320,6,0.1,32,10762.9,10762.9,10762.9,0,0,12357,18984,35698,1.5363,2.88889,49,49,49,0,0,0,0,10794.2,10791.9,10791.9,-0.00290505,-0.00268732,-0.00268732,0.000217103,0.000217103,1999,2131,2825,0.161771,0.172453,0.228615,1.06603,1.41321,63,63,62,1,4,1,1
320,7,0.1,32,12211.2,12200.4,12156.3,0.000887323,0.00450039,16077,29306,60890,1.82285,3.7874,91,91,95,5,7,5,7,12313.9,12305.8,12305.8,-0.00840703,-0.00774293,-0.00774293,0.000658555,0.000658555,1290,1554,1838,0.0802389,0.0966598,0.114325,1.20465,1.42481,99,99,99,3,4,3,3
320,8,0.1,32,9716.61,9714.28,9714.28,0.000239661,0.000239661,11965,22045,42212,1.84246,3.52796,53,53,53,1,1,1,1,9716.61,9714.28,9714.28,0,0.000239661,0.000239661,0.000239661,0.000239661,1443,2138,2082,0.120602,0.178688,0.174008,1.48164,1.44283,56,56,56,1,2,1,1
320,9,0.1,32,12482.4,12423,12347.9,0.00475847,0.0107768,27992,47045,113544,1.68066,4.0563,107,107,104,8,15,14,16,12577.8,12528.1,12471.4,-0.00764072,-0.00366165,0.000885237,0.00394889,0.00846131,866,2029,4412,0.0309374,0.072485,0.157616,2.34296,5.09469,115,115,120,8,9,14,11
320,10,0.1,32,10696.3,10672.2,10669.5,0.00225366,0.00250752,13786,23339,44628,1.69295,3.2372,65,65,66,2,2,2,2,10778.1,10737.6,10708.3,-0.00764932,-0.00385637,-0.00112438,0.00376415,0.0064754,1155,1937,3905,0.0837806,0.140505,0.283258,1.67706,3.38095,74,74,80,6,5,7,4
320,1,0.2,64,10139.8,10133.9,10121.4,0.000580643,0.00180776,10574,20393,39544,1.9286,3.73974,62,62,62,3,4,3,4,10107.8,10095.4,10095.3,0.00315399,0.00437957,0.00438958,0.00122946,0.0012395,3928,3319,3770,0.371477,0.313883,0.356535,0.844959,0.959776,74,74,73,2,7,2,6
320,2,0.2,64,11667.2,11633.7,11610.2,0.00287297,0.00488904,13088,24772,51248,1.89273,3.91565,80,80,85,5,5,5,5,11764.4,11726.6,11714.2,-0.00832788,-0.00508972,-0.00402447,0.00321142,0.00426787,945,1340,2574,0.0722035,0.102384,0.196669,1.41799,2.72381,85,85,88,6,5,6,4
320,3,0.2,64,12834.4,12824.1,12780.2,0.000802175,0.00422077,12800,22457,43745,1.75445,3.41758,68,68,68,2,3,4,3,12885.7,12883.3,12883.3,-0.00399583,-0.00381323,-0.00381323,0.000181865,0.000181865,2350,1961,2329,0.183594,0.153203,0.181953,0.834468,0.991064,79,79,79,1,2,1,1
320,4,0.2,64,11379.6,11344.3,11313.9,0.00310412,0.00577685,27442,42222,83227,1.53859,3.03283,92,92,94,5,5,5,5,11593.9,11555.2,11521.3,-0.0188296,-0.0154297,-0.012446,0.00333704,0.0062656,2142,2439,5060,0.0780555,0.0888784,0.184389,1.13866,2.36228,92,92,96,5,7,5,7
320,5,0.2,64,12347.7,12314.4,12134.9,0.00269651,0.0172371,36826,62630,108592,1.7007,2.94879,106,106,113,9,13,9,13,12348.4,12318.6,12209.7,-5.45619e-05,0.0023586,0.011177,0.00241303,0.011231,2982,2981,10154,0.0809754,0.0809482,0.275729,0.999665,3.4051,111,111,124,8,9,8,9
320,6,0.2,64,10344.4,10344.4,10143.8,1.75843e-16,0.0193911,9375,17824,36494,1.90123,3.89269,57,57,61,1,3,1,2,10369.6,10369.6,10372.2,-0.00243682,-0.00243682,-0.00268954,0,-0.00025211,2075,2018,3607,0.221333,0.215253,0.384747,0.97253,1.73831,66,66,65,0,5,0,3
320,7,0.2,64,11953.7,11953.7,11953.7,0,0,9193,17500,32690,1.90362,3.55597,56,56,56,0,0,0,0,11953.7,11953.7,11953.7,0,0,0,0,0,2057,1578,1899,0.223757,0.171652,0.20657,0.767137,0.923189,59,59,59,0,1,0,0
320,8,0.2,64,12811,12768.4,12715.7,0.00332282,0.00744021,23285,41091,80896,1.7647,3.47417,103,103,103,7,8,7,8,12864.6,12841.3,12811,-0.0041831,-0.002365,1.05852e-06,0.00181053,0.00416673,4327,4147,6343,0.185828,0.178097,0.272407,0.958401,1.46591,107,107,111,4,4,4,4
320,9,0.2,64,12664.9,12648.8,12627.2,0.00127356,0.00298369,18843,30451,60672,1.61604,3.21987,69,69,70,5,5,5,5,12946.8,12933,12922.6,-0.0222573,-0.0211688,-0.0203456,0.00106482,0.00187007,1709,1789,3063,0.0906968,0.0949424,0.162554,1.04681,1.79228,64,64,65,4,5,4,4
320,10,0.2,64,12437.5,12421.8,12373,0.00126633,0.00518267,8883,16656,36411,1.87504,4.09895,44,44,50,4,5,6,6,12504,12482.4,12459.3,-0.0053446,-0.00360735,-0.00175554,0.00172801,0.00356998,1329,1933,2672,0.149612,0.217607,0.300799,1.45448,2.01053,48,48,51,3,5,5,4
330,1,0,0,9348.03,9348.03,9372.62,0,-0.00263052,7119,14622,25826,2.05394,3.62776,45,45,42,0,2,0,1,9523.6,9516.61,9517.47,-0.0187812,-0.0180337,-0.0181259,0.000733722,0.000643265,4082,2810,2802,0.573395,0.394718,0.393595,0.688388,0.686428,40,40,35,1,3,3,1
330,2,0,0,9505.28,9492.54,9357.25,0.00133971,0.0155728,12178,22449,46098,1.84341,3.78535,66,66,66,3,1,3,1,9588.27,9509.57,9442.1,-0.00873122,-0.000451572,0.00664619,0.00820798,0.0152443,2016,2781,2672,0.165544,0.228363,0.219412,1.37946,1.3254,74,74,71,3,5,3,4
330,3,0,0,9929.78,9904.18,9841.97,0.0025786,0.00884322,16269,27012,45943,1.66034,2.82396,67,67,61,3,3,3,3,9972.36,9942.07,9906.36,-0.00428772,-0.00123711,0.00235844,0.00303759,0.00661779,2377,1907,3860,0.146106,0.117217,0.237261,0.802272,1.6239,80,80,82,5,7,5,6
330,4,0,0,9687.75,9685.41,9685.41,0.000241899,0.000241899,1549,4052,7070,2.61588,4.56423,8,8,8,1,1,1,1,9606.85,9587.54,9567.42,0.0083505,0.0103444,0.0124207,0.00201069,0.00410447,787,1767,2513,0.50807,1.14074,1.62234,2.24524,3.19314,34,34,37,2,2,2,1
330,5,0,0,10505,10456.7,10385.7,0.00460117,0.0113654,3456,7996,14107,2.31366,4.08189,28,28,25,1,1,1,1,10455.7,10451,10444.2,0.00469967,0.00514583,0.00579432,0.000448265,0.00109982,737,1430,1726,0.213252,0.413773,0.499421,1.9403,2.34193,32,32,33,2,3,2,3
330,6,0,0,10361.7,10361.7,10361.7,0,0,4034,7957,15445,1.97248,3.82871,26,26,26,0,0,0,0,10384.6,10382.3,10382.3,-0.00221544,-0.00198928,-0.00198928,0.000225666,0.000225666,1765,2027,2737,0.437531,0.502479,0.678483,1.14844,1.55071,31,31,31,1,2,1,1
330,7,0,0,9143.88,9127.51,9123.72,0.00179095,0.00220547,8602,17916,33937,2.08277,3.94525,52,52,51,1,2,1,2,9164.38,9148,9140.72,-0.00224124,-0.000450295,0.00034646,0.00178694,0.00258191,1184,1733,1811,0.137642,0.201465,0.210532,1.46368,1.52956,52,52,53,1,1,1,1
330,8,0,0,10121.6,10118.1,10118.1,0.000348518,0.000348518,6402,12520,23426,1.95564,3.65917,36,36,36,2,2,2,2,10167.6,10164.1,10164.1,-0.00454333,-0.00419481,-0.00419481,0.000346942,0.000346942,689,1426,2031,0.107623,0.222743,0.317245,2.06967,2.94775,37,37,37,2,2,2,2
330,9,0,0,11322.2,11322.2,11322.2,0,0,5077,10165,18644,2.00217,3.67225,31,31,31,0,0,0,0,11322.2,11322.2,11322.2,0,0,0,0,0,766,1241,1573,0.150877,0.244436,0.309829,1.6201,2.05352,31,31,31,0,1,0,0
330,10,0,0,10504.9,10502.6,10502.6,0.000223081,0.000223081,8513,18327,33927,2.15283,3.98532,65,65,65,1,1,1,1,10588.8,10578.9,10587.7,-0.00798538,-0.00703966,-0.00787822,0.000938229,0.000106316,1121,1798,1783,0.131681,0.211206,0.209444,1.60393,1.59054,68,68,66,2,4,2,2
330,1,0.05,17,11169.8,11158.1,11136,0.00104542,0.00302755,9597,18623,37482,1.9405,3.9056,64,64,66,2,2,5,2,11335.5,11323.8,11300.6,-0.0148328,-0.0137838,-0.011705,0.00103368,0.00308213,1420,1739,2738,0.147963,0.181202,0.285297,1.22465,1.92817,63,63,66,2,2,5,2
330,2,0.05,17,11571.9,11524.4,11524.4,0.00411197,0.00411197,4621,9704,18686,2.09998,4.04371,22,22,22,3,3,3,3,11817.7,11810.7,11810.7,-0.0212414,-0.0206338,-0.0206338,0.0005949,0.0005949,949,1173,2045,0.205367,0.253841,0.442545,1.23604,2.1549,22,22,22,3,3,3,3
330,3,0.05,17,11680.2,11673.4,11726.4,0.000584074,-0.00395432,15144,25275,50852,1.66898,3.3579,61,61,62,1,3,1,3,11876.2,11874.2,11874.2,-0.0167741,-0.0166067,-0.0166067,0.000164629,0.000164629,3587,2266,3460,0.236859,0.14963,0.228473,0.631726,0.964594,65,65,64,1,2,1,1
330,4,0.05,17,12430.7,12385.7,12385.7,0.00362156,0.00362156,13264,28149,52387,2.12221,3.94956,93,93,91,5,5,5,5,12505.6,12474.7,12440.9,-0.00602858,-0.00354056,-0.000818435,0.00247311,0.00517893,2379,2770,4727,0.179358,0.208836,0.356378,1.16435,1.98697,98,98,102,4,7,4,3
330,5,0.05,17,10043.8,10043.8,10043.8,0,0,4802,8452,16853,1.7601,3.50958,27,27,27,0,0,0,0,10058.8,10058.8,10058.8,-0.00149424,-0.00149424,-0.00149424,0,0,603,1243,1300,0.125573,0.25885,0.270721,2.06136,2.15589,27,27,27,0,0,0,0
330,6,0.05,17,12019.3,12004.5,12007.6,0.00123009,0.000970105,11420,21814,40612,1.91016,3.55622,62,62,57,3,4,6,3,12049.2,12042.4,12028.1,-0.00248682,-0.00192207,-0.000733964,0.000563356,0.00174851,2599,2463,4859,0.227583,0.215674,0.425482,0.947672,1.86957,73,73,71,3,6,5,4
330,7,0.05,17,11203.8,11195.7,11168.7,0.000723801,0.00313306,14861,23826,46962,1.60326,3.16008,59,59,60,2,2,3,2,11247,11239.9,11219.2,-0.00384745,-0.00321995,-0.0013733,0.000625091,0.00246467,2704,2333,2692,0.181953,0.156988,0.181145,0.862796,0.995562,63,63,63,1,3,2,2
330,8,0.05,17,9873.53,9856.28,9812.19,0.00174732,0.00621289,14080,25552,47180,1.81477,3.35085,58,58,61,7,4,7,4,9899.15,9860.06,9866.1,-0.00259488,0.00136431,0.000753039,0.00394894,0.00333926,3649,3159,3519,0.259162,0.224361,0.249929,0.865717,0.964374,66,66,67,7,6,7,4
330,9,0.05,17,9188.86,9188.86,9188.86,0,0,4124,7819,14417,1.89597,3.49588,24,24,24,0,0,0,0,9195.7,9195.7,9195.7,-0.000744607,-0.000744607,-0.000744607,0,0,449,894,1442,0.108875,0.21678,0.349661,1.99109,3.21158,24,24,24,0,0,0,0
330,10,0.05,17,10799.1,10783.9,10769.2,0.00140089,0.0027627,5576,14340,27984,2.57174,5.01865,59,59,60,3,3,6,6,10834.9,10810.6,10797.1,-0.0033194,-0.0010666,0.000183125,0.00224534,0.00349093,856,1776,2756,0.153515,0.318508,0.494261,2.07477,3.21963,64,64,66,3,2,6,5
330,1,0.1,33,9579.37,9571.54,9522.53,0.000817099,0.00593357,7713,16288,32315,2.11176,4.18968,44,44,47,2,1,4,3,9575.28,9565.11,9553.64,0.000426271,0.00148801,0.00268586,0.00106219,0.00226056,1261,2052,3060,0.16349,0.266044,0.396733,1.62728,2.42665,45,45,46,3,3,5,5
330,2,0.1,33,10486.3,10481.6,10513.2,0.000446956,-0.00256836,13065,22891,43579,1.75209,3.33555,57,57,54,1,4,1,3,10883.2,10779.1,10766.9,-0.0378491,-0.0279212,-0.0267618,0.00956586,0.0106829,784,1473,2687,0.0600077,0.112744,0.205664,1.87883,3.4273,51,51,56,4,5,6,4
330,3,0.1,33,10858.7,10852.3,10783.1,0.000595872,0.00696214,12657,22541,45949,1.78091,3.63032,69,69,71,1,3,1,3,10840.6,10828.4,10746.6,0.00166651,0.00278918,0.0103261,0.00112455,0.00867409,846,1633,2585,0.0668405,0.12902,0.204235,1.93026,3.05556,67,67,69,4,4,4,3
330,4,0.1,33,11721.2,11721.2,11721.2,0,0,8169,16035,31393,1.96291,3.84294,58,58,58,0,0,0,0,11726.4,11726.4,11726.4,-0.00044631,-0.00044631,-0.00044631,0,0,421,988,1076,0.0515363,0.120945,0.131717,2.34679,2.55582,67,67,67,0,0,0,0
330,5,0.1,33,10749.5,10748.3,10748.3,0.00010567,0.00010567,18394,33376,63651,1.8145,3.46042,92,92,92,1,1,1,1,10774,10774,10774,-0.00228421,-0.00228421,-0.00228421,0,0,2309,1652,2785,0.12553,0.0898119,0.151408,0.715461,1.20615,94,94,94,0,1,0,0
330,6,0.1,33,12062.4,12049.9,12093.6,0.00103445,-0.00258391,15427,28428,65046,1.84274,4.21637,70,70,70,2,2,4,2,12080.4,12067.6,12053.2,-0.00149492,-0.000432189,0.000764018,0.00106114,0.00225556,1745,2202,3941,0.113113,0.142737,0.255461,1.26189,2.25845,88,88,88,2,4,4,6
330,7,0.1,33,10837.8,10791,10754.1,0.00431649,0.00772499,17324,33618,48946,1.94054,2.82533,67,67,64,5,6,6,4,10912.8,10863.7,10805.5,-0.00692435,-0.00239162,0.0029783,0.00450155,0.00983455,1896,2728,4817,0.109444,0.157469,0.278054,1.43882,2.54061,73,73,78,6,5,7,3
330,8,0.1,33,11251.8,11217.8,10948.3,0.00302744,0.0269814,29150,56853,103712,1.95036,3.55787,115,115,126,11,9,15,9,11301.7,11250.3,11161.9,-0.00443211,0.0001343,0.00799368,0.00454626,0.012371,6610,4488,9793,0.226758,0.153962,0.335952,0.678971,1.48154,128,128,131,9,17,9,13
330,9,0.1,33,9823.93,9817.6,9817.6,0.000643428,0.000643428,18712,30867,61204,1.64958,3.27084,65,65,65,2,2,3,3,9839.73,9835.05,9835.05,-0.00160926,-0.00113217,-0.00113217,0.000476325,0.000476325,2667,2138,3164,0.142529,0.114258,0.169089,0.80165,1.18635,81,81,80,1,6,2,3
330,10,0.1,33,10223.3,10216.5,10177.6,0.000662861,0.00446826,14269,27575,54936,1.93251,3.85002,69,69,70,1,2,2,3,10312.4,10305.7,10266.8,-0.00872214,-0.00805928,-0.00425389,0.00065713,0.00442962,917,1514,2584,0.0642652,0.106104,0.181092,1.65104,2.81788,67,67,68,1,2,2,3
330,1,0.2,66,12144,12040.9,12007.8,0.00848638,0.0112116,17152,32472,63559,1.89319,3.70563,96,96,99,4,3,4,3,12309.1,12188.8,12169.1,-0.0135959,-0.00369403,-0.00207354,0.00976906,0.0113678,1988,2364,4270,0.115905,0.137826,0.248951,1.18913,2.14789,104,104,107,6,9,6,7
330,2,0.2,66,12720.4,12720.3,12715.4,9.62454e-06,0.000393358,14013,26785,52227,1.91144,3.72704,79,79,80,1,1,1,1,12805.6,12803.1,12793,-0.00669608,-0.00650223,-0.00570499,0.000192563,0.000984506,1027,1376,2225,0.0732891,0.0981945,0.158781,1.33982,2.1665,85,85,88,1,3,1,3
330,3,0.2,66,10546.4,10546.4,10546.4,0,0,9760,15516,30929,1.58975,3.16895,43,43,43,0,0,0,0,10550,10537.7,10531.1,-0.000334324,0.000826241,0.00145715,0.00116018,0.00179087,1614,1930,2647,0.165369,0.197746,0.271209,1.19579,1.64002,47,47,48,5,5,5,5
330,4,0.2,66,12841.5,12829.2,12829.2,0.000959189,0.000959189,19153,33314,64961,1.73936,3.39169,78,78,78,4,4,4,4,12794,12779.4,12779.4,0.00369879,0.00484047,0.00484047,0.00114592,0.00114592,1802,2242,4536,0.0940845,0.117057,0.23683,1.24417,2.5172,87,87,90,5,8,5,5
330,5,0.2,66,11435.5,11401,11394.9,0.00301613,0.00355086,6085,15448,30074,2.5387,4.94232,63,63,64,5,5,5,5,11794.8,11776.2,11777.9,-0.0314178,-0.0297911,-0.0299394,0.00157723,0.00143338,1837,1642,3143,0.30189,0.269844,0.516516,0.893849,1.71094,63,63,62,6,8,6,8
330,6,0.2,66,13062.6,13043.3,13029.3,0.00147766,0.00254708,10297,23153,45193,2.24852,4.38895,71,71,73,8,8,10,12,13056.8,13037.5,13027.7,0.000442763,0.00192043,0.00267244,0.00147832,0.00223067,1796,1823,3508,0.17442,0.177042,0.340682,1.01503,1.95323,77,77,79,8,10,10,13
330,7,0.2,66,10982.3,10954.9,10938.3,0.00249379,0.00399989,23885,42713,84118,1.78828,3.52179,105,105,106,7,7,7,6,11058.1,11033.4,11015.8,-0.00690875,-0.00465975,-0.00305502,0.00223357,0.00382729,1624,2132,3249,0.0679925,0.089261,0.136027,1.31281,2.00062,104,104,105,8,9,8,8
330,8,0.2,66,11572.8,11545.6,11513.1,0.00235756,0.00516345,15372,31488,62963,2.0484,4.09595,88,88,91,3,3,4,3,11770.4,11743.1,11710.6,-0.0170706,-0.014713,-0.0119071,0.00231799,0.00507679,2253,2058,4542,0.146565,0.13388,0.295472,0.913449,2.01598,100,100,101,3,7,4,4
330,9,0.2,66,10391.9,10322.3,10316.1,0.00669669,0.00729269,11255,24744,46200,2.19849,4.10484,77,77,76,9,6,18,13,10352.9,10325.2,10295.7,0.00374612,0.00641543,0.00925605,0.00267935,0.00553065,2336,3156,5968,0.207552,0.280409,0.530253,1.35103,2.55479,83,83,87,10,10,11,8
330,10,0.2,66,11962.6,11913.3,11718.3,0.00412119,0.0204168,27217,47229,95978,1.73528,3.5264,110,110,111,12,15,12,13,12052.1,12008,12063.8,-0.00748694,-0.00379728,-0.00846629,0.00366224,-0.000972072,8152,4985,8952,0.299519,0.183158,0.328912,0.611506,1.09814,131,131,128,10,17,10,14
340,1,0,0,9861.8,9816.05,9742.85,0.00463894,0.0120618,15352,29823,59440,1.94261,3.87181,83,83,84,6,6,7,13,9877.12,9821.3,9721.07,-0.00155305,0.00410648,0.01427,0.00565076,0.0157985,2181,2216,6219,0.142066,0.144346,0.405094,1.01605,2.85144,87,87,98,5,8,8,6
340,2,0,0,9386.12,9354.55,9362.78,0.00336369,0.00248698,7771,18878,37194,2.42929,4.78626,70,70,69,1,2,1,2,9529.22,9524.35,9506.39,-0.0152459,-0.0147275,-0.012814,0.000510558,0.0023953,1789,2171,2515,0.230215,0.279372,0.323639,1.21353,1.40581,78,78,78,3,3,3,3
340,3,0,0,9365.28,9365.28,9365.28,0,0,3114,6151,10889,1.97527,3.49679,19,19,19,0,0,0,0,9519.55,9519.55,9519.55,-0.0164724,-0.0164724,-0.0164724,0,0,408,1082,1408,0.131021,0.347463,0.452152,2.65196,3.45098,19,19,19,0,0,0,0
340,4,0,0,9041.16,9025.91,8979.15,0.00168669,0.0068589,10366,22512,35719,2.17172,3.44578,43,43,46,5,2,5,2,9041.16,9025.91,8996.79,0,0.00168669,0.0049075,0.00168669,0.0049075,1080,2459,3771,0.104187,0.237218,0.363785,2.27685,3.49167,45,45,51,5,3,5,3
340,5,0,0,10264.2,10249.7,10232.6,0.00141271,0.00308401,11569,21532,39520,1.86118,3.41603,59,59,55,3,3,4,4,10290.3,10252.6,10252.6,-0.00253887,0.00113222,0.00113222,0.00366179,0.00366179,1652,1906,2184,0.142795,0.164751,0.18878,1.15375,1.32203,63,63,63,4,6,5,5
340,6,0,0,10190.2,10187.9,10181.8,0.000229971,0.000830057,8086,14977,29029,1.85221,3.59003,43,43,44,1,1,1,1,10190.3,10188,10181.9,-1.01978e-05,0.000219773,0.000819859,0.000229969,0.000830048,2318,1570,2625,0.286668,0.194163,0.324635,0.677308,1.13244,53,53,54,1,1,1,1
340,7,0,0,9175.16,9158.87,9156.84,0.00177569,0.00199611,8267,16776,31745,2.02927,3.83997,32,32,34,4,3,4,3,9485.24,9462.79,9436.88,-0.0337962,-0.0313489,-0.0285244,0.00236724,0.00509939,3737,3051,4899,0.452038,0.369058,0.592597,0.81643,1.31094,67,67,73,5,6,8,5
340,8,0,0,13319.4,13288.3,13171.2,0.00233866,0.0111292,6146,13809,29728,2.24683,4.83697,51,51,57,2,2,4,4,13184.2,13174.4,13038.8,0.0101501,0.0108879,0.0210678,0.000745371,0.0110297,1336,1821,3411,0.217377,0.29629,0.554995,1.36302,2.55314,57,57,63,2,5,4,3
340,9,0,0,11460.5,11460.5,11460.5,0,0,10160,17734,34104,1.74547,3.35669,53,53,53,0,0,0,0,11751.2,11751.2,11751.2,-0.0253617,-0.0253617,-0.0253617,0,0,1123,1171,2501,0.110531,0.115256,0.246161,1.04274,2.22707,56,56,56,0,1,0,0
340,10,0,0,8864,8861.66,8861.66,0.000264379,0.000264379,10127,21825,42920,2.15513,4.23818,67,67,67,1,1,1,1,9231.9,9229.56,9270.21,-0.0415048,-0.0412404,-0.0458261,0.000253843,-0.00414911,1956,2262,2056,0.193147,0.223363,0.203022,1.15644,1.05112,88,88,82,1,4,1,3
340,1,0.05,17,10593.1,10593.1,10593.1,0,0,7265,15793,29894,2.17385,4.1148,54,54,54,0,0,0,0,10830.3,10767.7,10845.3,-0.0223879,-0.016478,-0.0238038,0.00578052,-0.00138492,4033,3041,4570,0.555127,0.418582,0.629043,0.754029,1.13315,80,80,76,8,8,11,8
340,2,0.05,17,9303.93,9302.83,9302.83,0.000117195,0.000117195,6404,14821,27928,2.31433,4.36102,56,56,55,1,1,1,1,9351.92,9350.83,9350.83,-0.00515852,-0.00504133,-0.00504133,0.000116593,0.000116593,899,1461,1598,0.140381,0.228139,0.249532,1.62514,1.77753,58,58,58,1,1,1,1
340,3,0.05,17,10975.2,10972.9,10972.9,0.000213522,0.000213522,13967,23801,44910,1.70409,3.21544,47,47,47,2,2,2,2,11184,11181.6,11181.6,-0.0190187,-0.0188052,-0.0188052,0.000209537,0.000209537,1144,1803,2548,0.0819074,0.12909,0.18243,1.57605,2.22727,50,50,50,1,2,1,2
340,4,0.05,17,11454.5,11442.9,11370.2,0.00101172,0.00736228,8894,19783,41558,2.22431,4.67259,60,60,68,5,4,7,4,11581.6,11572.3,11499,-0.0110961,-0.010289,-0.00388311,0.000798271,0.00713386,552,1722,3989,0.0620643,0.193614,0.448505,3.11957,7.22645,63,63,73,4,3,6,3
340,5,0.05,17,11608.4,11540.4,11478.4,0.0058612,0.0111995,11249,25484,50456,2.26545,4.48538,79,79,84,7,5,11,5,11734.8,11674.5,11575.6,-0.0108902,-0.00569216,0.00282522,0.00514201,0.0135676,473,1620,4611,0.0420482,0.144013,0.409903,3.42495,9.74841,70,70,80,8,6,11,4
340,6,0.05,17,9077.91,9077.91,9077.91,0,0,4145,9163,17950,2.21062,4.33052,31,31,31,0,0,0,0,9239.8,9239.8,9239.8,-0.0178327,-0.0178327,-0.0178327,0,0,2145,1838,2443,0.517491,0.443426,0.589385,0.856876,1.13893,59,59,58,0,0,0,0
340,7,0.05,17,10369,10363.4,10348,0.000539468,0.00202766,18424,29759,59931,1.61523,3.25288,59,59,61,2,2,2,2,10390.7,10381.7,10372.8,-0.00209044,-0.001222,-0.000364772,0.000866623,0.00172207,3067,2775,4432,0.166468,0.150619,0.240556,0.904793,1.44506,76,76,76,3,6,3,5
340,8,0.05,17,12213.9,12165.2,12158.2,0.00398605,0.00455802,14185,29749,53767,2.09722,3.79041,64,64,65,5,3,5,3,12329,12305.3,12310.2,-0.00942472,-0.00748698,-0.00788522,0.00191965,0.00152513,2976,2424,4162,0.209799,0.170885,0.293409,0.814516,1.39852,76,76,77,3,7,3,6
340,9,0.05,17,11115,10946.4,10664.8,0.01517,0.0404999,22143,39278,61504,1.77383,2.77758,64,64,64,6,5,9,6,11230.9,11129.1,10645.6,-0.0104273,-0.00126796,0.0422283,0.00906481,0.0521122,2171,2329,4071,0.0980445,0.10518,0.18385,1.07278,1.87517,65,65,69,5,7,9,9
340,10,0.05,17,12527.1,12499.7,12497.8,0.002189,0.00234078,18729,35401,71565,1.89017,3.82108,108,108,110,2,4,2,3,12527.1,12499.7,12497.8,0,0.002189,0.00234078,0.002189,0.00234078,2794,2670,3304,0.14918,0.14256,0.176411,0.955619,1.18253,115,115,113,2,6,2,4
340,1,0.1,34,12962.4,12909.4,12871.4,0.00408704,0.00702584,13669,26523,53632,1.94038,3.92362,55,55,60,8,7,13,11,13160.2,13144,13133.7,-0.0152591,-0.0140074,-0.0132164,0.00123289,0.00201199,1851,2248,3573,0.135416,0.16446,0.261394,1.21448,1.93031,48,48,50,3,6,4,5
340,2,0.1,34,9418.8,9404.74,9371.99,0.00149284,0.00497059,19697,33889,66571,1.72052,3.37975,86,86,89,2,2,5,2,9512.17,9498.1,9445.86,-0.00991223,-0.0084194,-0.0028724,0.00147819,0.00697074,2468,2535,5368,0.125298,0.1287,0.272529,1.02715,2.17504,94,94,103,2,9,5,3
340,3,0.1,34,10283.2,10277.5,10214.9,0.000556284,0.00664344,7851,15942,31474,2.03057,4.00892,48,48,48,1,2,1,2,10337.4,10328.3,10328.3,-0.00527305,-0.00438649,-0.00438649,0.00088191,0.00088191,855,1620,1870,0.108903,0.206343,0.238186,1.89474,2.18713,53,53,53,2,2,2,2
340,4,0.1,34,11944.9,11939.1,11904.4,0.000490329,0.00339047,13840,26582,51062,1.92066,3.68945,76,76,74,2,5,2,7,11930.7,11924.8,11924.8,0.0011911,0.00168143,0.00168143,0.000490914,0.000490914,1692,1874,2183,0.122254,0.135405,0.157731,1.10757,1.29019,89,89,89,2,2,2,2
340,5,0.1,34,11749.5,11743.7,11770.7,0.000489768,-0.00180561,12671,23303,41777,1.83908,3.29706,63,63,57,3,4,3,4,11871.3,11857.2,11857.2,-0.0103724,-0.0091694,-0.0091694,0.00119068,0.00119068,1843,1603,2131,0.14545,0.126509,0.168179,0.869778,1.15627,66,66,65,4,5,4,5
340,6,0.1,34,10321.2,10288.5,10288.5,0.00317141,0.00317141,31543,50387,98623,1.59741,3.12662,110,110,110,2,2,3,3,10359.3,10330.5,10323.3,-0.00368721,-0.000900608,-0.000203735,0.00277637,0.00347068,2930,2878,2905,0.0928891,0.0912405,0.0920965,0.982253,0.991468,112,112,113,3,5,3,2
340,7,0.1,34,12541,12522.2,12501.1,0.00149491,0.00317995,17464,32468,77926,1.85914,4.46209,87,87,87,4,9,4,7,12597.3,12568.6,12547.8,-0.00449263,-0.00220289,-0.000545608,0.0022795,0.00392937,1936,2130,3498,0.110857,0.121965,0.200298,1.10021,1.80682,93,93,94,5,9,5,8
340,8,0.1,34,11463.4,11344.5,11308.2,0.010374,0.0135399,15112,28894,48655,1.91199,3.21963,76,76,76,6,6,7,6,11520.9,11402,11362.7,-0.00501549,0.00535849,0.00878765,0.0103222,0.0137343,2879,2854,4247,0.190511,0.188857,0.281035,0.991316,1.47516,79,79,87,7,6,8,3
340,9,0.1,34,12107.2,12102.3,12101.5,0.000408169,0.000469642,20532,35830,69662,1.74508,3.39285,76,76,75,2,3,2,3,12246.1,12233.7,12233.7,-0.0114703,-0.0104433,-0.0104433,0.00101537,0.00101537,1877,2372,2961,0.0914183,0.115527,0.144214,1.26372,1.57752,74,74,73,3,6,3,5
340,10,0.1,34,10589.1,10585.6,10585.6,0.000332877,0.000332877,11817,28689,55297,2.42777,4.67944,105,105,105,2,2,3,3,10589.1,10585.6,10627.4,0,0.000332877,-0.00361085,0.000332877,-0.00361085,1934,2447,4116,0.163663,0.207075,0.348312,1.26525,2.12823,108,108,106,2,9,3,4
340,1,0.2,68,10341.5,10334.5,10310.3,0.000679822,0.00301083,16363,27885,43421,1.70415,2.65361,52,52,44,3,2,3,2,10563.9,10552.6,10528.1,-0.0215038,-0.0204112,-0.0180412,0.00106958,0.00338968,2750,2560,4984,0.168062,0.156451,0.30459,0.930909,1.81236,52,52,55,4,4,4,4
340,2,0.2,68,12385.2,12305.8,12179,0.00640794,0.0166426,21134,42947,87712,2.03213,4.15028,105,105,115,11,7,14,6,12383.7,12251.7,12039.6,0.000114233,0.0107721,0.0278989,0.0106591,0.0277878,2675,3852,11819,0.126573,0.182266,0.559241,1.44,4.41832,112,112,131,14,13,18,7
340,3,0.2,68,10384.8,10376.9,10297.1,0.000760559,0.00844809,28979,50318,100232,1.73636,3.45878,98,98,99,2,4,2,3,10479.6,10479.6,10478.7,-0.00913209,-0.00913209,-0.00904394,0,8.73469e-05,2954,2654,4095,0.101936,0.0915836,0.141309,0.898443,1.38626,101,101,100,0,4,0,3
340,4,0.2,68,12789.3,12765.1,12780.2,0.00189092,0.000714547,27739,48865,93779,1.7616,3.38076,123,123,118,4,6,4,6,12956.3,12942.9,12935.4,-0.0130569,-0.0120055,-0.0114219,0.00103787,0.00161393,6536,4520,6757,0.235625,0.162947,0.243592,0.691554,1.03381,125,125,119,5,12,5,8
340,5,0.2,68,12520.8,12520,12508.5,6.49994e-05,0.000983705,9161,17381,34622,1.89728,3.77928,50,50,52,1,1,1,1,12596.9,12592.2,12592.2,-0.00607617,-0.00570184,-0.00570184,0.000372069,0.000372069,2499,2253,3235,0.272787,0.245934,0.353127,0.901561,1.29452,58,58,58,1,2,1,1
340,6,0.2,68,13624.7,13568.4,13478.3,0.00413162,0.0107427,18959,40230,74143,2.12195,3.9107,98,98,99,9,8,11,8,13717.9,13663.6,13635.2,-0.00683741,-0.00285229,-0.000767196,0.00395806,0.00602899,2303,2552,3759,0.121473,0.134606,0.19827,1.10812,1.63222,96,96,97,7,11,8,8
340,7,0.2,68,10963.3,10928.4,10924.9,0.00318366,0.00350666,31151,47547,80076,1.52634,2.57058,78,78,79,3,3,3,3,10978.3,10922.5,10877.7,-0.00136925,0.0037232,0.00780865,0.00508549,0.00916535,3061,3005,5558,0.0982633,0.0964656,0.178421,0.981705,1.81575,82,82,87,6,10,6,7
340,8,0.2,68,11861.1,11852.8,11722.9,0.000700952,0.0116535,16853,31562,69526,1.87278,4.12544,75,75,85,5,6,7,7,11957.5,11947.4,11814.1,-0.00812231,-0.00727041,0.00396277,0.000845036,0.0119877,3117,3338,6129,0.184952,0.198066,0.363674,1.0709,1.96631,70,70,74,7,8,9,8
340,9,0.2,68,13244.9,13197.1,13194.3,0.00360759,0.00381917,18242,31468,63292,1.72503,3.46958,68,68,70,4,6,5,7,13684.2,13637,13600.2,-0.0331629,-0.0295982,-0.026826,0.00345029,0.00613353,2406,1956,4270,0.131893,0.107225,0.234075,0.812968,1.77473,78,78,81,3,5,6,5
340,10,0.2,68,12881.2,12855.6,12848.4,0.00198708,0.00255228,12512,23755,47629,1.89858,3.80667,65,65,65,3,5,3,7,13000.8,12926.1,12912.1,-0.00928509,-0.00348005,-0.0023993,0.00575163,0.00682245,1398,1600,2892,0.111733,0.127877,0.231138,1.14449,2.06867,76,76,78,6,7,8,8
350,1,0,0,8674.34,8674.34,8690.97,0,-0.00191707,5711,12481,23410,2.18543,4.09911,31,31,30,0,2,0,7,8651.29,8647.85,8617.81,0.00265758,0.00305476,0.00651767,0.00039823,0.00387037,910,1490,1751,0.159342,0.2609,0.306601,1.63736,1.92418,34,34,36,1,2,1,2
350,2,0,0,9909.94,9905.25,9844.41,0.000472951,0.00661213,8702,20459,39044,2.35107,4.48678,78,78,75,1,3,1,3,9940.36,9933.55,9912.4,-0.00306976,-0.00238223,-0.000248721,0.000685433,0.00281241,1663,2060,3397,0.191105,0.236727,0.39037,1.23873,2.04269,83,83,83,2,4,2,3
350,3,0,0,9975.17,9967.63,9943.9,0.000755972,0.00313517,4345,10053,20208,2.31369,4.65086,30,30,32,2,1,4,2,10015.5,10009,9993.51,-0.00403954,-0.00338945,-0.00183798,0.000647471,0.0021927,1466,1729,2733,0.337399,0.397929,0.628999,1.1794,1.86426,33,33,34,2,2,4,3
350,4,0,0,11040.5,11022.6,11000.2,0.0016273,0.00365006,19900,36931,72409,1.85583,3.63864,104,104,105,3,2,3,2,11087.5,11065,11023.3,-0.00425195,-0.00221074,0.00156176,0.00203256,0.00578909,1567,2078,3609,0.0787437,0.104422,0.181357,1.3261,2.30313,108,108,111,4,6,6,5
350,5,0,0,11145.7,11145.7,11129.7,0,0.00143172,10595,19895,40250,1.87777,3.79896,58,58,59,0,1,0,1,11174.8,11158.3,11146,-0.00261801,-0.00113097,-3.3683e-05,0.00148316,0.00257758,1662,1772,2736,0.156866,0.167249,0.258235,1.06619,1.64621,69,69,71,2,3,2,1
350,6,0,0,10677,10665.4,10654,0.00108326,0.00214543,13253,27760,54459,2.09462,4.10918,75,75,77,4,3,6,4,10920.2,10887.9,10872.8,-0.0227817,-0.019758,-0.0183426,0.00295637,0.00434026,918,1706,2838,0.0692673,0.128726,0.21414,1.85839,3.0915,77,77,80,4,5,4,4
350,7,0,0,10659.7,10653.9,10610.8,0.000543044,0.00458588,4396,10583,21656,2.40742,4.9263,39,39,43,2,1,4,2,10660.3,10654.5,10625.5,-5.54277e-05,0.000487616,0.00320198,0.000543014,0.00325722,1285,1719,2861,0.292311,0.391037,0.650819,1.33774,2.22646,50,50,53,2,3,4,4
350,8,0,0,10598.5,10595.1,10595.1,0.000318623,0.000318623,4931,10065,19174,2.04117,3.88846,30,30,31,1,1,1,1,10729.6,10729.6,10729.6,-0.0123731,-0.0123731,-0.0123731,0,0,677,1292,1891,0.137295,0.262016,0.383492,1.90842,2.79321,26,26,26,0,0,0,0
350,9,0,0,10966.3,10966.3,10966.3,0,0,4379,9980,18431,2.27906,4.20895,24,24,24,0,0,0,0,11209.1,11209.1,11209.1,-0.0221381,-0.0221381,-0.0221381,0,0,720,1281,1401,0.164421,0.292533,0.319936,1.77917,1.94583,19,19,19,0,0,0,0
350,10,0,0,9668.7,9668.7,9668.7,0,0,2894,6392,12198,2.20871,4.21493,18,18,18,0,0,0,0,9684.57,9684.57,9684.57,-0.00164112,-0.00164112,-0.00164112,0,0,971,1033,1846,0.335522,0.356945,0.637871,1.06385,1.90113,18,18,18,0,0,0,0
350,1,0.05,18,10166.3,10155.9,10155.9,0.00103042,0.00103042,12674,24699,48094,1.94879,3.7947,66,66,66,4,4,4,4,10185.6,10165,10165,-0.00189705,0.000132784,0.000132784,0.00202599,0.00202599,2595,2459,3000,0.20475,0.194019,0.236705,0.947592,1.15607,72,72,72,6,7,6,6
350,2,0.05,18,11345.4,11338,11329.5,0.000651374,0.00139692,11279,24267,48352,2.15152,4.2869,61,61,62,2,1,2,1,11354.5,11347.2,11338.7,-0.000809378,-0.000158004,0.00058754,0.000650848,0.00139579,1051,2022,2613,0.093182,0.179271,0.231669,1.92388,2.4862,62,62,63,2,1,2,1
350,3,0.05,18,11176.3,11163.6,11163.6,0.00114215,0.00114215,10435,21004,38779,2.01284,3.71624,57,57,54,5,5,5,5,11225.4,11212.6,11197.7,-0.00439035,-0.0032482,-0.0019163,0.00113716,0.00246324,1560,1706,2694,0.149497,0.163488,0.25817,1.09359,1.72692,58,58,58,5,7,5,5
350,4,0.05,18,11596.9,11596.9,11596.9,0,0,2737,5446,10205,1.98977,3.72853,15,15,15,0,0,0,0,11940.4,11940.4,11940.4,-0.029621,-0.029621,-0.029621,0,0,463,976,1541,0.169163,0.356595,0.563025,2.10799,3.32829,24,24,24,0,0,0,0
350,5,0.05,18,10553.3,10542.4,10542.4,0.00103782,0.00103782,9113,17382,32971,1.90739,3.61802,40,40,40,3,3,3,3,10575.2,10564.3,10564.3,-0.00207286,-0.00103504,-0.00103504,0.00103567,0.00103567,1275,1785,2347,0.13991,0.195874,0.257544,1.4,1.84078,43,43,42,3,4,3,4
350,6,0.05,18,12963.1,12962,12973,8.06019e-05,-0.000765198,7304,14920,28155,2.04272,3.85474,42,42,40,1,2,1,2,12800.4,12795.8,12761.7,0.0125446,0.0128991,0.0155337,0.00035904,0.0030271,5556,5190,7629,0.760679,0.71057,1.0445,0.934125,1.37311,67,67,62,3,8,5,7
350,7,0.05,18,11929,11926.6,11926.6,0.000196451,0.000196451,10257,21046,40796,2.05187,3.97738,67,67,67,1,1,1,1,12044.5,12039.8,12025.6,-0.00968458,-0.00929168,-0.00809707,0.000389133,0.00157229,1390,1778,2629,0.135517,0.173345,0.256313,1.27914,1.89137,67,67,67,3,2,3,2
350,8,0.05,18,11499.9,11499.9,11499.9,0,0,4380,9019,16525,2.05913,3.77283,26,26,26,0,0,0,0,11552.1,11552.1,11552.1,-0.00453527,-0.00453527,-0.00453527,0,0,3156,2338,3669,0.720548,0.53379,0.837671,0.740811,1.16255,35,35,35,0,0,0,0
350,9,0.05,18,11947.7,11899.8,11475.5,0.00400975,0.0395253,10437,21210,33432,2.03219,3.20322,49,49,39,5,2,7,3,11914.3,11881.9,11873.5,0.00280031,0.00550534,0.00621318,0.00271262,0.00342245,3034,2451,3138,0.290697,0.234838,0.300661,0.807844,1.03428,62,62,60,2,4,2,2
350,10,0.05,18,12574.7,12566.1,12566.1,0.00068463,0.00068463,12745,24644,46687,1.93362,3.66316,64,64,64,2,2,2,2,12543,12529.3,12523.6,0.00251732,0.00360688,0.0040627,0.00109231,0.00154928,864,1658,1969,0.0677913,0.13009,0.154492,1.91898,2.27894,62,62,63,3,3,3,3
350,1,0.1,35,12517.6,12517.6,12517.6,0,0,8304,15396,29135,1.85405,3.50855,40,40,40,0,0,0,0,12595.6,12595.6,12595.6,-0.00623457,-0.00623457,-0.00623457,0,0,1862,1520,2704,0.224229,0.183044,0.325626,0.816327,1.4522,45,45,45,0,1,0,0
350,2,0.1,35,12214.4,12212.8,12204.2,0.000131109,0.000830251,6817,14460,27952,2.12117,4.10034,42,42,43,1,1,1,1,12169.3,12169.3,12169.3,0.00368768,0.00368768,0.00368768,0,0,1489,1469,2363,0.218425,0.215491,0.346633,0.986568,1.58697,52,52,52,0,0,0,0
350,3,0.1,35,10364,10352.5,10355,0.00110043,0.000863053,33903,54980,106341,1.62169,3.13663,119,119,116,3,4,5,7,10616.9,10520,10439.4,-0.0244066,-0.0150591,-0.00728462,0.00912478,0.016714,3569,2916,6748,0.105271,0.0860101,0.199038,0.817036,1.89073,118,118,124,9,12,16,8
350,4,0.1,35,11249.8,11126.5,10966.3,0.0109687,0.0252018,11920,23104,50507,1.93826,4.23716,50,50,58,5,3,9,4,11502.2,11400.2,11230.4,-0.0224334,-0.0133675,0.00173158,0.00886699,0.0236348,5319,2813,7833,0.446225,0.23599,0.657131,0.528859,1.47265,70,70,85,3,8,7,4
350,5,0.1,35,11647.9,11621.1,11568.7,0.0023012,0.00679633,10915,23535,47104,2.15621,4.31553,69,69,72,4,6,5,6,11614,11587.2,11564.3,0.00290673,0.00520793,0.00717322,0.00230791,0.00427894,1598,1777,3615,0.146404,0.162803,0.331196,1.11202,2.2622,72,72,77,4,5,5,6
350,6,0.1,35,12466.8,12462,12432.7,0.000381158,0.0027316,22834,41870,83327,1.83367,3.64925,93,93,94,1,2,1,2,12923.7,12906.1,12906.1,-0.0366478,-0.0352402,-0.0352402,0.00135783,0.00135783,3650,2571,4563,0.159849,0.112595,0.199834,0.704384,1.25014,88,88,88,3,5,3,3
350,7,0.1,35,13158.2,13158.2,13158.2,0,0,15216,30786,59619,2.02326,3.91818,97,97,97,0,0,0,0,13270.9,13254.1,13228.2,-0.0085597,-0.00728558,-0.00531399,0.00126331,0.00321816,1797,1894,3247,0.118099,0.124474,0.213394,1.05398,1.8069,95,95,96,1,2,1,1
350,8,0.1,35,10986.2,10877.1,10916.1,0.00992467,0.00638073,26125,46301,78337,1.77229,2.99855,88,88,92,5,6,7,8,11129.9,10986.1,10975.9,-0.0130811,3.72242e-06,0.000930578,0.0129159,0.0138308,1940,2307,2876,0.0742584,0.0883062,0.110086,1.18918,1.48247,88,88,90,6,8,8,9
350,9,0.1,35,11089.1,11066.6,11037.4,0.002033,0.00466105,18109,35742,69245,1.97371,3.82379,87,87,86,8,9,8,9,11198.3,11181.9,11145.7,-0.00984371,-0.0083644,-0.0051007,0.00146489,0.00469678,2104,2403,3259,0.116185,0.132696,0.179966,1.14211,1.54895,90,90,93,6,8,6,8
350,10,0.1,35,10189.3,10087.2,10036.7,0.0100248,0.0149738,15465,28594,51557,1.84895,3.33379,58,58,61,7,4,9,4,9881.07,9866.07,9810.67,0.0302506,0.0317225,0.0371594,0.00151774,0.00712432,2067,2250,4489,0.133657,0.14549,0.290268,1.08853,2.17175,80,80,83,3,4,3,4
350,1,0.2,70,13374.1,13260.1,13192.3,0.00852501,0.0135999,15147,29058,61492,1.9184,4.05968,71,71,74,5,10,5,10,13407.5,13306.1,13251.6,-0.00249688,0.00508574,0.00916002,0.00756374,0.0116279,1052,2017,4459,0.0694527,0.133162,0.294382,1.9173,4.23859,70,70,76,7,11,7,9
350,2,0.2,70,11811.9,11804,11591.1,0.000667324,0.0186929,26125,45330,96494,1.73512,3.69355,111,111,121,3,3,3,2,11914.7,11903,11928.1,-0.00870431,-0.00771232,-0.00984193,0.000983433,-0.0011278,2793,3112,4270,0.106909,0.11912,0.163445,1.11421,1.52882,126,126,123,4,4,4,4
350,3,0.2,70,14195,14155.8,14045,0.00276114,0.0105671,13209,27440,47604,2.07737,3.60391,67,67,62,8,5,8,5,14269.6,14258.7,14225.5,-0.00525669,-0.00448776,-0.00214637,0.000764908,0.00309406,1780,2196,4711,0.134757,0.16625,0.356651,1.23371,2.64663,72,72,74,4,10,4,8
350,4,0.2,70,11200.3,11195.6,11176.8,0.000418464,0.00209258,25963,46485,91459,1.79043,3.52267,101,101,100,2,5,2,4,11340.1,11328.8,11328.8,-0.0124864,-0.0114777,-0.0114777,0.000996234,0.000996234,3139,2719,3525,0.120903,0.104726,0.13577,0.866199,1.12297,109,109,109,4,7,4,5
350,5,0.2,70,12244.5,12239.8,12239.8,0.000382778,0.000382778,12912,24153,46050,1.87059,3.56645,57,57,57,3,3,3,3,12266.5,12264.2,12264.2,-0.00180088,-0.00160949,-0.00160949,0.000191045,0.000191045,2102,2315,2241,0.162794,0.179291,0.173559,1.10133,1.06613,58,58,58,1,1,1,1
350,6,0.2,70,13344.6,13339.9,13330.8,0.000351221,0.0010338,19481,34918,69537,1.79241,3.56948,76,76,73,2,3,2,3,13437.1,13325.1,13325.1,-0.00692961,0.00145978,0.00145978,0.00833165,0.00833165,2426,2307,3264,0.124532,0.118423,0.167548,0.950948,1.34542,80,80,80,3,5,3,3
350,7,0.2,70,11833.9,11827.3,11824,0.000562826,0.000836003,28830,45113,90324,1.56479,3.13299,83,83,84,3,3,3,3,12113.8,12105.7,12096.2,-0.0236511,-0.0229613,-0.0221586,0.000673848,0.00145802,2159,2659,3493,0.0748873,0.0922303,0.121159,1.23159,1.61788,80,80,82,3,3,3,3
350,8,0.2,70,12133.1,12127.1,12187.6,0.000490843,-0.0044945,27099,46452,77382,1.71416,2.85553,114,114,102,1,3,1,3,12262.1,12256.2,12256.2,-0.0106366,-0.0101458,-0.0101458,0.000485677,0.000485677,4637,3518,4387,0.171113,0.12982,0.161888,0.75868,0.946086,115,115,114,1,1,1,1
350,9,0.2,70,13492.4,13480.4,13450.6,0.000886661,0.00310053,20812,42496,83218,2.0419,3.99856,130,130,134,5,4,5,2,13612.3,13571.5,13571.2,-0.00888756,-0.00586238,-0.00583799,0.00299854,0.00302271,2576,2930,3032,0.123775,0.140784,0.145685,1.13742,1.17702,124,124,125,6,7,6,6
350,10,0.2,70,11995.9,11971.7,11851.5,0.00202328,0.0120436,17792,32137,63822,1.80626,3.58712,68,68,69,8,8,9,11,12053,12020.2,11884.1,-0.00475411,-0.0020235,0.00932408,0.00271768,0.0140116,3408,3090,8887,0.191547,0.173674,0.499494,0.90669,2.60769,68,68,81,6,8,9,6
